[     869ms] [INFO] %cDownload the React DevTools for a better development experience: https://react.dev/link/react-devtools font-weight:bold @ http://localhost:3000/_next/static/chunks/node_modules_next_dist_1e8vcs8._.js:776
[     942ms] [LOG] [HMR] connected @ http://localhost:3000/_next/static/chunks/node_modules_next_dist_1e8vcs8._.js:776
[  245345ms] [LOG] [Fast Refresh] rebuilding @ http://localhost:3000/_next/static/chunks/node_modules_next_dist_1e8vcs8._.js:776
[  245670ms] [LOG] [Fast Refresh] done in 430ms @ http://localhost:3000/_next/static/chunks/node_modules_next_dist_1e8vcs8._.js:776
[  247401ms] [ERROR] %c%s%c background: #e6e6e6;background: light-dark(rgba(0,0,0,0.1), rgba(255,255,255,0.25));color: #000000;color: light-dark(#000000, #ffffff);border-radius: 2px  Server   Error: MISSING_MESSAGE: Could not resolve `language.matchesPreferredLanguage` in messages for locale `en`.
    at renderMatchMessage (about://React/Server/D:%5C%D0%BF%D1%80%D0%BE%D0%B5%D0%BA%D1%82%D1%8B%5CUnikchoose%5C.next%5Cdev%5Cserver%5Cchunks%5Cssr%5C%5Broot-of-the-server%5D__1622ik9._.js?65:822:12)
    at <anonymous> (about://React/Server/D:%5C%D0%BF%D1%80%D0%BE%D0%B5%D0%BA%D1%82%D1%8B%5CUnikchoose%5C.next%5Cdev%5Cserver%5Cchunks%5Cssr%5C%5Broot-of-the-server%5D__1622ik9._.js?66:1056:211)
    at Array.map (<anonymous>:1:18)
    at ProgrammeCard (about://React/Server/D:%5C%D0%BF%D1%80%D0%BE%D0%B5%D0%BA%D1%82%D1%8B%5CUnikchoose%5C.next%5Cdev%5Cserver%5Cchunks%5Cssr%5C%5Broot-of-the-server%5D__1622ik9._.js?67:1043:50)
    at resolveErrorDev (http://localhost:3000/_next/static/chunks/node_modules_next_dist_compiled_react-server-dom-turbopack_164kp-6._.js:1937:105)
    at getOutlinedModel (http://localhost:3000/_next/static/chunks/node_modules_next_dist_compiled_react-server-dom-turbopack_164kp-6._.js:1487:28)
    at parseModelString (http://localhost:3000/_next/static/chunks/node_modules_next_dist_compiled_react-server-dom-turbopack_164kp-6._.js:1602:50)
    at reviveModel (http://localhost:3000/_next/static/chunks/node_modules_next_dist_compiled_react-server-dom-turbopack_164kp-6._.js:2544:66)
    at parseModel (http://localhost:3000/_next/static/chunks/node_modules_next_dist_compiled_react-server-dom-turbopack_164kp-6._.js:2539:16)
    at initializeModelChunk (http://localhost:3000/_next/static/chunks/node_modules_next_dist_compiled_react-server-dom-turbopack_164kp-6._.js:1100:25)
    at getOutlinedModel (http://localhost:3000/_next/static/chunks/node_modules_next_dist_compiled_react-server-dom-turbopack_164kp-6._.js:1423:17)
    at parseModelString (http://localhost:3000/_next/static/chunks/node_modules_next_dist_compiled_react-server-dom-turbopack_164kp-6._.js:1657:50)
    at reviveModel (http://localhost:3000/_next/static/chunks/node_modules_next_dist_compiled_react-server-dom-turbopack_164kp-6._.js:2544:66)
    at reviveModel (http://localhost:3000/_next/static/chunks/node_modules_next_dist_compiled_react-server-dom-turbopack_164kp-6._.js:2547:61)
    at parseModel (http://localhost:3000/_next/static/chunks/node_modules_next_dist_compiled_react-server-dom-turbopack_164kp-6._.js:2539:16)
    at initializeModelChunk (http://localhost:3000/_next/static/chunks/node_modules_next_dist_compiled_react-server-dom-turbopack_164kp-6._.js:1100:25)
    at resolveConsoleEntry (http://localhost:3000/_next/static/chunks/node_modules_next_dist_compiled_react-server-dom-turbopack_164kp-6._.js:2069:96)
    at processFullStringRow (http://localhost:3000/_next/static/chunks/node_modules_next_dist_compiled_react-server-dom-turbopack_164kp-6._.js:2475:17)
    at processFullBinaryRow (http://localhost:3000/_next/static/chunks/node_modules_next_dist_compiled_react-server-dom-turbopack_164kp-6._.js:2415:9)
    at processBinaryChunk (http://localhost:3000/_next/static/chunks/node_modules_next_dist_compiled_react-server-dom-turbopack_164kp-6._.js:2524:221)
    at progress (http://localhost:3000/_next/static/chunks/node_modules_next_dist_compiled_react-server-dom-turbopack_164kp-6._.js:2698:20) @ http://localhost:3000/_next/static/chunks/node_modules_next_dist_1e8vcs8._.js:1052
[  247402ms] [ERROR] %c%s%c background: #e6e6e6;background: light-dark(rgba(0,0,0,0.1), rgba(255,255,255,0.25));color: #000000;color: light-dark(#000000, #ffffff);border-radius: 2px  Server   Error: MISSING_MESSAGE: Could not resolve `admission.noEntranceExam` in messages for locale `en`.
    at renderMatchMessage (about://React/Server/D:%5C%D0%BF%D1%80%D0%BE%D0%B5%D0%BA%D1%82%D1%8B%5CUnikchoose%5C.next%5Cdev%5Cserver%5Cchunks%5Cssr%5C%5Broot-of-the-server%5D__1622ik9._.js?65:822:12)
    at <anonymous> (about://React/Server/D:%5C%D0%BF%D1%80%D0%BE%D0%B5%D0%BA%D1%82%D1%8B%5CUnikchoose%5C.next%5Cdev%5Cserver%5Cchunks%5Cssr%5C%5Broot-of-the-server%5D__1622ik9._.js?66:1056:211)
    at Array.map (<anonymous>:1:18)
    at ProgrammeCard (about://React/Server/D:%5C%D0%BF%D1%80%D0%BE%D0%B5%D0%BA%D1%82%D1%8B%5CUnikchoose%5C.next%5Cdev%5Cserver%5Cchunks%5Cssr%5C%5Broot-of-the-server%5D__1622ik9._.js?67:1043:50)
    at resolveErrorDev (http://localhost:3000/_next/static/chunks/node_modules_next_dist_compiled_react-server-dom-turbopack_164kp-6._.js:1937:105)
    at getOutlinedModel (http://localhost:3000/_next/static/chunks/node_modules_next_dist_compiled_react-server-dom-turbopack_164kp-6._.js:1487:28)
    at parseModelString (http://localhost:3000/_next/static/chunks/node_modules_next_dist_compiled_react-server-dom-turbopack_164kp-6._.js:1602:50)
    at reviveModel (http://localhost:3000/_next/static/chunks/node_modules_next_dist_compiled_react-server-dom-turbopack_164kp-6._.js:2544:66)
    at parseModel (http://localhost:3000/_next/static/chunks/node_modules_next_dist_compiled_react-server-dom-turbopack_164kp-6._.js:2539:16)
    at initializeModelChunk (http://localhost:3000/_next/static/chunks/node_modules_next_dist_compiled_react-server-dom-turbopack_164kp-6._.js:1100:25)
    at getOutlinedModel (http://localhost:3000/_next/static/chunks/node_modules_next_dist_compiled_react-server-dom-turbopack_164kp-6._.js:1423:17)
    at parseModelString (http://localhost:3000/_next/static/chunks/node_modules_next_dist_compiled_react-server-dom-turbopack_164kp-6._.js:1657:50)
    at reviveModel (http://localhost:3000/_next/static/chunks/node_modules_next_dist_compiled_react-server-dom-turbopack_164kp-6._.js:2544:66)
    at reviveModel (http://localhost:3000/_next/static/chunks/node_modules_next_dist_compiled_react-server-dom-turbopack_164kp-6._.js:2547:61)
    at parseModel (http://localhost:3000/_next/static/chunks/node_modules_next_dist_compiled_react-server-dom-turbopack_164kp-6._.js:2539:16)
    at initializeModelChunk (http://localhost:3000/_next/static/chunks/node_modules_next_dist_compiled_react-server-dom-turbopack_164kp-6._.js:1100:25)
    at resolveConsoleEntry (http://localhost:3000/_next/static/chunks/node_modules_next_dist_compiled_react-server-dom-turbopack_164kp-6._.js:2069:96)
    at processFullStringRow (http://localhost:3000/_next/static/chunks/node_modules_next_dist_compiled_react-server-dom-turbopack_164kp-6._.js:2475:17)
    at processFullBinaryRow (http://localhost:3000/_next/static/chunks/node_modules_next_dist_compiled_react-server-dom-turbopack_164kp-6._.js:2415:9)
    at processBinaryChunk (http://localhost:3000/_next/static/chunks/node_modules_next_dist_compiled_react-server-dom-turbopack_164kp-6._.js:2524:221)
    at progress (http://localhost:3000/_next/static/chunks/node_modules_next_dist_compiled_react-server-dom-turbopack_164kp-6._.js:2698:20) @ http://localhost:3000/_next/static/chunks/node_modules_next_dist_1e8vcs8._.js:1052
[  247402ms] [ERROR] %c%s%c background: #e6e6e6;background: light-dark(rgba(0,0,0,0.1), rgba(255,255,255,0.25));color: #000000;color: light-dark(#000000, #ffffff);border-radius: 2px  Server   Error: MISSING_MESSAGE: Could not resolve `budget.missingBudget` in messages for locale `en`.
    at renderMatchMessage (about://React/Server/D:%5C%D0%BF%D1%80%D0%BE%D0%B5%D0%BA%D1%82%D1%8B%5CUnikchoose%5C.next%5Cdev%5Cserver%5Cchunks%5Cssr%5C%5Broot-of-the-server%5D__1622ik9._.js?65:822:12)
    at ProgrammeCard (about://React/Server/D:%5C%D0%BF%D1%80%D0%BE%D0%B5%D0%BA%D1%82%D1%8B%5CUnikchoose%5C.next%5Cdev%5Cserver%5Cchunks%5Cssr%5C%5Broot-of-the-server%5D__1622ik9._.js?70:1102:203)
    at resolveErrorDev (http://localhost:3000/_next/static/chunks/node_modules_next_dist_compiled_react-server-dom-turbopack_164kp-6._.js:1937:105)
    at getOutlinedModel (http://localhost:3000/_next/static/chunks/node_modules_next_dist_compiled_react-server-dom-turbopack_164kp-6._.js:1487:28)
    at parseModelString (http://localhost:3000/_next/static/chunks/node_modules_next_dist_compiled_react-server-dom-turbopack_164kp-6._.js:1602:50)
    at reviveModel (http://localhost:3000/_next/static/chunks/node_modules_next_dist_compiled_react-server-dom-turbopack_164kp-6._.js:2544:66)
    at parseModel (http://localhost:3000/_next/static/chunks/node_modules_next_dist_compiled_react-server-dom-turbopack_164kp-6._.js:2539:16)
    at initializeModelChunk (http://localhost:3000/_next/static/chunks/node_modules_next_dist_compiled_react-server-dom-turbopack_164kp-6._.js:1100:25)
    at getOutlinedModel (http://localhost:3000/_next/static/chunks/node_modules_next_dist_compiled_react-server-dom-turbopack_164kp-6._.js:1423:17)
    at parseModelString (http://localhost:3000/_next/static/chunks/node_modules_next_dist_compiled_react-server-dom-turbopack_164kp-6._.js:1657:50)
    at reviveModel (http://localhost:3000/_next/static/chunks/node_modules_next_dist_compiled_react-server-dom-turbopack_164kp-6._.js:2544:66)
    at reviveModel (http://localhost:3000/_next/static/chunks/node_modules_next_dist_compiled_react-server-dom-turbopack_164kp-6._.js:2547:61)
    at parseModel (http://localhost:3000/_next/static/chunks/node_modules_next_dist_compiled_react-server-dom-turbopack_164kp-6._.js:2539:16)
    at initializeModelChunk (http://localhost:3000/_next/static/chunks/node_modules_next_dist_compiled_react-server-dom-turbopack_164kp-6._.js:1100:25)
    at resolveConsoleEntry (http://localhost:3000/_next/static/chunks/node_modules_next_dist_compiled_react-server-dom-turbopack_164kp-6._.js:2069:96)
    at processFullStringRow (http://localhost:3000/_next/static/chunks/node_modules_next_dist_compiled_react-server-dom-turbopack_164kp-6._.js:2475:17)
    at processFullBinaryRow (http://localhost:3000/_next/static/chunks/node_modules_next_dist_compiled_react-server-dom-turbopack_164kp-6._.js:2415:9)
    at processBinaryChunk (http://localhost:3000/_next/static/chunks/node_modules_next_dist_compiled_react-server-dom-turbopack_164kp-6._.js:2524:221)
    at progress (http://localhost:3000/_next/static/chunks/node_modules_next_dist_compiled_react-server-dom-turbopack_164kp-6._.js:2698:20) @ http://localhost:3000/_next/static/chunks/node_modules_next_dist_1e8vcs8._.js:1052
[  247403ms] [ERROR] %c%s%c background: #e6e6e6;background: light-dark(rgba(0,0,0,0.1), rgba(255,255,255,0.25));color: #000000;color: light-dark(#000000, #ffffff);border-radius: 2px  Server   Error: MISSING_MESSAGE: Could not resolve `location.missingLocationPreference` in messages for locale `en`.
    at renderMatchMessage (about://React/Server/D:%5C%D0%BF%D1%80%D0%BE%D0%B5%D0%BA%D1%82%D1%8B%5CUnikchoose%5C.next%5Cdev%5Cserver%5Cchunks%5Cssr%5C%5Broot-of-the-server%5D__1622ik9._.js?65:822:12)
    at <anonymous> (about://React/Server/D:%5C%D0%BF%D1%80%D0%BE%D0%B5%D0%BA%D1%82%D1%8B%5CUnikchoose%5C.next%5Cdev%5Cserver%5Cchunks%5Cssr%5C%5Broot-of-the-server%5D__1622ik9._.js?71:1378:227)
    at Array.map (<anonymous>:1:18)
    at ProgrammeCard (about://React/Server/D:%5C%D0%BF%D1%80%D0%BE%D0%B5%D0%BA%D1%82%D1%8B%5CUnikchoose%5C.next%5Cdev%5Cserver%5Cchunks%5Cssr%5C%5Broot-of-the-server%5D__1622ik9._.js?72:1365:64)
    at resolveErrorDev (http://localhost:3000/_next/static/chunks/node_modules_next_dist_compiled_react-server-dom-turbopack_164kp-6._.js:1937:105)
    at getOutlinedModel (http://localhost:3000/_next/static/chunks/node_modules_next_dist_compiled_react-server-dom-turbopack_164kp-6._.js:1487:28)
    at parseModelString (http://localhost:3000/_next/static/chunks/node_modules_next_dist_compiled_react-server-dom-turbopack_164kp-6._.js:1602:50)
    at reviveModel (http://localhost:3000/_next/static/chunks/node_modules_next_dist_compiled_react-server-dom-turbopack_164kp-6._.js:2544:66)
    at parseModel (http://localhost:3000/_next/static/chunks/node_modules_next_dist_compiled_react-server-dom-turbopack_164kp-6._.js:2539:16)
    at initializeModelChunk (http://localhost:3000/_next/static/chunks/node_modules_next_dist_compiled_react-server-dom-turbopack_164kp-6._.js:1100:25)
    at getOutlinedModel (http://localhost:3000/_next/static/chunks/node_modules_next_dist_compiled_react-server-dom-turbopack_164kp-6._.js:1423:17)
    at parseModelString (http://localhost:3000/_next/static/chunks/node_modules_next_dist_compiled_react-server-dom-turbopack_164kp-6._.js:1657:50)
    at reviveModel (http://localhost:3000/_next/static/chunks/node_modules_next_dist_compiled_react-server-dom-turbopack_164kp-6._.js:2544:66)
    at reviveModel (http://localhost:3000/_next/static/chunks/node_modules_next_dist_compiled_react-server-dom-turbopack_164kp-6._.js:2547:61)
    at parseModel (http://localhost:3000/_next/static/chunks/node_modules_next_dist_compiled_react-server-dom-turbopack_164kp-6._.js:2539:16)
    at initializeModelChunk (http://localhost:3000/_next/static/chunks/node_modules_next_dist_compiled_react-server-dom-turbopack_164kp-6._.js:1100:25)
    at resolveConsoleEntry (http://localhost:3000/_next/static/chunks/node_modules_next_dist_compiled_react-server-dom-turbopack_164kp-6._.js:2069:96)
    at processFullStringRow (http://localhost:3000/_next/static/chunks/node_modules_next_dist_compiled_react-server-dom-turbopack_164kp-6._.js:2475:17)
    at processFullBinaryRow (http://localhost:3000/_next/static/chunks/node_modules_next_dist_compiled_react-server-dom-turbopack_164kp-6._.js:2415:9)
    at processBinaryChunk (http://localhost:3000/_next/static/chunks/node_modules_next_dist_compiled_react-server-dom-turbopack_164kp-6._.js:2524:221)
    at progress (http://localhost:3000/_next/static/chunks/node_modules_next_dist_compiled_react-server-dom-turbopack_164kp-6._.js:2698:20) @ http://localhost:3000/_next/static/chunks/node_modules_next_dist_1e8vcs8._.js:1052
[  247403ms] [ERROR] %c%s%c background: #e6e6e6;background: light-dark(rgba(0,0,0,0.1), rgba(255,255,255,0.25));color: #000000;color: light-dark(#000000, #ffffff);border-radius: 2px  Server   Error: MISSING_MESSAGE: Could not resolve `career.missingData` in messages for locale `en`.
    at renderMatchMessage (about://React/Server/D:%5C%D0%BF%D1%80%D0%BE%D0%B5%D0%BA%D1%82%D1%8B%5CUnikchoose%5C.next%5Cdev%5Cserver%5Cchunks%5Cssr%5C%5Broot-of-the-server%5D__1622ik9._.js?65:822:12)
    at <anonymous> (about://React/Server/D:%5C%D0%BF%D1%80%D0%BE%D0%B5%D0%BA%D1%82%D1%8B%5CUnikchoose%5C.next%5Cdev%5Cserver%5Cchunks%5Cssr%5C%5Broot-of-the-server%5D__1622ik9._.js?71:1378:227)
    at Array.map (<anonymous>:1:18)
    at ProgrammeCard (about://React/Server/D:%5C%D0%BF%D1%80%D0%BE%D0%B5%D0%BA%D1%82%D1%8B%5CUnikchoose%5C.next%5Cdev%5Cserver%5Cchunks%5Cssr%5C%5Broot-of-the-server%5D__1622ik9._.js?72:1365:64)
    at resolveErrorDev (http://localhost:3000/_next/static/chunks/node_modules_next_dist_compiled_react-server-dom-turbopack_164kp-6._.js:1937:105)
    at getOutlinedModel (http://localhost:3000/_next/static/chunks/node_modules_next_dist_compiled_react-server-dom-turbopack_164kp-6._.js:1487:28)
    at parseModelString (http://localhost:3000/_next/static/chunks/node_modules_next_dist_compiled_react-server-dom-turbopack_164kp-6._.js:1602:50)
    at reviveModel (http://localhost:3000/_next/static/chunks/node_modules_next_dist_compiled_react-server-dom-turbopack_164kp-6._.js:2544:66)
    at parseModel (http://localhost:3000/_next/static/chunks/node_modules_next_dist_compiled_react-server-dom-turbopack_164kp-6._.js:2539:16)
    at initializeModelChunk (http://localhost:3000/_next/static/chunks/node_modules_next_dist_compiled_react-server-dom-turbopack_164kp-6._.js:1100:25)
    at getOutlinedModel (http://localhost:3000/_next/static/chunks/node_modules_next_dist_compiled_react-server-dom-turbopack_164kp-6._.js:1423:17)
    at parseModelString (http://localhost:3000/_next/static/chunks/node_modules_next_dist_compiled_react-server-dom-turbopack_164kp-6._.js:1657:50)
    at reviveModel (http://localhost:3000/_next/static/chunks/node_modules_next_dist_compiled_react-server-dom-turbopack_164kp-6._.js:2544:66)
    at reviveModel (http://localhost:3000/_next/static/chunks/node_modules_next_dist_compiled_react-server-dom-turbopack_164kp-6._.js:2547:61)
    at parseModel (http://localhost:3000/_next/static/chunks/node_modules_next_dist_compiled_react-server-dom-turbopack_164kp-6._.js:2539:16)
    at initializeModelChunk (http://localhost:3000/_next/static/chunks/node_modules_next_dist_compiled_react-server-dom-turbopack_164kp-6._.js:1100:25)
    at resolveConsoleEntry (http://localhost:3000/_next/static/chunks/node_modules_next_dist_compiled_react-server-dom-turbopack_164kp-6._.js:2069:96)
    at processFullStringRow (http://localhost:3000/_next/static/chunks/node_modules_next_dist_compiled_react-server-dom-turbopack_164kp-6._.js:2475:17)
    at processFullBinaryRow (http://localhost:3000/_next/static/chunks/node_modules_next_dist_compiled_react-server-dom-turbopack_164kp-6._.js:2415:9)
    at processBinaryChunk (http://localhost:3000/_next/static/chunks/node_modules_next_dist_compiled_react-server-dom-turbopack_164kp-6._.js:2524:221)
    at progress (http://localhost:3000/_next/static/chunks/node_modules_next_dist_compiled_react-server-dom-turbopack_164kp-6._.js:2698:20) @ http://localhost:3000/_next/static/chunks/node_modules_next_dist_1e8vcs8._.js:1052
[  247403ms] [ERROR] %c%s%c background: #e6e6e6;background: light-dark(rgba(0,0,0,0.1), rgba(255,255,255,0.25));color: #000000;color: light-dark(#000000, #ffffff);border-radius: 2px  Server   Error: MISSING_MESSAGE: Could not resolve `format.missingData` in messages for locale `en`.
    at renderMatchMessage (about://React/Server/D:%5C%D0%BF%D1%80%D0%BE%D0%B5%D0%BA%D1%82%D1%8B%5CUnikchoose%5C.next%5Cdev%5Cserver%5Cchunks%5Cssr%5C%5Broot-of-the-server%5D__1622ik9._.js?65:822:12)
    at <anonymous> (about://React/Server/D:%5C%D0%BF%D1%80%D0%BE%D0%B5%D0%BA%D1%82%D1%8B%5CUnikchoose%5C.next%5Cdev%5Cserver%5Cchunks%5Cssr%5C%5Broot-of-the-server%5D__1622ik9._.js?71:1378:227)
    at Array.map (<anonymous>:1:18)
    at ProgrammeCard (about://React/Server/D:%5C%D0%BF%D1%80%D0%BE%D0%B5%D0%BA%D1%82%D1%8B%5CUnikchoose%5C.next%5Cdev%5Cserver%5Cchunks%5Cssr%5C%5Broot-of-the-server%5D__1622ik9._.js?72:1365:64)
    at resolveErrorDev (http://localhost:3000/_next/static/chunks/node_modules_next_dist_compiled_react-server-dom-turbopack_164kp-6._.js:1937:105)
    at getOutlinedModel (http://localhost:3000/_next/static/chunks/node_modules_next_dist_compiled_react-server-dom-turbopack_164kp-6._.js:1487:28)
    at parseModelString (http://localhost:3000/_next/static/chunks/node_modules_next_dist_compiled_react-server-dom-turbopack_164kp-6._.js:1602:50)
    at reviveModel (http://localhost:3000/_next/static/chunks/node_modules_next_dist_compiled_react-server-dom-turbopack_164kp-6._.js:2544:66)
    at parseModel (http://localhost:3000/_next/static/chunks/node_modules_next_dist_compiled_react-server-dom-turbopack_164kp-6._.js:2539:16)
    at initializeModelChunk (http://localhost:3000/_next/static/chunks/node_modules_next_dist_compiled_react-server-dom-turbopack_164kp-6._.js:1100:25)
    at getOutlinedModel (http://localhost:3000/_next/static/chunks/node_modules_next_dist_compiled_react-server-dom-turbopack_164kp-6._.js:1423:17)
    at parseModelString (http://localhost:3000/_next/static/chunks/node_modules_next_dist_compiled_react-server-dom-turbopack_164kp-6._.js:1657:50)
    at reviveModel (http://localhost:3000/_next/static/chunks/node_modules_next_dist_compiled_react-server-dom-turbopack_164kp-6._.js:2544:66)
    at reviveModel (http://localhost:3000/_next/static/chunks/node_modules_next_dist_compiled_react-server-dom-turbopack_164kp-6._.js:2547:61)
    at parseModel (http://localhost:3000/_next/static/chunks/node_modules_next_dist_compiled_react-server-dom-turbopack_164kp-6._.js:2539:16)
    at initializeModelChunk (http://localhost:3000/_next/static/chunks/node_modules_next_dist_compiled_react-server-dom-turbopack_164kp-6._.js:1100:25)
    at resolveConsoleEntry (http://localhost:3000/_next/static/chunks/node_modules_next_dist_compiled_react-server-dom-turbopack_164kp-6._.js:2069:96)
    at processFullStringRow (http://localhost:3000/_next/static/chunks/node_modules_next_dist_compiled_react-server-dom-turbopack_164kp-6._.js:2475:17)
    at processFullBinaryRow (http://localhost:3000/_next/static/chunks/node_modules_next_dist_compiled_react-server-dom-turbopack_164kp-6._.js:2415:9)
    at processBinaryChunk (http://localhost:3000/_next/static/chunks/node_modules_next_dist_compiled_react-server-dom-turbopack_164kp-6._.js:2524:221)
    at progress (http://localhost:3000/_next/static/chunks/node_modules_next_dist_compiled_react-server-dom-turbopack_164kp-6._.js:2698:20) @ http://localhost:3000/_next/static/chunks/node_modules_next_dist_1e8vcs8._.js:1052
[  247403ms] [ERROR] %c%s%c background: #e6e6e6;background: light-dark(rgba(0,0,0,0.1), rgba(255,255,255,0.25));color: #000000;color: light-dark(#000000, #ffffff);border-radius: 2px  Server   Error: MISSING_MESSAGE: Could not resolve `lifestyle.missingData` in messages for locale `en`.
    at renderMatchMessage (about://React/Server/D:%5C%D0%BF%D1%80%D0%BE%D0%B5%D0%BA%D1%82%D1%8B%5CUnikchoose%5C.next%5Cdev%5Cserver%5Cchunks%5Cssr%5C%5Broot-of-the-server%5D__1622ik9._.js?65:822:12)
    at <anonymous> (about://React/Server/D:%5C%D0%BF%D1%80%D0%BE%D0%B5%D0%BA%D1%82%D1%8B%5CUnikchoose%5C.next%5Cdev%5Cserver%5Cchunks%5Cssr%5C%5Broot-of-the-server%5D__1622ik9._.js?71:1378:227)
    at Array.map (<anonymous>:1:18)
    at ProgrammeCard (about://React/Server/D:%5C%D0%BF%D1%80%D0%BE%D0%B5%D0%BA%D1%82%D1%8B%5CUnikchoose%5C.next%5Cdev%5Cserver%5Cchunks%5Cssr%5C%5Broot-of-the-server%5D__1622ik9._.js?72:1365:64)
    at resolveErrorDev (http://localhost:3000/_next/static/chunks/node_modules_next_dist_compiled_react-server-dom-turbopack_164kp-6._.js:1937:105)
    at getOutlinedModel (http://localhost:3000/_next/static/chunks/node_modules_next_dist_compiled_react-server-dom-turbopack_164kp-6._.js:1487:28)
    at parseModelString (http://localhost:3000/_next/static/chunks/node_modules_next_dist_compiled_react-server-dom-turbopack_164kp-6._.js:1602:50)
    at reviveModel (http://localhost:3000/_next/static/chunks/node_modules_next_dist_compiled_react-server-dom-turbopack_164kp-6._.js:2544:66)
    at parseModel (http://localhost:3000/_next/static/chunks/node_modules_next_dist_compiled_react-server-dom-turbopack_164kp-6._.js:2539:16)
    at initializeModelChunk (http://localhost:3000/_next/static/chunks/node_modules_next_dist_compiled_react-server-dom-turbopack_164kp-6._.js:1100:25)
    at getOutlinedModel (http://localhost:3000/_next/static/chunks/node_modules_next_dist_compiled_react-server-dom-turbopack_164kp-6._.js:1423:17)
    at parseModelString (http://localhost:3000/_next/static/chunks/node_modules_next_dist_compiled_react-server-dom-turbopack_164kp-6._.js:1657:50)
    at reviveModel (http://localhost:3000/_next/static/chunks/node_modules_next_dist_compiled_react-server-dom-turbopack_164kp-6._.js:2544:66)
    at reviveModel (http://localhost:3000/_next/static/chunks/node_modules_next_dist_compiled_react-server-dom-turbopack_164kp-6._.js:2547:61)
    at parseModel (http://localhost:3000/_next/static/chunks/node_modules_next_dist_compiled_react-server-dom-turbopack_164kp-6._.js:2539:16)
    at initializeModelChunk (http://localhost:3000/_next/static/chunks/node_modules_next_dist_compiled_react-server-dom-turbopack_164kp-6._.js:1100:25)
    at resolveConsoleEntry (http://localhost:3000/_next/static/chunks/node_modules_next_dist_compiled_react-server-dom-turbopack_164kp-6._.js:2069:96)
    at processFullStringRow (http://localhost:3000/_next/static/chunks/node_modules_next_dist_compiled_react-server-dom-turbopack_164kp-6._.js:2475:17)
    at processFullBinaryRow (http://localhost:3000/_next/static/chunks/node_modules_next_dist_compiled_react-server-dom-turbopack_164kp-6._.js:2415:9)
    at processBinaryChunk (http://localhost:3000/_next/static/chunks/node_modules_next_dist_compiled_react-server-dom-turbopack_164kp-6._.js:2524:221)
    at progress (http://localhost:3000/_next/static/chunks/node_modules_next_dist_compiled_react-server-dom-turbopack_164kp-6._.js:2698:20) @ http://localhost:3000/_next/static/chunks/node_modules_next_dist_1e8vcs8._.js:1052
[  247403ms] [ERROR] %c%s%c background: #e6e6e6;background: light-dark(rgba(0,0,0,0.1), rgba(255,255,255,0.25));color: #000000;color: light-dark(#000000, #ffffff);border-radius: 2px  Server   Error: MISSING_MESSAGE: Could not resolve `language.matchesPreferredLanguage` in messages for locale `en`.
    at renderMatchMessage (about://React/Server/D:%5C%D0%BF%D1%80%D0%BE%D0%B5%D0%BA%D1%82%D1%8B%5CUnikchoose%5C.next%5Cdev%5Cserver%5Cchunks%5Cssr%5C%5Broot-of-the-server%5D__1622ik9._.js?65:822:12)
    at <anonymous> (about://React/Server/D:%5C%D0%BF%D1%80%D0%BE%D0%B5%D0%BA%D1%82%D1%8B%5CUnikchoose%5C.next%5Cdev%5Cserver%5Cchunks%5Cssr%5C%5Broot-of-the-server%5D__1622ik9._.js?66:1056:211)
    at Array.map (<anonymous>:1:18)
    at ProgrammeCard (about://React/Server/D:%5C%D0%BF%D1%80%D0%BE%D0%B5%D0%BA%D1%82%D1%8B%5CUnikchoose%5C.next%5Cdev%5Cserver%5Cchunks%5Cssr%5C%5Broot-of-the-server%5D__1622ik9._.js?67:1043:50)
    at resolveErrorDev (http://localhost:3000/_next/static/chunks/node_modules_next_dist_compiled_react-server-dom-turbopack_164kp-6._.js:1937:105)
    at getOutlinedModel (http://localhost:3000/_next/static/chunks/node_modules_next_dist_compiled_react-server-dom-turbopack_164kp-6._.js:1487:28)
    at parseModelString (http://localhost:3000/_next/static/chunks/node_modules_next_dist_compiled_react-server-dom-turbopack_164kp-6._.js:1602:50)
    at reviveModel (http://localhost:3000/_next/static/chunks/node_modules_next_dist_compiled_react-server-dom-turbopack_164kp-6._.js:2544:66)
    at parseModel (http://localhost:3000/_next/static/chunks/node_modules_next_dist_compiled_react-server-dom-turbopack_164kp-6._.js:2539:16)
    at initializeModelChunk (http://localhost:3000/_next/static/chunks/node_modules_next_dist_compiled_react-server-dom-turbopack_164kp-6._.js:1100:25)
    at getOutlinedModel (http://localhost:3000/_next/static/chunks/node_modules_next_dist_compiled_react-server-dom-turbopack_164kp-6._.js:1423:17)
    at parseModelString (http://localhost:3000/_next/static/chunks/node_modules_next_dist_compiled_react-server-dom-turbopack_164kp-6._.js:1657:50)
    at reviveModel (http://localhost:3000/_next/static/chunks/node_modules_next_dist_compiled_react-server-dom-turbopack_164kp-6._.js:2544:66)
    at reviveModel (http://localhost:3000/_next/static/chunks/node_modules_next_dist_compiled_react-server-dom-turbopack_164kp-6._.js:2547:61)
    at parseModel (http://localhost:3000/_next/static/chunks/node_modules_next_dist_compiled_react-server-dom-turbopack_164kp-6._.js:2539:16)
    at initializeModelChunk (http://localhost:3000/_next/static/chunks/node_modules_next_dist_compiled_react-server-dom-turbopack_164kp-6._.js:1100:25)
    at resolveConsoleEntry (http://localhost:3000/_next/static/chunks/node_modules_next_dist_compiled_react-server-dom-turbopack_164kp-6._.js:2069:96)
    at processFullStringRow (http://localhost:3000/_next/static/chunks/node_modules_next_dist_compiled_react-server-dom-turbopack_164kp-6._.js:2475:17)
    at processFullBinaryRow (http://localhost:3000/_next/static/chunks/node_modules_next_dist_compiled_react-server-dom-turbopack_164kp-6._.js:2415:9)
    at processBinaryChunk (http://localhost:3000/_next/static/chunks/node_modules_next_dist_compiled_react-server-dom-turbopack_164kp-6._.js:2524:221)
    at progress (http://localhost:3000/_next/static/chunks/node_modules_next_dist_compiled_react-server-dom-turbopack_164kp-6._.js:2698:20) @ http://localhost:3000/_next/static/chunks/node_modules_next_dist_1e8vcs8._.js:1052
[  247404ms] [ERROR] %c%s%c background: #e6e6e6;background: light-dark(rgba(0,0,0,0.1), rgba(255,255,255,0.25));color: #000000;color: light-dark(#000000, #ffffff);border-radius: 2px  Server   Error: MISSING_MESSAGE: Could not resolve `admission.noEntranceExam` in messages for locale `en`.
    at renderMatchMessage (about://React/Server/D:%5C%D0%BF%D1%80%D0%BE%D0%B5%D0%BA%D1%82%D1%8B%5CUnikchoose%5C.next%5Cdev%5Cserver%5Cchunks%5Cssr%5C%5Broot-of-the-server%5D__1622ik9._.js?65:822:12)
    at <anonymous> (about://React/Server/D:%5C%D0%BF%D1%80%D0%BE%D0%B5%D0%BA%D1%82%D1%8B%5CUnikchoose%5C.next%5Cdev%5Cserver%5Cchunks%5Cssr%5C%5Broot-of-the-server%5D__1622ik9._.js?66:1056:211)
    at Array.map (<anonymous>:1:18)
    at ProgrammeCard (about://React/Server/D:%5C%D0%BF%D1%80%D0%BE%D0%B5%D0%BA%D1%82%D1%8B%5CUnikchoose%5C.next%5Cdev%5Cserver%5Cchunks%5Cssr%5C%5Broot-of-the-server%5D__1622ik9._.js?67:1043:50)
    at resolveErrorDev (http://localhost:3000/_next/static/chunks/node_modules_next_dist_compiled_react-server-dom-turbopack_164kp-6._.js:1937:105)
    at getOutlinedModel (http://localhost:3000/_next/static/chunks/node_modules_next_dist_compiled_react-server-dom-turbopack_164kp-6._.js:1487:28)
    at parseModelString (http://localhost:3000/_next/static/chunks/node_modules_next_dist_compiled_react-server-dom-turbopack_164kp-6._.js:1602:50)
    at reviveModel (http://localhost:3000/_next/static/chunks/node_modules_next_dist_compiled_react-server-dom-turbopack_164kp-6._.js:2544:66)
    at parseModel (http://localhost:3000/_next/static/chunks/node_modules_next_dist_compiled_react-server-dom-turbopack_164kp-6._.js:2539:16)
    at initializeModelChunk (http://localhost:3000/_next/static/chunks/node_modules_next_dist_compiled_react-server-dom-turbopack_164kp-6._.js:1100:25)
    at getOutlinedModel (http://localhost:3000/_next/static/chunks/node_modules_next_dist_compiled_react-server-dom-turbopack_164kp-6._.js:1423:17)
    at parseModelString (http://localhost:3000/_next/static/chunks/node_modules_next_dist_compiled_react-server-dom-turbopack_164kp-6._.js:1657:50)
    at reviveModel (http://localhost:3000/_next/static/chunks/node_modules_next_dist_compiled_react-server-dom-turbopack_164kp-6._.js:2544:66)
    at reviveModel (http://localhost:3000/_next/static/chunks/node_modules_next_dist_compiled_react-server-dom-turbopack_164kp-6._.js:2547:61)
    at parseModel (http://localhost:3000/_next/static/chunks/node_modules_next_dist_compiled_react-server-dom-turbopack_164kp-6._.js:2539:16)
    at initializeModelChunk (http://localhost:3000/_next/static/chunks/node_modules_next_dist_compiled_react-server-dom-turbopack_164kp-6._.js:1100:25)
    at resolveConsoleEntry (http://localhost:3000/_next/static/chunks/node_modules_next_dist_compiled_react-server-dom-turbopack_164kp-6._.js:2069:96)
    at processFullStringRow (http://localhost:3000/_next/static/chunks/node_modules_next_dist_compiled_react-server-dom-turbopack_164kp-6._.js:2475:17)
    at processFullBinaryRow (http://localhost:3000/_next/static/chunks/node_modules_next_dist_compiled_react-server-dom-turbopack_164kp-6._.js:2415:9)
    at processBinaryChunk (http://localhost:3000/_next/static/chunks/node_modules_next_dist_compiled_react-server-dom-turbopack_164kp-6._.js:2524:221)
    at progress (http://localhost:3000/_next/static/chunks/node_modules_next_dist_compiled_react-server-dom-turbopack_164kp-6._.js:2698:20) @ http://localhost:3000/_next/static/chunks/node_modules_next_dist_1e8vcs8._.js:1052
[  247404ms] [ERROR] %c%s%c background: #e6e6e6;background: light-dark(rgba(0,0,0,0.1), rgba(255,255,255,0.25));color: #000000;color: light-dark(#000000, #ffffff);border-radius: 2px  Server   Error: MISSING_MESSAGE: Could not resolve `support.internationalOffice` in messages for locale `en`.
    at renderMatchMessage (about://React/Server/D:%5C%D0%BF%D1%80%D0%BE%D0%B5%D0%BA%D1%82%D1%8B%5CUnikchoose%5C.next%5Cdev%5Cserver%5Cchunks%5Cssr%5C%5Broot-of-the-server%5D__1622ik9._.js?65:822:12)
    at <anonymous> (about://React/Server/D:%5C%D0%BF%D1%80%D0%BE%D0%B5%D0%BA%D1%82%D1%8B%5CUnikchoose%5C.next%5Cdev%5Cserver%5Cchunks%5Cssr%5C%5Broot-of-the-server%5D__1622ik9._.js?66:1056:211)
    at Array.map (<anonymous>:1:18)
    at ProgrammeCard (about://React/Server/D:%5C%D0%BF%D1%80%D0%BE%D0%B5%D0%BA%D1%82%D1%8B%5CUnikchoose%5C.next%5Cdev%5Cserver%5Cchunks%5Cssr%5C%5Broot-of-the-server%5D__1622ik9._.js?67:1043:50)
    at resolveErrorDev (http://localhost:3000/_next/static/chunks/node_modules_next_dist_compiled_react-server-dom-turbopack_164kp-6._.js:1937:105)
    at getOutlinedModel (http://localhost:3000/_next/static/chunks/node_modules_next_dist_compiled_react-server-dom-turbopack_164kp-6._.js:1487:28)
    at parseModelString (http://localhost:3000/_next/static/chunks/node_modules_next_dist_compiled_react-server-dom-turbopack_164kp-6._.js:1602:50)
    at reviveModel (http://localhost:3000/_next/static/chunks/node_modules_next_dist_compiled_react-server-dom-turbopack_164kp-6._.js:2544:66)
    at parseModel (http://localhost:3000/_next/static/chunks/node_modules_next_dist_compiled_react-server-dom-turbopack_164kp-6._.js:2539:16)
    at initializeModelChunk (http://localhost:3000/_next/static/chunks/node_modules_next_dist_compiled_react-server-dom-turbopack_164kp-6._.js:1100:25)
    at getOutlinedModel (http://localhost:3000/_next/static/chunks/node_modules_next_dist_compiled_react-server-dom-turbopack_164kp-6._.js:1423:17)
    at parseModelString (http://localhost:3000/_next/static/chunks/node_modules_next_dist_compiled_react-server-dom-turbopack_164kp-6._.js:1657:50)
    at reviveModel (http://localhost:3000/_next/static/chunks/node_modules_next_dist_compiled_react-server-dom-turbopack_164kp-6._.js:2544:66)
    at reviveModel (http://localhost:3000/_next/static/chunks/node_modules_next_dist_compiled_react-server-dom-turbopack_164kp-6._.js:2547:61)
    at parseModel (http://localhost:3000/_next/static/chunks/node_modules_next_dist_compiled_react-server-dom-turbopack_164kp-6._.js:2539:16)
    at initializeModelChunk (http://localhost:3000/_next/static/chunks/node_modules_next_dist_compiled_react-server-dom-turbopack_164kp-6._.js:1100:25)
    at resolveConsoleEntry (http://localhost:3000/_next/static/chunks/node_modules_next_dist_compiled_react-server-dom-turbopack_164kp-6._.js:2069:96)
    at processFullStringRow (http://localhost:3000/_next/static/chunks/node_modules_next_dist_compiled_react-server-dom-turbopack_164kp-6._.js:2475:17)
    at processFullBinaryRow (http://localhost:3000/_next/static/chunks/node_modules_next_dist_compiled_react-server-dom-turbopack_164kp-6._.js:2415:9)
    at processBinaryChunk (http://localhost:3000/_next/static/chunks/node_modules_next_dist_compiled_react-server-dom-turbopack_164kp-6._.js:2524:221)
    at progress (http://localhost:3000/_next/static/chunks/node_modules_next_dist_compiled_react-server-dom-turbopack_164kp-6._.js:2698:20) @ http://localhost:3000/_next/static/chunks/node_modules_next_dist_1e8vcs8._.js:1052
[  247404ms] [ERROR] %c%s%c background: #e6e6e6;background: light-dark(rgba(0,0,0,0.1), rgba(255,255,255,0.25));color: #000000;color: light-dark(#000000, #ffffff);border-radius: 2px  Server   Error: MISSING_MESSAGE: Could not resolve `budget.missingBudget` in messages for locale `en`.
    at renderMatchMessage (about://React/Server/D:%5C%D0%BF%D1%80%D0%BE%D0%B5%D0%BA%D1%82%D1%8B%5CUnikchoose%5C.next%5Cdev%5Cserver%5Cchunks%5Cssr%5C%5Broot-of-the-server%5D__1622ik9._.js?65:822:12)
    at ProgrammeCard (about://React/Server/D:%5C%D0%BF%D1%80%D0%BE%D0%B5%D0%BA%D1%82%D1%8B%5CUnikchoose%5C.next%5Cdev%5Cserver%5Cchunks%5Cssr%5C%5Broot-of-the-server%5D__1622ik9._.js?70:1102:203)
    at resolveErrorDev (http://localhost:3000/_next/static/chunks/node_modules_next_dist_compiled_react-server-dom-turbopack_164kp-6._.js:1937:105)
    at getOutlinedModel (http://localhost:3000/_next/static/chunks/node_modules_next_dist_compiled_react-server-dom-turbopack_164kp-6._.js:1487:28)
    at parseModelString (http://localhost:3000/_next/static/chunks/node_modules_next_dist_compiled_react-server-dom-turbopack_164kp-6._.js:1602:50)
    at reviveModel (http://localhost:3000/_next/static/chunks/node_modules_next_dist_compiled_react-server-dom-turbopack_164kp-6._.js:2544:66)
    at parseModel (http://localhost:3000/_next/static/chunks/node_modules_next_dist_compiled_react-server-dom-turbopack_164kp-6._.js:2539:16)
    at initializeModelChunk (http://localhost:3000/_next/static/chunks/node_modules_next_dist_compiled_react-server-dom-turbopack_164kp-6._.js:1100:25)
    at getOutlinedModel (http://localhost:3000/_next/static/chunks/node_modules_next_dist_compiled_react-server-dom-turbopack_164kp-6._.js:1423:17)
    at parseModelString (http://localhost:3000/_next/static/chunks/node_modules_next_dist_compiled_react-server-dom-turbopack_164kp-6._.js:1657:50)
    at reviveModel (http://localhost:3000/_next/static/chunks/node_modules_next_dist_compiled_react-server-dom-turbopack_164kp-6._.js:2544:66)
    at reviveModel (http://localhost:3000/_next/static/chunks/node_modules_next_dist_compiled_react-server-dom-turbopack_164kp-6._.js:2547:61)
    at parseModel (http://localhost:3000/_next/static/chunks/node_modules_next_dist_compiled_react-server-dom-turbopack_164kp-6._.js:2539:16)
    at initializeModelChunk (http://localhost:3000/_next/static/chunks/node_modules_next_dist_compiled_react-server-dom-turbopack_164kp-6._.js:1100:25)
    at resolveConsoleEntry (http://localhost:3000/_next/static/chunks/node_modules_next_dist_compiled_react-server-dom-turbopack_164kp-6._.js:2069:96)
    at processFullStringRow (http://localhost:3000/_next/static/chunks/node_modules_next_dist_compiled_react-server-dom-turbopack_164kp-6._.js:2475:17)
    at processFullBinaryRow (http://localhost:3000/_next/static/chunks/node_modules_next_dist_compiled_react-server-dom-turbopack_164kp-6._.js:2415:9)
    at processBinaryChunk (http://localhost:3000/_next/static/chunks/node_modules_next_dist_compiled_react-server-dom-turbopack_164kp-6._.js:2524:221)
    at progress (http://localhost:3000/_next/static/chunks/node_modules_next_dist_compiled_react-server-dom-turbopack_164kp-6._.js:2698:20) @ http://localhost:3000/_next/static/chunks/node_modules_next_dist_1e8vcs8._.js:1052
[  247404ms] [ERROR] %c%s%c background: #e6e6e6;background: light-dark(rgba(0,0,0,0.1), rgba(255,255,255,0.25));color: #000000;color: light-dark(#000000, #ffffff);border-radius: 2px  Server   Error: MISSING_MESSAGE: Could not resolve `support.dormitory` in messages for locale `en`.
    at renderMatchMessage (about://React/Server/D:%5C%D0%BF%D1%80%D0%BE%D0%B5%D0%BA%D1%82%D1%8B%5CUnikchoose%5C.next%5Cdev%5Cserver%5Cchunks%5Cssr%5C%5Broot-of-the-server%5D__1622ik9._.js?65:822:12)
    at <anonymous> (about://React/Server/D:%5C%D0%BF%D1%80%D0%BE%D0%B5%D0%BA%D1%82%D1%8B%5CUnikchoose%5C.next%5Cdev%5Cserver%5Cchunks%5Cssr%5C%5Broot-of-the-server%5D__1622ik9._.js?73:1329:227)
    at Array.map (<anonymous>:1:18)
    at ProgrammeCard (about://React/Server/D:%5C%D0%BF%D1%80%D0%BE%D0%B5%D0%BA%D1%82%D1%8B%5CUnikchoose%5C.next%5Cdev%5Cserver%5Cchunks%5Cssr%5C%5Broot-of-the-server%5D__1622ik9._.js?74:1316:63)
    at resolveErrorDev (http://localhost:3000/_next/static/chunks/node_modules_next_dist_compiled_react-server-dom-turbopack_164kp-6._.js:1937:105)
    at getOutlinedModel (http://localhost:3000/_next/static/chunks/node_modules_next_dist_compiled_react-server-dom-turbopack_164kp-6._.js:1487:28)
    at parseModelString (http://localhost:3000/_next/static/chunks/node_modules_next_dist_compiled_react-server-dom-turbopack_164kp-6._.js:1602:50)
    at reviveModel (http://localhost:3000/_next/static/chunks/node_modules_next_dist_compiled_react-server-dom-turbopack_164kp-6._.js:2544:66)
    at parseModel (http://localhost:3000/_next/static/chunks/node_modules_next_dist_compiled_react-server-dom-turbopack_164kp-6._.js:2539:16)
    at initializeModelChunk (http://localhost:3000/_next/static/chunks/node_modules_next_dist_compiled_react-server-dom-turbopack_164kp-6._.js:1100:25)
    at getOutlinedModel (http://localhost:3000/_next/static/chunks/node_modules_next_dist_compiled_react-server-dom-turbopack_164kp-6._.js:1423:17)
    at parseModelString (http://localhost:3000/_next/static/chunks/node_modules_next_dist_compiled_react-server-dom-turbopack_164kp-6._.js:1657:50)
    at reviveModel (http://localhost:3000/_next/static/chunks/node_modules_next_dist_compiled_react-server-dom-turbopack_164kp-6._.js:2544:66)
    at reviveModel (http://localhost:3000/_next/static/chunks/node_modules_next_dist_compiled_react-server-dom-turbopack_164kp-6._.js:2547:61)
    at parseModel (http://localhost:3000/_next/static/chunks/node_modules_next_dist_compiled_react-server-dom-turbopack_164kp-6._.js:2539:16)
    at initializeModelChunk (http://localhost:3000/_next/static/chunks/node_modules_next_dist_compiled_react-server-dom-turbopack_164kp-6._.js:1100:25)
    at resolveConsoleEntry (http://localhost:3000/_next/static/chunks/node_modules_next_dist_compiled_react-server-dom-turbopack_164kp-6._.js:2069:96)
    at processFullStringRow (http://localhost:3000/_next/static/chunks/node_modules_next_dist_compiled_react-server-dom-turbopack_164kp-6._.js:2475:17)
    at processFullBinaryRow (http://localhost:3000/_next/static/chunks/node_modules_next_dist_compiled_react-server-dom-turbopack_164kp-6._.js:2415:9)
    at processBinaryChunk (http://localhost:3000/_next/static/chunks/node_modules_next_dist_compiled_react-server-dom-turbopack_164kp-6._.js:2524:221)
    at progress (http://localhost:3000/_next/static/chunks/node_modules_next_dist_compiled_react-server-dom-turbopack_164kp-6._.js:2698:20) @ http://localhost:3000/_next/static/chunks/node_modules_next_dist_1e8vcs8._.js:1052
[  247404ms] [ERROR] %c%s%c background: #e6e6e6;background: light-dark(rgba(0,0,0,0.1), rgba(255,255,255,0.25));color: #000000;color: light-dark(#000000, #ffffff);border-radius: 2px  Server   Error: MISSING_MESSAGE: Could not resolve `location.missingLocationPreference` in messages for locale `en`.
    at renderMatchMessage (about://React/Server/D:%5C%D0%BF%D1%80%D0%BE%D0%B5%D0%BA%D1%82%D1%8B%5CUnikchoose%5C.next%5Cdev%5Cserver%5Cchunks%5Cssr%5C%5Broot-of-the-server%5D__1622ik9._.js?65:822:12)
    at <anonymous> (about://React/Server/D:%5C%D0%BF%D1%80%D0%BE%D0%B5%D0%BA%D1%82%D1%8B%5CUnikchoose%5C.next%5Cdev%5Cserver%5Cchunks%5Cssr%5C%5Broot-of-the-server%5D__1622ik9._.js?71:1378:227)
    at Array.map (<anonymous>:1:18)
    at ProgrammeCard (about://React/Server/D:%5C%D0%BF%D1%80%D0%BE%D0%B5%D0%BA%D1%82%D1%8B%5CUnikchoose%5C.next%5Cdev%5Cserver%5Cchunks%5Cssr%5C%5Broot-of-the-server%5D__1622ik9._.js?72:1365:64)
    at resolveErrorDev (http://localhost:3000/_next/static/chunks/node_modules_next_dist_compiled_react-server-dom-turbopack_164kp-6._.js:1937:105)
    at getOutlinedModel (http://localhost:3000/_next/static/chunks/node_modules_next_dist_compiled_react-server-dom-turbopack_164kp-6._.js:1487:28)
    at parseModelString (http://localhost:3000/_next/static/chunks/node_modules_next_dist_compiled_react-server-dom-turbopack_164kp-6._.js:1602:50)
    at reviveModel (http://localhost:3000/_next/static/chunks/node_modules_next_dist_compiled_react-server-dom-turbopack_164kp-6._.js:2544:66)
    at parseModel (http://localhost:3000/_next/static/chunks/node_modules_next_dist_compiled_react-server-dom-turbopack_164kp-6._.js:2539:16)
    at initializeModelChunk (http://localhost:3000/_next/static/chunks/node_modules_next_dist_compiled_react-server-dom-turbopack_164kp-6._.js:1100:25)
    at getOutlinedModel (http://localhost:3000/_next/static/chunks/node_modules_next_dist_compiled_react-server-dom-turbopack_164kp-6._.js:1423:17)
    at parseModelString (http://localhost:3000/_next/static/chunks/node_modules_next_dist_compiled_react-server-dom-turbopack_164kp-6._.js:1657:50)
    at reviveModel (http://localhost:3000/_next/static/chunks/node_modules_next_dist_compiled_react-server-dom-turbopack_164kp-6._.js:2544:66)
    at reviveModel (http://localhost:3000/_next/static/chunks/node_modules_next_dist_compiled_react-server-dom-turbopack_164kp-6._.js:2547:61)
    at parseModel (http://localhost:3000/_next/static/chunks/node_modules_next_dist_compiled_react-server-dom-turbopack_164kp-6._.js:2539:16)
    at initializeModelChunk (http://localhost:3000/_next/static/chunks/node_modules_next_dist_compiled_react-server-dom-turbopack_164kp-6._.js:1100:25)
    at resolveConsoleEntry (http://localhost:3000/_next/static/chunks/node_modules_next_dist_compiled_react-server-dom-turbopack_164kp-6._.js:2069:96)
    at processFullStringRow (http://localhost:3000/_next/static/chunks/node_modules_next_dist_compiled_react-server-dom-turbopack_164kp-6._.js:2475:17)
    at processFullBinaryRow (http://localhost:3000/_next/static/chunks/node_modules_next_dist_compiled_react-server-dom-turbopack_164kp-6._.js:2415:9)
    at processBinaryChunk (http://localhost:3000/_next/static/chunks/node_modules_next_dist_compiled_react-server-dom-turbopack_164kp-6._.js:2524:221)
    at progress (http://localhost:3000/_next/static/chunks/node_modules_next_dist_compiled_react-server-dom-turbopack_164kp-6._.js:2698:20) @ http://localhost:3000/_next/static/chunks/node_modules_next_dist_1e8vcs8._.js:1052
[  247404ms] [ERROR] %c%s%c background: #e6e6e6;background: light-dark(rgba(0,0,0,0.1), rgba(255,255,255,0.25));color: #000000;color: light-dark(#000000, #ffffff);border-radius: 2px  Server   Error: MISSING_MESSAGE: Could not resolve `career.missingData` in messages for locale `en`.
    at renderMatchMessage (about://React/Server/D:%5C%D0%BF%D1%80%D0%BE%D0%B5%D0%BA%D1%82%D1%8B%5CUnikchoose%5C.next%5Cdev%5Cserver%5Cchunks%5Cssr%5C%5Broot-of-the-server%5D__1622ik9._.js?65:822:12)
    at <anonymous> (about://React/Server/D:%5C%D0%BF%D1%80%D0%BE%D0%B5%D0%BA%D1%82%D1%8B%5CUnikchoose%5C.next%5Cdev%5Cserver%5Cchunks%5Cssr%5C%5Broot-of-the-server%5D__1622ik9._.js?71:1378:227)
    at Array.map (<anonymous>:1:18)
    at ProgrammeCard (about://React/Server/D:%5C%D0%BF%D1%80%D0%BE%D0%B5%D0%BA%D1%82%D1%8B%5CUnikchoose%5C.next%5Cdev%5Cserver%5Cchunks%5Cssr%5C%5Broot-of-the-server%5D__1622ik9._.js?72:1365:64)
    at resolveErrorDev (http://localhost:3000/_next/static/chunks/node_modules_next_dist_compiled_react-server-dom-turbopack_164kp-6._.js:1937:105)
    at getOutlinedModel (http://localhost:3000/_next/static/chunks/node_modules_next_dist_compiled_react-server-dom-turbopack_164kp-6._.js:1487:28)
    at parseModelString (http://localhost:3000/_next/static/chunks/node_modules_next_dist_compiled_react-server-dom-turbopack_164kp-6._.js:1602:50)
    at reviveModel (http://localhost:3000/_next/static/chunks/node_modules_next_dist_compiled_react-server-dom-turbopack_164kp-6._.js:2544:66)
    at parseModel (http://localhost:3000/_next/static/chunks/node_modules_next_dist_compiled_react-server-dom-turbopack_164kp-6._.js:2539:16)
    at initializeModelChunk (http://localhost:3000/_next/static/chunks/node_modules_next_dist_compiled_react-server-dom-turbopack_164kp-6._.js:1100:25)
    at getOutlinedModel (http://localhost:3000/_next/static/chunks/node_modules_next_dist_compiled_react-server-dom-turbopack_164kp-6._.js:1423:17)
    at parseModelString (http://localhost:3000/_next/static/chunks/node_modules_next_dist_compiled_react-server-dom-turbopack_164kp-6._.js:1657:50)
    at reviveModel (http://localhost:3000/_next/static/chunks/node_modules_next_dist_compiled_react-server-dom-turbopack_164kp-6._.js:2544:66)
    at reviveModel (http://localhost:3000/_next/static/chunks/node_modules_next_dist_compiled_react-server-dom-turbopack_164kp-6._.js:2547:61)
    at parseModel (http://localhost:3000/_next/static/chunks/node_modules_next_dist_compiled_react-server-dom-turbopack_164kp-6._.js:2539:16)
    at initializeModelChunk (http://localhost:3000/_next/static/chunks/node_modules_next_dist_compiled_react-server-dom-turbopack_164kp-6._.js:1100:25)
    at resolveConsoleEntry (http://localhost:3000/_next/static/chunks/node_modules_next_dist_compiled_react-server-dom-turbopack_164kp-6._.js:2069:96)
    at processFullStringRow (http://localhost:3000/_next/static/chunks/node_modules_next_dist_compiled_react-server-dom-turbopack_164kp-6._.js:2475:17)
    at processFullBinaryRow (http://localhost:3000/_next/static/chunks/node_modules_next_dist_compiled_react-server-dom-turbopack_164kp-6._.js:2415:9)
    at processBinaryChunk (http://localhost:3000/_next/static/chunks/node_modules_next_dist_compiled_react-server-dom-turbopack_164kp-6._.js:2524:221)
    at progress (http://localhost:3000/_next/static/chunks/node_modules_next_dist_compiled_react-server-dom-turbopack_164kp-6._.js:2698:20) @ http://localhost:3000/_next/static/chunks/node_modules_next_dist_1e8vcs8._.js:1052
[  247405ms] [ERROR] %c%s%c background: #e6e6e6;background: light-dark(rgba(0,0,0,0.1), rgba(255,255,255,0.25));color: #000000;color: light-dark(#000000, #ffffff);border-radius: 2px  Server   Error: MISSING_MESSAGE: Could not resolve `format.missingPreference` in messages for locale `en`.
    at renderMatchMessage (about://React/Server/D:%5C%D0%BF%D1%80%D0%BE%D0%B5%D0%BA%D1%82%D1%8B%5CUnikchoose%5C.next%5Cdev%5Cserver%5Cchunks%5Cssr%5C%5Broot-of-the-server%5D__1622ik9._.js?65:822:12)
    at <anonymous> (about://React/Server/D:%5C%D0%BF%D1%80%D0%BE%D0%B5%D0%BA%D1%82%D1%8B%5CUnikchoose%5C.next%5Cdev%5Cserver%5Cchunks%5Cssr%5C%5Broot-of-the-server%5D__1622ik9._.js?71:1378:227)
    at Array.map (<anonymous>:1:18)
    at ProgrammeCard (about://React/Server/D:%5C%D0%BF%D1%80%D0%BE%D0%B5%D0%BA%D1%82%D1%8B%5CUnikchoose%5C.next%5Cdev%5Cserver%5Cchunks%5Cssr%5C%5Broot-of-the-server%5D__1622ik9._.js?72:1365:64)
    at resolveErrorDev (http://localhost:3000/_next/static/chunks/node_modules_next_dist_compiled_react-server-dom-turbopack_164kp-6._.js:1937:105)
    at getOutlinedModel (http://localhost:3000/_next/static/chunks/node_modules_next_dist_compiled_react-server-dom-turbopack_164kp-6._.js:1487:28)
    at parseModelString (http://localhost:3000/_next/static/chunks/node_modules_next_dist_compiled_react-server-dom-turbopack_164kp-6._.js:1602:50)
    at reviveModel (http://localhost:3000/_next/static/chunks/node_modules_next_dist_compiled_react-server-dom-turbopack_164kp-6._.js:2544:66)
    at parseModel (http://localhost:3000/_next/static/chunks/node_modules_next_dist_compiled_react-server-dom-turbopack_164kp-6._.js:2539:16)
    at initializeModelChunk (http://localhost:3000/_next/static/chunks/node_modules_next_dist_compiled_react-server-dom-turbopack_164kp-6._.js:1100:25)
    at getOutlinedModel (http://localhost:3000/_next/static/chunks/node_modules_next_dist_compiled_react-server-dom-turbopack_164kp-6._.js:1423:17)
    at parseModelString (http://localhost:3000/_next/static/chunks/node_modules_next_dist_compiled_react-server-dom-turbopack_164kp-6._.js:1657:50)
    at reviveModel (http://localhost:3000/_next/static/chunks/node_modules_next_dist_compiled_react-server-dom-turbopack_164kp-6._.js:2544:66)
    at reviveModel (http://localhost:3000/_next/static/chunks/node_modules_next_dist_compiled_react-server-dom-turbopack_164kp-6._.js:2547:61)
    at parseModel (http://localhost:3000/_next/static/chunks/node_modules_next_dist_compiled_react-server-dom-turbopack_164kp-6._.js:2539:16)
    at initializeModelChunk (http://localhost:3000/_next/static/chunks/node_modules_next_dist_compiled_react-server-dom-turbopack_164kp-6._.js:1100:25)
    at resolveConsoleEntry (http://localhost:3000/_next/static/chunks/node_modules_next_dist_compiled_react-server-dom-turbopack_164kp-6._.js:2069:96)
    at processFullStringRow (http://localhost:3000/_next/static/chunks/node_modules_next_dist_compiled_react-server-dom-turbopack_164kp-6._.js:2475:17)
    at processFullBinaryRow (http://localhost:3000/_next/static/chunks/node_modules_next_dist_compiled_react-server-dom-turbopack_164kp-6._.js:2415:9)
    at processBinaryChunk (http://localhost:3000/_next/static/chunks/node_modules_next_dist_compiled_react-server-dom-turbopack_164kp-6._.js:2524:221)
    at progress (http://localhost:3000/_next/static/chunks/node_modules_next_dist_compiled_react-server-dom-turbopack_164kp-6._.js:2698:20) @ http://localhost:3000/_next/static/chunks/node_modules_next_dist_1e8vcs8._.js:1052
[  247405ms] [ERROR] %c%s%c background: #e6e6e6;background: light-dark(rgba(0,0,0,0.1), rgba(255,255,255,0.25));color: #000000;color: light-dark(#000000, #ffffff);border-radius: 2px  Server   Error: MISSING_MESSAGE: Could not resolve `lifestyle.missingData` in messages for locale `en`.
    at renderMatchMessage (about://React/Server/D:%5C%D0%BF%D1%80%D0%BE%D0%B5%D0%BA%D1%82%D1%8B%5CUnikchoose%5C.next%5Cdev%5Cserver%5Cchunks%5Cssr%5C%5Broot-of-the-server%5D__1622ik9._.js?65:822:12)
    at <anonymous> (about://React/Server/D:%5C%D0%BF%D1%80%D0%BE%D0%B5%D0%BA%D1%82%D1%8B%5CUnikchoose%5C.next%5Cdev%5Cserver%5Cchunks%5Cssr%5C%5Broot-of-the-server%5D__1622ik9._.js?71:1378:227)
    at Array.map (<anonymous>:1:18)
    at ProgrammeCard (about://React/Server/D:%5C%D0%BF%D1%80%D0%BE%D0%B5%D0%BA%D1%82%D1%8B%5CUnikchoose%5C.next%5Cdev%5Cserver%5Cchunks%5Cssr%5C%5Broot-of-the-server%5D__1622ik9._.js?72:1365:64)
    at resolveErrorDev (http://localhost:3000/_next/static/chunks/node_modules_next_dist_compiled_react-server-dom-turbopack_164kp-6._.js:1937:105)
    at getOutlinedModel (http://localhost:3000/_next/static/chunks/node_modules_next_dist_compiled_react-server-dom-turbopack_164kp-6._.js:1487:28)
    at parseModelString (http://localhost:3000/_next/static/chunks/node_modules_next_dist_compiled_react-server-dom-turbopack_164kp-6._.js:1602:50)
    at reviveModel (http://localhost:3000/_next/static/chunks/node_modules_next_dist_compiled_react-server-dom-turbopack_164kp-6._.js:2544:66)
    at parseModel (http://localhost:3000/_next/static/chunks/node_modules_next_dist_compiled_react-server-dom-turbopack_164kp-6._.js:2539:16)
    at initializeModelChunk (http://localhost:3000/_next/static/chunks/node_modules_next_dist_compiled_react-server-dom-turbopack_164kp-6._.js:1100:25)
    at getOutlinedModel (http://localhost:3000/_next/static/chunks/node_modules_next_dist_compiled_react-server-dom-turbopack_164kp-6._.js:1423:17)
    at parseModelString (http://localhost:3000/_next/static/chunks/node_modules_next_dist_compiled_react-server-dom-turbopack_164kp-6._.js:1657:50)
    at reviveModel (http://localhost:3000/_next/static/chunks/node_modules_next_dist_compiled_react-server-dom-turbopack_164kp-6._.js:2544:66)
    at reviveModel (http://localhost:3000/_next/static/chunks/node_modules_next_dist_compiled_react-server-dom-turbopack_164kp-6._.js:2547:61)
    at parseModel (http://localhost:3000/_next/static/chunks/node_modules_next_dist_compiled_react-server-dom-turbopack_164kp-6._.js:2539:16)
    at initializeModelChunk (http://localhost:3000/_next/static/chunks/node_modules_next_dist_compiled_react-server-dom-turbopack_164kp-6._.js:1100:25)
    at resolveConsoleEntry (http://localhost:3000/_next/static/chunks/node_modules_next_dist_compiled_react-server-dom-turbopack_164kp-6._.js:2069:96)
    at processFullStringRow (http://localhost:3000/_next/static/chunks/node_modules_next_dist_compiled_react-server-dom-turbopack_164kp-6._.js:2475:17)
    at processFullBinaryRow (http://localhost:3000/_next/static/chunks/node_modules_next_dist_compiled_react-server-dom-turbopack_164kp-6._.js:2415:9)
    at processBinaryChunk (http://localhost:3000/_next/static/chunks/node_modules_next_dist_compiled_react-server-dom-turbopack_164kp-6._.js:2524:221)
    at progress (http://localhost:3000/_next/static/chunks/node_modules_next_dist_compiled_react-server-dom-turbopack_164kp-6._.js:2698:20) @ http://localhost:3000/_next/static/chunks/node_modules_next_dist_1e8vcs8._.js:1052
[  247405ms] [ERROR] %c%s%c background: #e6e6e6;background: light-dark(rgba(0,0,0,0.1), rgba(255,255,255,0.25));color: #000000;color: light-dark(#000000, #ffffff);border-radius: 2px  Server   Error: MISSING_MESSAGE: Could not resolve `language.matchesPreferredLanguage` in messages for locale `en`.
    at renderMatchMessage (about://React/Server/D:%5C%D0%BF%D1%80%D0%BE%D0%B5%D0%BA%D1%82%D1%8B%5CUnikchoose%5C.next%5Cdev%5Cserver%5Cchunks%5Cssr%5C%5Broot-of-the-server%5D__1622ik9._.js?65:822:12)
    at <anonymous> (about://React/Server/D:%5C%D0%BF%D1%80%D0%BE%D0%B5%D0%BA%D1%82%D1%8B%5CUnikchoose%5C.next%5Cdev%5Cserver%5Cchunks%5Cssr%5C%5Broot-of-the-server%5D__1622ik9._.js?66:1056:211)
    at Array.map (<anonymous>:1:18)
    at ProgrammeCard (about://React/Server/D:%5C%D0%BF%D1%80%D0%BE%D0%B5%D0%BA%D1%82%D1%8B%5CUnikchoose%5C.next%5Cdev%5Cserver%5Cchunks%5Cssr%5C%5Broot-of-the-server%5D__1622ik9._.js?67:1043:50)
    at resolveErrorDev (http://localhost:3000/_next/static/chunks/node_modules_next_dist_compiled_react-server-dom-turbopack_164kp-6._.js:1937:105)
    at getOutlinedModel (http://localhost:3000/_next/static/chunks/node_modules_next_dist_compiled_react-server-dom-turbopack_164kp-6._.js:1487:28)
    at parseModelString (http://localhost:3000/_next/static/chunks/node_modules_next_dist_compiled_react-server-dom-turbopack_164kp-6._.js:1602:50)
    at reviveModel (http://localhost:3000/_next/static/chunks/node_modules_next_dist_compiled_react-server-dom-turbopack_164kp-6._.js:2544:66)
    at parseModel (http://localhost:3000/_next/static/chunks/node_modules_next_dist_compiled_react-server-dom-turbopack_164kp-6._.js:2539:16)
    at initializeModelChunk (http://localhost:3000/_next/static/chunks/node_modules_next_dist_compiled_react-server-dom-turbopack_164kp-6._.js:1100:25)
    at getOutlinedModel (http://localhost:3000/_next/static/chunks/node_modules_next_dist_compiled_react-server-dom-turbopack_164kp-6._.js:1423:17)
    at parseModelString (http://localhost:3000/_next/static/chunks/node_modules_next_dist_compiled_react-server-dom-turbopack_164kp-6._.js:1657:50)
    at reviveModel (http://localhost:3000/_next/static/chunks/node_modules_next_dist_compiled_react-server-dom-turbopack_164kp-6._.js:2544:66)
    at reviveModel (http://localhost:3000/_next/static/chunks/node_modules_next_dist_compiled_react-server-dom-turbopack_164kp-6._.js:2547:61)
    at parseModel (http://localhost:3000/_next/static/chunks/node_modules_next_dist_compiled_react-server-dom-turbopack_164kp-6._.js:2539:16)
    at initializeModelChunk (http://localhost:3000/_next/static/chunks/node_modules_next_dist_compiled_react-server-dom-turbopack_164kp-6._.js:1100:25)
    at resolveConsoleEntry (http://localhost:3000/_next/static/chunks/node_modules_next_dist_compiled_react-server-dom-turbopack_164kp-6._.js:2069:96)
    at processFullStringRow (http://localhost:3000/_next/static/chunks/node_modules_next_dist_compiled_react-server-dom-turbopack_164kp-6._.js:2475:17)
    at processFullBinaryRow (http://localhost:3000/_next/static/chunks/node_modules_next_dist_compiled_react-server-dom-turbopack_164kp-6._.js:2415:9)
    at processBinaryChunk (http://localhost:3000/_next/static/chunks/node_modules_next_dist_compiled_react-server-dom-turbopack_164kp-6._.js:2524:221)
    at progress (http://localhost:3000/_next/static/chunks/node_modules_next_dist_compiled_react-server-dom-turbopack_164kp-6._.js:2698:20) @ http://localhost:3000/_next/static/chunks/node_modules_next_dist_1e8vcs8._.js:1052
[  247405ms] [ERROR] %c%s%c background: #e6e6e6;background: light-dark(rgba(0,0,0,0.1), rgba(255,255,255,0.25));color: #000000;color: light-dark(#000000, #ffffff);border-radius: 2px  Server   Error: MISSING_MESSAGE: Could not resolve `admission.noEntranceExam` in messages for locale `en`.
    at renderMatchMessage (about://React/Server/D:%5C%D0%BF%D1%80%D0%BE%D0%B5%D0%BA%D1%82%D1%8B%5CUnikchoose%5C.next%5Cdev%5Cserver%5Cchunks%5Cssr%5C%5Broot-of-the-server%5D__1622ik9._.js?65:822:12)
    at <anonymous> (about://React/Server/D:%5C%D0%BF%D1%80%D0%BE%D0%B5%D0%BA%D1%82%D1%8B%5CUnikchoose%5C.next%5Cdev%5Cserver%5Cchunks%5Cssr%5C%5Broot-of-the-server%5D__1622ik9._.js?66:1056:211)
    at Array.map (<anonymous>:1:18)
    at ProgrammeCard (about://React/Server/D:%5C%D0%BF%D1%80%D0%BE%D0%B5%D0%BA%D1%82%D1%8B%5CUnikchoose%5C.next%5Cdev%5Cserver%5Cchunks%5Cssr%5C%5Broot-of-the-server%5D__1622ik9._.js?67:1043:50)
    at resolveErrorDev (http://localhost:3000/_next/static/chunks/node_modules_next_dist_compiled_react-server-dom-turbopack_164kp-6._.js:1937:105)
    at getOutlinedModel (http://localhost:3000/_next/static/chunks/node_modules_next_dist_compiled_react-server-dom-turbopack_164kp-6._.js:1487:28)
    at parseModelString (http://localhost:3000/_next/static/chunks/node_modules_next_dist_compiled_react-server-dom-turbopack_164kp-6._.js:1602:50)
    at reviveModel (http://localhost:3000/_next/static/chunks/node_modules_next_dist_compiled_react-server-dom-turbopack_164kp-6._.js:2544:66)
    at parseModel (http://localhost:3000/_next/static/chunks/node_modules_next_dist_compiled_react-server-dom-turbopack_164kp-6._.js:2539:16)
    at initializeModelChunk (http://localhost:3000/_next/static/chunks/node_modules_next_dist_compiled_react-server-dom-turbopack_164kp-6._.js:1100:25)
    at getOutlinedModel (http://localhost:3000/_next/static/chunks/node_modules_next_dist_compiled_react-server-dom-turbopack_164kp-6._.js:1423:17)
    at parseModelString (http://localhost:3000/_next/static/chunks/node_modules_next_dist_compiled_react-server-dom-turbopack_164kp-6._.js:1657:50)
    at reviveModel (http://localhost:3000/_next/static/chunks/node_modules_next_dist_compiled_react-server-dom-turbopack_164kp-6._.js:2544:66)
    at reviveModel (http://localhost:3000/_next/static/chunks/node_modules_next_dist_compiled_react-server-dom-turbopack_164kp-6._.js:2547:61)
    at parseModel (http://localhost:3000/_next/static/chunks/node_modules_next_dist_compiled_react-server-dom-turbopack_164kp-6._.js:2539:16)
    at initializeModelChunk (http://localhost:3000/_next/static/chunks/node_modules_next_dist_compiled_react-server-dom-turbopack_164kp-6._.js:1100:25)
    at resolveConsoleEntry (http://localhost:3000/_next/static/chunks/node_modules_next_dist_compiled_react-server-dom-turbopack_164kp-6._.js:2069:96)
    at processFullStringRow (http://localhost:3000/_next/static/chunks/node_modules_next_dist_compiled_react-server-dom-turbopack_164kp-6._.js:2475:17)
    at processFullBinaryRow (http://localhost:3000/_next/static/chunks/node_modules_next_dist_compiled_react-server-dom-turbopack_164kp-6._.js:2415:9)
    at processBinaryChunk (http://localhost:3000/_next/static/chunks/node_modules_next_dist_compiled_react-server-dom-turbopack_164kp-6._.js:2524:221)
    at progress (http://localhost:3000/_next/static/chunks/node_modules_next_dist_compiled_react-server-dom-turbopack_164kp-6._.js:2698:20) @ http://localhost:3000/_next/static/chunks/node_modules_next_dist_1e8vcs8._.js:1052
[  247405ms] [ERROR] %c%s%c background: #e6e6e6;background: light-dark(rgba(0,0,0,0.1), rgba(255,255,255,0.25));color: #000000;color: light-dark(#000000, #ffffff);border-radius: 2px  Server   Error: MISSING_MESSAGE: Could not resolve `budget.missingBudget` in messages for locale `en`.
    at renderMatchMessage (about://React/Server/D:%5C%D0%BF%D1%80%D0%BE%D0%B5%D0%BA%D1%82%D1%8B%5CUnikchoose%5C.next%5Cdev%5Cserver%5Cchunks%5Cssr%5C%5Broot-of-the-server%5D__1622ik9._.js?65:822:12)
    at ProgrammeCard (about://React/Server/D:%5C%D0%BF%D1%80%D0%BE%D0%B5%D0%BA%D1%82%D1%8B%5CUnikchoose%5C.next%5Cdev%5Cserver%5Cchunks%5Cssr%5C%5Broot-of-the-server%5D__1622ik9._.js?70:1102:203)
    at resolveErrorDev (http://localhost:3000/_next/static/chunks/node_modules_next_dist_compiled_react-server-dom-turbopack_164kp-6._.js:1937:105)
    at getOutlinedModel (http://localhost:3000/_next/static/chunks/node_modules_next_dist_compiled_react-server-dom-turbopack_164kp-6._.js:1487:28)
    at parseModelString (http://localhost:3000/_next/static/chunks/node_modules_next_dist_compiled_react-server-dom-turbopack_164kp-6._.js:1602:50)
    at reviveModel (http://localhost:3000/_next/static/chunks/node_modules_next_dist_compiled_react-server-dom-turbopack_164kp-6._.js:2544:66)
    at parseModel (http://localhost:3000/_next/static/chunks/node_modules_next_dist_compiled_react-server-dom-turbopack_164kp-6._.js:2539:16)
    at initializeModelChunk (http://localhost:3000/_next/static/chunks/node_modules_next_dist_compiled_react-server-dom-turbopack_164kp-6._.js:1100:25)
    at getOutlinedModel (http://localhost:3000/_next/static/chunks/node_modules_next_dist_compiled_react-server-dom-turbopack_164kp-6._.js:1423:17)
    at parseModelString (http://localhost:3000/_next/static/chunks/node_modules_next_dist_compiled_react-server-dom-turbopack_164kp-6._.js:1657:50)
    at reviveModel (http://localhost:3000/_next/static/chunks/node_modules_next_dist_compiled_react-server-dom-turbopack_164kp-6._.js:2544:66)
    at reviveModel (http://localhost:3000/_next/static/chunks/node_modules_next_dist_compiled_react-server-dom-turbopack_164kp-6._.js:2547:61)
    at parseModel (http://localhost:3000/_next/static/chunks/node_modules_next_dist_compiled_react-server-dom-turbopack_164kp-6._.js:2539:16)
    at initializeModelChunk (http://localhost:3000/_next/static/chunks/node_modules_next_dist_compiled_react-server-dom-turbopack_164kp-6._.js:1100:25)
    at resolveConsoleEntry (http://localhost:3000/_next/static/chunks/node_modules_next_dist_compiled_react-server-dom-turbopack_164kp-6._.js:2069:96)
    at processFullStringRow (http://localhost:3000/_next/static/chunks/node_modules_next_dist_compiled_react-server-dom-turbopack_164kp-6._.js:2475:17)
    at processFullBinaryRow (http://localhost:3000/_next/static/chunks/node_modules_next_dist_compiled_react-server-dom-turbopack_164kp-6._.js:2415:9)
    at processBinaryChunk (http://localhost:3000/_next/static/chunks/node_modules_next_dist_compiled_react-server-dom-turbopack_164kp-6._.js:2524:221)
    at progress (http://localhost:3000/_next/static/chunks/node_modules_next_dist_compiled_react-server-dom-turbopack_164kp-6._.js:2698:20) @ http://localhost:3000/_next/static/chunks/node_modules_next_dist_1e8vcs8._.js:1052
[  247405ms] [ERROR] %c%s%c background: #e6e6e6;background: light-dark(rgba(0,0,0,0.1), rgba(255,255,255,0.25));color: #000000;color: light-dark(#000000, #ffffff);border-radius: 2px  Server   Error: MISSING_MESSAGE: Could not resolve `location.missingLocationPreference` in messages for locale `en`.
    at renderMatchMessage (about://React/Server/D:%5C%D0%BF%D1%80%D0%BE%D0%B5%D0%BA%D1%82%D1%8B%5CUnikchoose%5C.next%5Cdev%5Cserver%5Cchunks%5Cssr%5C%5Broot-of-the-server%5D__1622ik9._.js?65:822:12)
    at <anonymous> (about://React/Server/D:%5C%D0%BF%D1%80%D0%BE%D0%B5%D0%BA%D1%82%D1%8B%5CUnikchoose%5C.next%5Cdev%5Cserver%5Cchunks%5Cssr%5C%5Broot-of-the-server%5D__1622ik9._.js?71:1378:227)
    at Array.map (<anonymous>:1:18)
    at ProgrammeCard (about://React/Server/D:%5C%D0%BF%D1%80%D0%BE%D0%B5%D0%BA%D1%82%D1%8B%5CUnikchoose%5C.next%5Cdev%5Cserver%5Cchunks%5Cssr%5C%5Broot-of-the-server%5D__1622ik9._.js?72:1365:64)
    at resolveErrorDev (http://localhost:3000/_next/static/chunks/node_modules_next_dist_compiled_react-server-dom-turbopack_164kp-6._.js:1937:105)
    at getOutlinedModel (http://localhost:3000/_next/static/chunks/node_modules_next_dist_compiled_react-server-dom-turbopack_164kp-6._.js:1487:28)
    at parseModelString (http://localhost:3000/_next/static/chunks/node_modules_next_dist_compiled_react-server-dom-turbopack_164kp-6._.js:1602:50)
    at reviveModel (http://localhost:3000/_next/static/chunks/node_modules_next_dist_compiled_react-server-dom-turbopack_164kp-6._.js:2544:66)
    at parseModel (http://localhost:3000/_next/static/chunks/node_modules_next_dist_compiled_react-server-dom-turbopack_164kp-6._.js:2539:16)
    at initializeModelChunk (http://localhost:3000/_next/static/chunks/node_modules_next_dist_compiled_react-server-dom-turbopack_164kp-6._.js:1100:25)
    at getOutlinedModel (http://localhost:3000/_next/static/chunks/node_modules_next_dist_compiled_react-server-dom-turbopack_164kp-6._.js:1423:17)
    at parseModelString (http://localhost:3000/_next/static/chunks/node_modules_next_dist_compiled_react-server-dom-turbopack_164kp-6._.js:1657:50)
    at reviveModel (http://localhost:3000/_next/static/chunks/node_modules_next_dist_compiled_react-server-dom-turbopack_164kp-6._.js:2544:66)
    at reviveModel (http://localhost:3000/_next/static/chunks/node_modules_next_dist_compiled_react-server-dom-turbopack_164kp-6._.js:2547:61)
    at parseModel (http://localhost:3000/_next/static/chunks/node_modules_next_dist_compiled_react-server-dom-turbopack_164kp-6._.js:2539:16)
    at initializeModelChunk (http://localhost:3000/_next/static/chunks/node_modules_next_dist_compiled_react-server-dom-turbopack_164kp-6._.js:1100:25)
    at resolveConsoleEntry (http://localhost:3000/_next/static/chunks/node_modules_next_dist_compiled_react-server-dom-turbopack_164kp-6._.js:2069:96)
    at processFullStringRow (http://localhost:3000/_next/static/chunks/node_modules_next_dist_compiled_react-server-dom-turbopack_164kp-6._.js:2475:17)
    at processFullBinaryRow (http://localhost:3000/_next/static/chunks/node_modules_next_dist_compiled_react-server-dom-turbopack_164kp-6._.js:2415:9)
    at processBinaryChunk (http://localhost:3000/_next/static/chunks/node_modules_next_dist_compiled_react-server-dom-turbopack_164kp-6._.js:2524:221)
    at progress (http://localhost:3000/_next/static/chunks/node_modules_next_dist_compiled_react-server-dom-turbopack_164kp-6._.js:2698:20) @ http://localhost:3000/_next/static/chunks/node_modules_next_dist_1e8vcs8._.js:1052
[  247405ms] [ERROR] %c%s%c background: #e6e6e6;background: light-dark(rgba(0,0,0,0.1), rgba(255,255,255,0.25));color: #000000;color: light-dark(#000000, #ffffff);border-radius: 2px  Server   Error: MISSING_MESSAGE: Could not resolve `career.missingData` in messages for locale `en`.
    at renderMatchMessage (about://React/Server/D:%5C%D0%BF%D1%80%D0%BE%D0%B5%D0%BA%D1%82%D1%8B%5CUnikchoose%5C.next%5Cdev%5Cserver%5Cchunks%5Cssr%5C%5Broot-of-the-server%5D__1622ik9._.js?65:822:12)
    at <anonymous> (about://React/Server/D:%5C%D0%BF%D1%80%D0%BE%D0%B5%D0%BA%D1%82%D1%8B%5CUnikchoose%5C.next%5Cdev%5Cserver%5Cchunks%5Cssr%5C%5Broot-of-the-server%5D__1622ik9._.js?71:1378:227)
    at Array.map (<anonymous>:1:18)
    at ProgrammeCard (about://React/Server/D:%5C%D0%BF%D1%80%D0%BE%D0%B5%D0%BA%D1%82%D1%8B%5CUnikchoose%5C.next%5Cdev%5Cserver%5Cchunks%5Cssr%5C%5Broot-of-the-server%5D__1622ik9._.js?72:1365:64)
    at resolveErrorDev (http://localhost:3000/_next/static/chunks/node_modules_next_dist_compiled_react-server-dom-turbopack_164kp-6._.js:1937:105)
    at getOutlinedModel (http://localhost:3000/_next/static/chunks/node_modules_next_dist_compiled_react-server-dom-turbopack_164kp-6._.js:1487:28)
    at parseModelString (http://localhost:3000/_next/static/chunks/node_modules_next_dist_compiled_react-server-dom-turbopack_164kp-6._.js:1602:50)
    at reviveModel (http://localhost:3000/_next/static/chunks/node_modules_next_dist_compiled_react-server-dom-turbopack_164kp-6._.js:2544:66)
    at parseModel (http://localhost:3000/_next/static/chunks/node_modules_next_dist_compiled_react-server-dom-turbopack_164kp-6._.js:2539:16)
    at initializeModelChunk (http://localhost:3000/_next/static/chunks/node_modules_next_dist_compiled_react-server-dom-turbopack_164kp-6._.js:1100:25)
    at getOutlinedModel (http://localhost:3000/_next/static/chunks/node_modules_next_dist_compiled_react-server-dom-turbopack_164kp-6._.js:1423:17)
    at parseModelString (http://localhost:3000/_next/static/chunks/node_modules_next_dist_compiled_react-server-dom-turbopack_164kp-6._.js:1657:50)
    at reviveModel (http://localhost:3000/_next/static/chunks/node_modules_next_dist_compiled_react-server-dom-turbopack_164kp-6._.js:2544:66)
    at reviveModel (http://localhost:3000/_next/static/chunks/node_modules_next_dist_compiled_react-server-dom-turbopack_164kp-6._.js:2547:61)
    at parseModel (http://localhost:3000/_next/static/chunks/node_modules_next_dist_compiled_react-server-dom-turbopack_164kp-6._.js:2539:16)
    at initializeModelChunk (http://localhost:3000/_next/static/chunks/node_modules_next_dist_compiled_react-server-dom-turbopack_164kp-6._.js:1100:25)
    at resolveConsoleEntry (http://localhost:3000/_next/static/chunks/node_modules_next_dist_compiled_react-server-dom-turbopack_164kp-6._.js:2069:96)
    at processFullStringRow (http://localhost:3000/_next/static/chunks/node_modules_next_dist_compiled_react-server-dom-turbopack_164kp-6._.js:2475:17)
    at processFullBinaryRow (http://localhost:3000/_next/static/chunks/node_modules_next_dist_compiled_react-server-dom-turbopack_164kp-6._.js:2415:9)
    at processBinaryChunk (http://localhost:3000/_next/static/chunks/node_modules_next_dist_compiled_react-server-dom-turbopack_164kp-6._.js:2524:221)
    at progress (http://localhost:3000/_next/static/chunks/node_modules_next_dist_compiled_react-server-dom-turbopack_164kp-6._.js:2698:20) @ http://localhost:3000/_next/static/chunks/node_modules_next_dist_1e8vcs8._.js:1052
[  247406ms] [ERROR] %c%s%c background: #e6e6e6;background: light-dark(rgba(0,0,0,0.1), rgba(255,255,255,0.25));color: #000000;color: light-dark(#000000, #ffffff);border-radius: 2px  Server   Error: MISSING_MESSAGE: Could not resolve `format.missingData` in messages for locale `en`.
    at renderMatchMessage (about://React/Server/D:%5C%D0%BF%D1%80%D0%BE%D0%B5%D0%BA%D1%82%D1%8B%5CUnikchoose%5C.next%5Cdev%5Cserver%5Cchunks%5Cssr%5C%5Broot-of-the-server%5D__1622ik9._.js?65:822:12)
    at <anonymous> (about://React/Server/D:%5C%D0%BF%D1%80%D0%BE%D0%B5%D0%BA%D1%82%D1%8B%5CUnikchoose%5C.next%5Cdev%5Cserver%5Cchunks%5Cssr%5C%5Broot-of-the-server%5D__1622ik9._.js?71:1378:227)
    at Array.map (<anonymous>:1:18)
    at ProgrammeCard (about://React/Server/D:%5C%D0%BF%D1%80%D0%BE%D0%B5%D0%BA%D1%82%D1%8B%5CUnikchoose%5C.next%5Cdev%5Cserver%5Cchunks%5Cssr%5C%5Broot-of-the-server%5D__1622ik9._.js?72:1365:64)
    at resolveErrorDev (http://localhost:3000/_next/static/chunks/node_modules_next_dist_compiled_react-server-dom-turbopack_164kp-6._.js:1937:105)
    at getOutlinedModel (http://localhost:3000/_next/static/chunks/node_modules_next_dist_compiled_react-server-dom-turbopack_164kp-6._.js:1487:28)
    at parseModelString (http://localhost:3000/_next/static/chunks/node_modules_next_dist_compiled_react-server-dom-turbopack_164kp-6._.js:1602:50)
    at reviveModel (http://localhost:3000/_next/static/chunks/node_modules_next_dist_compiled_react-server-dom-turbopack_164kp-6._.js:2544:66)
    at parseModel (http://localhost:3000/_next/static/chunks/node_modules_next_dist_compiled_react-server-dom-turbopack_164kp-6._.js:2539:16)
    at initializeModelChunk (http://localhost:3000/_next/static/chunks/node_modules_next_dist_compiled_react-server-dom-turbopack_164kp-6._.js:1100:25)
    at getOutlinedModel (http://localhost:3000/_next/static/chunks/node_modules_next_dist_compiled_react-server-dom-turbopack_164kp-6._.js:1423:17)
    at parseModelString (http://localhost:3000/_next/static/chunks/node_modules_next_dist_compiled_react-server-dom-turbopack_164kp-6._.js:1657:50)
    at reviveModel (http://localhost:3000/_next/static/chunks/node_modules_next_dist_compiled_react-server-dom-turbopack_164kp-6._.js:2544:66)
    at reviveModel (http://localhost:3000/_next/static/chunks/node_modules_next_dist_compiled_react-server-dom-turbopack_164kp-6._.js:2547:61)
    at parseModel (http://localhost:3000/_next/static/chunks/node_modules_next_dist_compiled_react-server-dom-turbopack_164kp-6._.js:2539:16)
    at initializeModelChunk (http://localhost:3000/_next/static/chunks/node_modules_next_dist_compiled_react-server-dom-turbopack_164kp-6._.js:1100:25)
    at resolveConsoleEntry (http://localhost:3000/_next/static/chunks/node_modules_next_dist_compiled_react-server-dom-turbopack_164kp-6._.js:2069:96)
    at processFullStringRow (http://localhost:3000/_next/static/chunks/node_modules_next_dist_compiled_react-server-dom-turbopack_164kp-6._.js:2475:17)
    at processFullBinaryRow (http://localhost:3000/_next/static/chunks/node_modules_next_dist_compiled_react-server-dom-turbopack_164kp-6._.js:2415:9)
    at processBinaryChunk (http://localhost:3000/_next/static/chunks/node_modules_next_dist_compiled_react-server-dom-turbopack_164kp-6._.js:2524:221)
    at progress (http://localhost:3000/_next/static/chunks/node_modules_next_dist_compiled_react-server-dom-turbopack_164kp-6._.js:2698:20) @ http://localhost:3000/_next/static/chunks/node_modules_next_dist_1e8vcs8._.js:1052
[  247406ms] [ERROR] %c%s%c background: #e6e6e6;background: light-dark(rgba(0,0,0,0.1), rgba(255,255,255,0.25));color: #000000;color: light-dark(#000000, #ffffff);border-radius: 2px  Server   Error: MISSING_MESSAGE: Could not resolve `lifestyle.missingData` in messages for locale `en`.
    at renderMatchMessage (about://React/Server/D:%5C%D0%BF%D1%80%D0%BE%D0%B5%D0%BA%D1%82%D1%8B%5CUnikchoose%5C.next%5Cdev%5Cserver%5Cchunks%5Cssr%5C%5Broot-of-the-server%5D__1622ik9._.js?65:822:12)
    at <anonymous> (about://React/Server/D:%5C%D0%BF%D1%80%D0%BE%D0%B5%D0%BA%D1%82%D1%8B%5CUnikchoose%5C.next%5Cdev%5Cserver%5Cchunks%5Cssr%5C%5Broot-of-the-server%5D__1622ik9._.js?71:1378:227)
    at Array.map (<anonymous>:1:18)
    at ProgrammeCard (about://React/Server/D:%5C%D0%BF%D1%80%D0%BE%D0%B5%D0%BA%D1%82%D1%8B%5CUnikchoose%5C.next%5Cdev%5Cserver%5Cchunks%5Cssr%5C%5Broot-of-the-server%5D__1622ik9._.js?72:1365:64)
    at resolveErrorDev (http://localhost:3000/_next/static/chunks/node_modules_next_dist_compiled_react-server-dom-turbopack_164kp-6._.js:1937:105)
    at getOutlinedModel (http://localhost:3000/_next/static/chunks/node_modules_next_dist_compiled_react-server-dom-turbopack_164kp-6._.js:1487:28)
    at parseModelString (http://localhost:3000/_next/static/chunks/node_modules_next_dist_compiled_react-server-dom-turbopack_164kp-6._.js:1602:50)
    at reviveModel (http://localhost:3000/_next/static/chunks/node_modules_next_dist_compiled_react-server-dom-turbopack_164kp-6._.js:2544:66)
    at parseModel (http://localhost:3000/_next/static/chunks/node_modules_next_dist_compiled_react-server-dom-turbopack_164kp-6._.js:2539:16)
    at initializeModelChunk (http://localhost:3000/_next/static/chunks/node_modules_next_dist_compiled_react-server-dom-turbopack_164kp-6._.js:1100:25)
    at getOutlinedModel (http://localhost:3000/_next/static/chunks/node_modules_next_dist_compiled_react-server-dom-turbopack_164kp-6._.js:1423:17)
    at parseModelString (http://localhost:3000/_next/static/chunks/node_modules_next_dist_compiled_react-server-dom-turbopack_164kp-6._.js:1657:50)
    at reviveModel (http://localhost:3000/_next/static/chunks/node_modules_next_dist_compiled_react-server-dom-turbopack_164kp-6._.js:2544:66)
    at reviveModel (http://localhost:3000/_next/static/chunks/node_modules_next_dist_compiled_react-server-dom-turbopack_164kp-6._.js:2547:61)
    at parseModel (http://localhost:3000/_next/static/chunks/node_modules_next_dist_compiled_react-server-dom-turbopack_164kp-6._.js:2539:16)
    at initializeModelChunk (http://localhost:3000/_next/static/chunks/node_modules_next_dist_compiled_react-server-dom-turbopack_164kp-6._.js:1100:25)
    at resolveConsoleEntry (http://localhost:3000/_next/static/chunks/node_modules_next_dist_compiled_react-server-dom-turbopack_164kp-6._.js:2069:96)
    at processFullStringRow (http://localhost:3000/_next/static/chunks/node_modules_next_dist_compiled_react-server-dom-turbopack_164kp-6._.js:2475:17)
    at processFullBinaryRow (http://localhost:3000/_next/static/chunks/node_modules_next_dist_compiled_react-server-dom-turbopack_164kp-6._.js:2415:9)
    at processBinaryChunk (http://localhost:3000/_next/static/chunks/node_modules_next_dist_compiled_react-server-dom-turbopack_164kp-6._.js:2524:221)
    at progress (http://localhost:3000/_next/static/chunks/node_modules_next_dist_compiled_react-server-dom-turbopack_164kp-6._.js:2698:20) @ http://localhost:3000/_next/static/chunks/node_modules_next_dist_1e8vcs8._.js:1052
[  247406ms] [ERROR] %c%s%c background: #e6e6e6;background: light-dark(rgba(0,0,0,0.1), rgba(255,255,255,0.25));color: #000000;color: light-dark(#000000, #ffffff);border-radius: 2px  Server   Error: MISSING_MESSAGE: Could not resolve `language.matchesPreferredLanguage` in messages for locale `en`.
    at renderMatchMessage (about://React/Server/D:%5C%D0%BF%D1%80%D0%BE%D0%B5%D0%BA%D1%82%D1%8B%5CUnikchoose%5C.next%5Cdev%5Cserver%5Cchunks%5Cssr%5C%5Broot-of-the-server%5D__1622ik9._.js?65:822:12)
    at <anonymous> (about://React/Server/D:%5C%D0%BF%D1%80%D0%BE%D0%B5%D0%BA%D1%82%D1%8B%5CUnikchoose%5C.next%5Cdev%5Cserver%5Cchunks%5Cssr%5C%5Broot-of-the-server%5D__1622ik9._.js?66:1056:211)
    at Array.map (<anonymous>:1:18)
    at ProgrammeCard (about://React/Server/D:%5C%D0%BF%D1%80%D0%BE%D0%B5%D0%BA%D1%82%D1%8B%5CUnikchoose%5C.next%5Cdev%5Cserver%5Cchunks%5Cssr%5C%5Broot-of-the-server%5D__1622ik9._.js?67:1043:50)
    at resolveErrorDev (http://localhost:3000/_next/static/chunks/node_modules_next_dist_compiled_react-server-dom-turbopack_164kp-6._.js:1937:105)
    at getOutlinedModel (http://localhost:3000/_next/static/chunks/node_modules_next_dist_compiled_react-server-dom-turbopack_164kp-6._.js:1487:28)
    at parseModelString (http://localhost:3000/_next/static/chunks/node_modules_next_dist_compiled_react-server-dom-turbopack_164kp-6._.js:1602:50)
    at reviveModel (http://localhost:3000/_next/static/chunks/node_modules_next_dist_compiled_react-server-dom-turbopack_164kp-6._.js:2544:66)
    at parseModel (http://localhost:3000/_next/static/chunks/node_modules_next_dist_compiled_react-server-dom-turbopack_164kp-6._.js:2539:16)
    at initializeModelChunk (http://localhost:3000/_next/static/chunks/node_modules_next_dist_compiled_react-server-dom-turbopack_164kp-6._.js:1100:25)
    at getOutlinedModel (http://localhost:3000/_next/static/chunks/node_modules_next_dist_compiled_react-server-dom-turbopack_164kp-6._.js:1423:17)
    at parseModelString (http://localhost:3000/_next/static/chunks/node_modules_next_dist_compiled_react-server-dom-turbopack_164kp-6._.js:1657:50)
    at reviveModel (http://localhost:3000/_next/static/chunks/node_modules_next_dist_compiled_react-server-dom-turbopack_164kp-6._.js:2544:66)
    at reviveModel (http://localhost:3000/_next/static/chunks/node_modules_next_dist_compiled_react-server-dom-turbopack_164kp-6._.js:2547:61)
    at parseModel (http://localhost:3000/_next/static/chunks/node_modules_next_dist_compiled_react-server-dom-turbopack_164kp-6._.js:2539:16)
    at initializeModelChunk (http://localhost:3000/_next/static/chunks/node_modules_next_dist_compiled_react-server-dom-turbopack_164kp-6._.js:1100:25)
    at resolveConsoleEntry (http://localhost:3000/_next/static/chunks/node_modules_next_dist_compiled_react-server-dom-turbopack_164kp-6._.js:2069:96)
    at processFullStringRow (http://localhost:3000/_next/static/chunks/node_modules_next_dist_compiled_react-server-dom-turbopack_164kp-6._.js:2475:17)
    at processFullBinaryRow (http://localhost:3000/_next/static/chunks/node_modules_next_dist_compiled_react-server-dom-turbopack_164kp-6._.js:2415:9)
    at processBinaryChunk (http://localhost:3000/_next/static/chunks/node_modules_next_dist_compiled_react-server-dom-turbopack_164kp-6._.js:2524:221)
    at progress (http://localhost:3000/_next/static/chunks/node_modules_next_dist_compiled_react-server-dom-turbopack_164kp-6._.js:2698:20) @ http://localhost:3000/_next/static/chunks/node_modules_next_dist_1e8vcs8._.js:1052
[  247406ms] [ERROR] %c%s%c background: #e6e6e6;background: light-dark(rgba(0,0,0,0.1), rgba(255,255,255,0.25));color: #000000;color: light-dark(#000000, #ffffff);border-radius: 2px  Server   Error: MISSING_MESSAGE: Could not resolve `admission.noEntranceExam` in messages for locale `en`.
    at renderMatchMessage (about://React/Server/D:%5C%D0%BF%D1%80%D0%BE%D0%B5%D0%BA%D1%82%D1%8B%5CUnikchoose%5C.next%5Cdev%5Cserver%5Cchunks%5Cssr%5C%5Broot-of-the-server%5D__1622ik9._.js?65:822:12)
    at <anonymous> (about://React/Server/D:%5C%D0%BF%D1%80%D0%BE%D0%B5%D0%BA%D1%82%D1%8B%5CUnikchoose%5C.next%5Cdev%5Cserver%5Cchunks%5Cssr%5C%5Broot-of-the-server%5D__1622ik9._.js?66:1056:211)
    at Array.map (<anonymous>:1:18)
    at ProgrammeCard (about://React/Server/D:%5C%D0%BF%D1%80%D0%BE%D0%B5%D0%BA%D1%82%D1%8B%5CUnikchoose%5C.next%5Cdev%5Cserver%5Cchunks%5Cssr%5C%5Broot-of-the-server%5D__1622ik9._.js?67:1043:50)
    at resolveErrorDev (http://localhost:3000/_next/static/chunks/node_modules_next_dist_compiled_react-server-dom-turbopack_164kp-6._.js:1937:105)
    at getOutlinedModel (http://localhost:3000/_next/static/chunks/node_modules_next_dist_compiled_react-server-dom-turbopack_164kp-6._.js:1487:28)
    at parseModelString (http://localhost:3000/_next/static/chunks/node_modules_next_dist_compiled_react-server-dom-turbopack_164kp-6._.js:1602:50)
    at reviveModel (http://localhost:3000/_next/static/chunks/node_modules_next_dist_compiled_react-server-dom-turbopack_164kp-6._.js:2544:66)
    at parseModel (http://localhost:3000/_next/static/chunks/node_modules_next_dist_compiled_react-server-dom-turbopack_164kp-6._.js:2539:16)
    at initializeModelChunk (http://localhost:3000/_next/static/chunks/node_modules_next_dist_compiled_react-server-dom-turbopack_164kp-6._.js:1100:25)
    at getOutlinedModel (http://localhost:3000/_next/static/chunks/node_modules_next_dist_compiled_react-server-dom-turbopack_164kp-6._.js:1423:17)
    at parseModelString (http://localhost:3000/_next/static/chunks/node_modules_next_dist_compiled_react-server-dom-turbopack_164kp-6._.js:1657:50)
    at reviveModel (http://localhost:3000/_next/static/chunks/node_modules_next_dist_compiled_react-server-dom-turbopack_164kp-6._.js:2544:66)
    at reviveModel (http://localhost:3000/_next/static/chunks/node_modules_next_dist_compiled_react-server-dom-turbopack_164kp-6._.js:2547:61)
    at parseModel (http://localhost:3000/_next/static/chunks/node_modules_next_dist_compiled_react-server-dom-turbopack_164kp-6._.js:2539:16)
    at initializeModelChunk (http://localhost:3000/_next/static/chunks/node_modules_next_dist_compiled_react-server-dom-turbopack_164kp-6._.js:1100:25)
    at resolveConsoleEntry (http://localhost:3000/_next/static/chunks/node_modules_next_dist_compiled_react-server-dom-turbopack_164kp-6._.js:2069:96)
    at processFullStringRow (http://localhost:3000/_next/static/chunks/node_modules_next_dist_compiled_react-server-dom-turbopack_164kp-6._.js:2475:17)
    at processFullBinaryRow (http://localhost:3000/_next/static/chunks/node_modules_next_dist_compiled_react-server-dom-turbopack_164kp-6._.js:2415:9)
    at processBinaryChunk (http://localhost:3000/_next/static/chunks/node_modules_next_dist_compiled_react-server-dom-turbopack_164kp-6._.js:2524:221)
    at progress (http://localhost:3000/_next/static/chunks/node_modules_next_dist_compiled_react-server-dom-turbopack_164kp-6._.js:2698:20) @ http://localhost:3000/_next/static/chunks/node_modules_next_dist_1e8vcs8._.js:1052
[  247406ms] [ERROR] %c%s%c background: #e6e6e6;background: light-dark(rgba(0,0,0,0.1), rgba(255,255,255,0.25));color: #000000;color: light-dark(#000000, #ffffff);border-radius: 2px  Server   Error: MISSING_MESSAGE: Could not resolve `support.internationalOffice` in messages for locale `en`.
    at renderMatchMessage (about://React/Server/D:%5C%D0%BF%D1%80%D0%BE%D0%B5%D0%BA%D1%82%D1%8B%5CUnikchoose%5C.next%5Cdev%5Cserver%5Cchunks%5Cssr%5C%5Broot-of-the-server%5D__1622ik9._.js?65:822:12)
    at <anonymous> (about://React/Server/D:%5C%D0%BF%D1%80%D0%BE%D0%B5%D0%BA%D1%82%D1%8B%5CUnikchoose%5C.next%5Cdev%5Cserver%5Cchunks%5Cssr%5C%5Broot-of-the-server%5D__1622ik9._.js?66:1056:211)
    at Array.map (<anonymous>:1:18)
    at ProgrammeCard (about://React/Server/D:%5C%D0%BF%D1%80%D0%BE%D0%B5%D0%BA%D1%82%D1%8B%5CUnikchoose%5C.next%5Cdev%5Cserver%5Cchunks%5Cssr%5C%5Broot-of-the-server%5D__1622ik9._.js?67:1043:50)
    at resolveErrorDev (http://localhost:3000/_next/static/chunks/node_modules_next_dist_compiled_react-server-dom-turbopack_164kp-6._.js:1937:105)
    at getOutlinedModel (http://localhost:3000/_next/static/chunks/node_modules_next_dist_compiled_react-server-dom-turbopack_164kp-6._.js:1487:28)
    at parseModelString (http://localhost:3000/_next/static/chunks/node_modules_next_dist_compiled_react-server-dom-turbopack_164kp-6._.js:1602:50)
    at reviveModel (http://localhost:3000/_next/static/chunks/node_modules_next_dist_compiled_react-server-dom-turbopack_164kp-6._.js:2544:66)
    at parseModel (http://localhost:3000/_next/static/chunks/node_modules_next_dist_compiled_react-server-dom-turbopack_164kp-6._.js:2539:16)
    at initializeModelChunk (http://localhost:3000/_next/static/chunks/node_modules_next_dist_compiled_react-server-dom-turbopack_164kp-6._.js:1100:25)
    at getOutlinedModel (http://localhost:3000/_next/static/chunks/node_modules_next_dist_compiled_react-server-dom-turbopack_164kp-6._.js:1423:17)
    at parseModelString (http://localhost:3000/_next/static/chunks/node_modules_next_dist_compiled_react-server-dom-turbopack_164kp-6._.js:1657:50)
    at reviveModel (http://localhost:3000/_next/static/chunks/node_modules_next_dist_compiled_react-server-dom-turbopack_164kp-6._.js:2544:66)
    at reviveModel (http://localhost:3000/_next/static/chunks/node_modules_next_dist_compiled_react-server-dom-turbopack_164kp-6._.js:2547:61)
    at parseModel (http://localhost:3000/_next/static/chunks/node_modules_next_dist_compiled_react-server-dom-turbopack_164kp-6._.js:2539:16)
    at initializeModelChunk (http://localhost:3000/_next/static/chunks/node_modules_next_dist_compiled_react-server-dom-turbopack_164kp-6._.js:1100:25)
    at resolveConsoleEntry (http://localhost:3000/_next/static/chunks/node_modules_next_dist_compiled_react-server-dom-turbopack_164kp-6._.js:2069:96)
    at processFullStringRow (http://localhost:3000/_next/static/chunks/node_modules_next_dist_compiled_react-server-dom-turbopack_164kp-6._.js:2475:17)
    at processFullBinaryRow (http://localhost:3000/_next/static/chunks/node_modules_next_dist_compiled_react-server-dom-turbopack_164kp-6._.js:2415:9)
    at processBinaryChunk (http://localhost:3000/_next/static/chunks/node_modules_next_dist_compiled_react-server-dom-turbopack_164kp-6._.js:2524:221)
    at progress (http://localhost:3000/_next/static/chunks/node_modules_next_dist_compiled_react-server-dom-turbopack_164kp-6._.js:2698:20) @ http://localhost:3000/_next/static/chunks/node_modules_next_dist_1e8vcs8._.js:1052
[  247406ms] [ERROR] %c%s%c background: #e6e6e6;background: light-dark(rgba(0,0,0,0.1), rgba(255,255,255,0.25));color: #000000;color: light-dark(#000000, #ffffff);border-radius: 2px  Server   Error: MISSING_MESSAGE: Could not resolve `budget.missingBudget` in messages for locale `en`.
    at renderMatchMessage (about://React/Server/D:%5C%D0%BF%D1%80%D0%BE%D0%B5%D0%BA%D1%82%D1%8B%5CUnikchoose%5C.next%5Cdev%5Cserver%5Cchunks%5Cssr%5C%5Broot-of-the-server%5D__1622ik9._.js?65:822:12)
    at ProgrammeCard (about://React/Server/D:%5C%D0%BF%D1%80%D0%BE%D0%B5%D0%BA%D1%82%D1%8B%5CUnikchoose%5C.next%5Cdev%5Cserver%5Cchunks%5Cssr%5C%5Broot-of-the-server%5D__1622ik9._.js?70:1102:203)
    at resolveErrorDev (http://localhost:3000/_next/static/chunks/node_modules_next_dist_compiled_react-server-dom-turbopack_164kp-6._.js:1937:105)
    at getOutlinedModel (http://localhost:3000/_next/static/chunks/node_modules_next_dist_compiled_react-server-dom-turbopack_164kp-6._.js:1487:28)
    at parseModelString (http://localhost:3000/_next/static/chunks/node_modules_next_dist_compiled_react-server-dom-turbopack_164kp-6._.js:1602:50)
    at reviveModel (http://localhost:3000/_next/static/chunks/node_modules_next_dist_compiled_react-server-dom-turbopack_164kp-6._.js:2544:66)
    at parseModel (http://localhost:3000/_next/static/chunks/node_modules_next_dist_compiled_react-server-dom-turbopack_164kp-6._.js:2539:16)
    at initializeModelChunk (http://localhost:3000/_next/static/chunks/node_modules_next_dist_compiled_react-server-dom-turbopack_164kp-6._.js:1100:25)
    at getOutlinedModel (http://localhost:3000/_next/static/chunks/node_modules_next_dist_compiled_react-server-dom-turbopack_164kp-6._.js:1423:17)
    at parseModelString (http://localhost:3000/_next/static/chunks/node_modules_next_dist_compiled_react-server-dom-turbopack_164kp-6._.js:1657:50)
    at reviveModel (http://localhost:3000/_next/static/chunks/node_modules_next_dist_compiled_react-server-dom-turbopack_164kp-6._.js:2544:66)
    at reviveModel (http://localhost:3000/_next/static/chunks/node_modules_next_dist_compiled_react-server-dom-turbopack_164kp-6._.js:2547:61)
    at parseModel (http://localhost:3000/_next/static/chunks/node_modules_next_dist_compiled_react-server-dom-turbopack_164kp-6._.js:2539:16)
    at initializeModelChunk (http://localhost:3000/_next/static/chunks/node_modules_next_dist_compiled_react-server-dom-turbopack_164kp-6._.js:1100:25)
    at resolveConsoleEntry (http://localhost:3000/_next/static/chunks/node_modules_next_dist_compiled_react-server-dom-turbopack_164kp-6._.js:2069:96)
    at processFullStringRow (http://localhost:3000/_next/static/chunks/node_modules_next_dist_compiled_react-server-dom-turbopack_164kp-6._.js:2475:17)
    at processFullBinaryRow (http://localhost:3000/_next/static/chunks/node_modules_next_dist_compiled_react-server-dom-turbopack_164kp-6._.js:2415:9)
    at processBinaryChunk (http://localhost:3000/_next/static/chunks/node_modules_next_dist_compiled_react-server-dom-turbopack_164kp-6._.js:2524:221)
    at progress (http://localhost:3000/_next/static/chunks/node_modules_next_dist_compiled_react-server-dom-turbopack_164kp-6._.js:2698:20) @ http://localhost:3000/_next/static/chunks/node_modules_next_dist_1e8vcs8._.js:1052
[  247406ms] [ERROR] %c%s%c background: #e6e6e6;background: light-dark(rgba(0,0,0,0.1), rgba(255,255,255,0.25));color: #000000;color: light-dark(#000000, #ffffff);border-radius: 2px  Server   Error: MISSING_MESSAGE: Could not resolve `support.dormitory` in messages for locale `en`.
    at renderMatchMessage (about://React/Server/D:%5C%D0%BF%D1%80%D0%BE%D0%B5%D0%BA%D1%82%D1%8B%5CUnikchoose%5C.next%5Cdev%5Cserver%5Cchunks%5Cssr%5C%5Broot-of-the-server%5D__1622ik9._.js?65:822:12)
    at <anonymous> (about://React/Server/D:%5C%D0%BF%D1%80%D0%BE%D0%B5%D0%BA%D1%82%D1%8B%5CUnikchoose%5C.next%5Cdev%5Cserver%5Cchunks%5Cssr%5C%5Broot-of-the-server%5D__1622ik9._.js?73:1329:227)
    at Array.map (<anonymous>:1:18)
    at ProgrammeCard (about://React/Server/D:%5C%D0%BF%D1%80%D0%BE%D0%B5%D0%BA%D1%82%D1%8B%5CUnikchoose%5C.next%5Cdev%5Cserver%5Cchunks%5Cssr%5C%5Broot-of-the-server%5D__1622ik9._.js?74:1316:63)
    at resolveErrorDev (http://localhost:3000/_next/static/chunks/node_modules_next_dist_compiled_react-server-dom-turbopack_164kp-6._.js:1937:105)
    at getOutlinedModel (http://localhost:3000/_next/static/chunks/node_modules_next_dist_compiled_react-server-dom-turbopack_164kp-6._.js:1487:28)
    at parseModelString (http://localhost:3000/_next/static/chunks/node_modules_next_dist_compiled_react-server-dom-turbopack_164kp-6._.js:1602:50)
    at reviveModel (http://localhost:3000/_next/static/chunks/node_modules_next_dist_compiled_react-server-dom-turbopack_164kp-6._.js:2544:66)
    at parseModel (http://localhost:3000/_next/static/chunks/node_modules_next_dist_compiled_react-server-dom-turbopack_164kp-6._.js:2539:16)
    at initializeModelChunk (http://localhost:3000/_next/static/chunks/node_modules_next_dist_compiled_react-server-dom-turbopack_164kp-6._.js:1100:25)
    at getOutlinedModel (http://localhost:3000/_next/static/chunks/node_modules_next_dist_compiled_react-server-dom-turbopack_164kp-6._.js:1423:17)
    at parseModelString (http://localhost:3000/_next/static/chunks/node_modules_next_dist_compiled_react-server-dom-turbopack_164kp-6._.js:1657:50)
    at reviveModel (http://localhost:3000/_next/static/chunks/node_modules_next_dist_compiled_react-server-dom-turbopack_164kp-6._.js:2544:66)
    at reviveModel (http://localhost:3000/_next/static/chunks/node_modules_next_dist_compiled_react-server-dom-turbopack_164kp-6._.js:2547:61)
    at parseModel (http://localhost:3000/_next/static/chunks/node_modules_next_dist_compiled_react-server-dom-turbopack_164kp-6._.js:2539:16)
    at initializeModelChunk (http://localhost:3000/_next/static/chunks/node_modules_next_dist_compiled_react-server-dom-turbopack_164kp-6._.js:1100:25)
    at resolveConsoleEntry (http://localhost:3000/_next/static/chunks/node_modules_next_dist_compiled_react-server-dom-turbopack_164kp-6._.js:2069:96)
    at processFullStringRow (http://localhost:3000/_next/static/chunks/node_modules_next_dist_compiled_react-server-dom-turbopack_164kp-6._.js:2475:17)
    at processFullBinaryRow (http://localhost:3000/_next/static/chunks/node_modules_next_dist_compiled_react-server-dom-turbopack_164kp-6._.js:2415:9)
    at processBinaryChunk (http://localhost:3000/_next/static/chunks/node_modules_next_dist_compiled_react-server-dom-turbopack_164kp-6._.js:2524:221)
    at progress (http://localhost:3000/_next/static/chunks/node_modules_next_dist_compiled_react-server-dom-turbopack_164kp-6._.js:2698:20) @ http://localhost:3000/_next/static/chunks/node_modules_next_dist_1e8vcs8._.js:1052
[  247406ms] [ERROR] %c%s%c background: #e6e6e6;background: light-dark(rgba(0,0,0,0.1), rgba(255,255,255,0.25));color: #000000;color: light-dark(#000000, #ffffff);border-radius: 2px  Server   Error: MISSING_MESSAGE: Could not resolve `location.missingLocationPreference` in messages for locale `en`.
    at renderMatchMessage (about://React/Server/D:%5C%D0%BF%D1%80%D0%BE%D0%B5%D0%BA%D1%82%D1%8B%5CUnikchoose%5C.next%5Cdev%5Cserver%5Cchunks%5Cssr%5C%5Broot-of-the-server%5D__1622ik9._.js?65:822:12)
    at <anonymous> (about://React/Server/D:%5C%D0%BF%D1%80%D0%BE%D0%B5%D0%BA%D1%82%D1%8B%5CUnikchoose%5C.next%5Cdev%5Cserver%5Cchunks%5Cssr%5C%5Broot-of-the-server%5D__1622ik9._.js?71:1378:227)
    at Array.map (<anonymous>:1:18)
    at ProgrammeCard (about://React/Server/D:%5C%D0%BF%D1%80%D0%BE%D0%B5%D0%BA%D1%82%D1%8B%5CUnikchoose%5C.next%5Cdev%5Cserver%5Cchunks%5Cssr%5C%5Broot-of-the-server%5D__1622ik9._.js?72:1365:64)
    at resolveErrorDev (http://localhost:3000/_next/static/chunks/node_modules_next_dist_compiled_react-server-dom-turbopack_164kp-6._.js:1937:105)
    at getOutlinedModel (http://localhost:3000/_next/static/chunks/node_modules_next_dist_compiled_react-server-dom-turbopack_164kp-6._.js:1487:28)
    at parseModelString (http://localhost:3000/_next/static/chunks/node_modules_next_dist_compiled_react-server-dom-turbopack_164kp-6._.js:1602:50)
    at reviveModel (http://localhost:3000/_next/static/chunks/node_modules_next_dist_compiled_react-server-dom-turbopack_164kp-6._.js:2544:66)
    at parseModel (http://localhost:3000/_next/static/chunks/node_modules_next_dist_compiled_react-server-dom-turbopack_164kp-6._.js:2539:16)
    at initializeModelChunk (http://localhost:3000/_next/static/chunks/node_modules_next_dist_compiled_react-server-dom-turbopack_164kp-6._.js:1100:25)
    at getOutlinedModel (http://localhost:3000/_next/static/chunks/node_modules_next_dist_compiled_react-server-dom-turbopack_164kp-6._.js:1423:17)
    at parseModelString (http://localhost:3000/_next/static/chunks/node_modules_next_dist_compiled_react-server-dom-turbopack_164kp-6._.js:1657:50)
    at reviveModel (http://localhost:3000/_next/static/chunks/node_modules_next_dist_compiled_react-server-dom-turbopack_164kp-6._.js:2544:66)
    at reviveModel (http://localhost:3000/_next/static/chunks/node_modules_next_dist_compiled_react-server-dom-turbopack_164kp-6._.js:2547:61)
    at parseModel (http://localhost:3000/_next/static/chunks/node_modules_next_dist_compiled_react-server-dom-turbopack_164kp-6._.js:2539:16)
    at initializeModelChunk (http://localhost:3000/_next/static/chunks/node_modules_next_dist_compiled_react-server-dom-turbopack_164kp-6._.js:1100:25)
    at resolveConsoleEntry (http://localhost:3000/_next/static/chunks/node_modules_next_dist_compiled_react-server-dom-turbopack_164kp-6._.js:2069:96)
    at processFullStringRow (http://localhost:3000/_next/static/chunks/node_modules_next_dist_compiled_react-server-dom-turbopack_164kp-6._.js:2475:17)
    at processFullBinaryRow (http://localhost:3000/_next/static/chunks/node_modules_next_dist_compiled_react-server-dom-turbopack_164kp-6._.js:2415:9)
    at processBinaryChunk (http://localhost:3000/_next/static/chunks/node_modules_next_dist_compiled_react-server-dom-turbopack_164kp-6._.js:2524:221)
    at progress (http://localhost:3000/_next/static/chunks/node_modules_next_dist_compiled_react-server-dom-turbopack_164kp-6._.js:2698:20) @ http://localhost:3000/_next/static/chunks/node_modules_next_dist_1e8vcs8._.js:1052
[  247407ms] [ERROR] %c%s%c background: #e6e6e6;background: light-dark(rgba(0,0,0,0.1), rgba(255,255,255,0.25));color: #000000;color: light-dark(#000000, #ffffff);border-radius: 2px  Server   Error: MISSING_MESSAGE: Could not resolve `career.missingData` in messages for locale `en`.
    at renderMatchMessage (about://React/Server/D:%5C%D0%BF%D1%80%D0%BE%D0%B5%D0%BA%D1%82%D1%8B%5CUnikchoose%5C.next%5Cdev%5Cserver%5Cchunks%5Cssr%5C%5Broot-of-the-server%5D__1622ik9._.js?65:822:12)
    at <anonymous> (about://React/Server/D:%5C%D0%BF%D1%80%D0%BE%D0%B5%D0%BA%D1%82%D1%8B%5CUnikchoose%5C.next%5Cdev%5Cserver%5Cchunks%5Cssr%5C%5Broot-of-the-server%5D__1622ik9._.js?71:1378:227)
    at Array.map (<anonymous>:1:18)
    at ProgrammeCard (about://React/Server/D:%5C%D0%BF%D1%80%D0%BE%D0%B5%D0%BA%D1%82%D1%8B%5CUnikchoose%5C.next%5Cdev%5Cserver%5Cchunks%5Cssr%5C%5Broot-of-the-server%5D__1622ik9._.js?72:1365:64)
    at resolveErrorDev (http://localhost:3000/_next/static/chunks/node_modules_next_dist_compiled_react-server-dom-turbopack_164kp-6._.js:1937:105)
    at getOutlinedModel (http://localhost:3000/_next/static/chunks/node_modules_next_dist_compiled_react-server-dom-turbopack_164kp-6._.js:1487:28)
    at parseModelString (http://localhost:3000/_next/static/chunks/node_modules_next_dist_compiled_react-server-dom-turbopack_164kp-6._.js:1602:50)
    at reviveModel (http://localhost:3000/_next/static/chunks/node_modules_next_dist_compiled_react-server-dom-turbopack_164kp-6._.js:2544:66)
    at parseModel (http://localhost:3000/_next/static/chunks/node_modules_next_dist_compiled_react-server-dom-turbopack_164kp-6._.js:2539:16)
    at initializeModelChunk (http://localhost:3000/_next/static/chunks/node_modules_next_dist_compiled_react-server-dom-turbopack_164kp-6._.js:1100:25)
    at getOutlinedModel (http://localhost:3000/_next/static/chunks/node_modules_next_dist_compiled_react-server-dom-turbopack_164kp-6._.js:1423:17)
    at parseModelString (http://localhost:3000/_next/static/chunks/node_modules_next_dist_compiled_react-server-dom-turbopack_164kp-6._.js:1657:50)
    at reviveModel (http://localhost:3000/_next/static/chunks/node_modules_next_dist_compiled_react-server-dom-turbopack_164kp-6._.js:2544:66)
    at reviveModel (http://localhost:3000/_next/static/chunks/node_modules_next_dist_compiled_react-server-dom-turbopack_164kp-6._.js:2547:61)
    at parseModel (http://localhost:3000/_next/static/chunks/node_modules_next_dist_compiled_react-server-dom-turbopack_164kp-6._.js:2539:16)
    at initializeModelChunk (http://localhost:3000/_next/static/chunks/node_modules_next_dist_compiled_react-server-dom-turbopack_164kp-6._.js:1100:25)
    at resolveConsoleEntry (http://localhost:3000/_next/static/chunks/node_modules_next_dist_compiled_react-server-dom-turbopack_164kp-6._.js:2069:96)
    at processFullStringRow (http://localhost:3000/_next/static/chunks/node_modules_next_dist_compiled_react-server-dom-turbopack_164kp-6._.js:2475:17)
    at processFullBinaryRow (http://localhost:3000/_next/static/chunks/node_modules_next_dist_compiled_react-server-dom-turbopack_164kp-6._.js:2415:9)
    at processBinaryChunk (http://localhost:3000/_next/static/chunks/node_modules_next_dist_compiled_react-server-dom-turbopack_164kp-6._.js:2524:221)
    at progress (http://localhost:3000/_next/static/chunks/node_modules_next_dist_compiled_react-server-dom-turbopack_164kp-6._.js:2698:20) @ http://localhost:3000/_next/static/chunks/node_modules_next_dist_1e8vcs8._.js:1052
[  247407ms] [ERROR] %c%s%c background: #e6e6e6;background: light-dark(rgba(0,0,0,0.1), rgba(255,255,255,0.25));color: #000000;color: light-dark(#000000, #ffffff);border-radius: 2px  Server   Error: MISSING_MESSAGE: Could not resolve `format.missingPreference` in messages for locale `en`.
    at renderMatchMessage (about://React/Server/D:%5C%D0%BF%D1%80%D0%BE%D0%B5%D0%BA%D1%82%D1%8B%5CUnikchoose%5C.next%5Cdev%5Cserver%5Cchunks%5Cssr%5C%5Broot-of-the-server%5D__1622ik9._.js?65:822:12)
    at <anonymous> (about://React/Server/D:%5C%D0%BF%D1%80%D0%BE%D0%B5%D0%BA%D1%82%D1%8B%5CUnikchoose%5C.next%5Cdev%5Cserver%5Cchunks%5Cssr%5C%5Broot-of-the-server%5D__1622ik9._.js?71:1378:227)
    at Array.map (<anonymous>:1:18)
    at ProgrammeCard (about://React/Server/D:%5C%D0%BF%D1%80%D0%BE%D0%B5%D0%BA%D1%82%D1%8B%5CUnikchoose%5C.next%5Cdev%5Cserver%5Cchunks%5Cssr%5C%5Broot-of-the-server%5D__1622ik9._.js?72:1365:64)
    at resolveErrorDev (http://localhost:3000/_next/static/chunks/node_modules_next_dist_compiled_react-server-dom-turbopack_164kp-6._.js:1937:105)
    at getOutlinedModel (http://localhost:3000/_next/static/chunks/node_modules_next_dist_compiled_react-server-dom-turbopack_164kp-6._.js:1487:28)
    at parseModelString (http://localhost:3000/_next/static/chunks/node_modules_next_dist_compiled_react-server-dom-turbopack_164kp-6._.js:1602:50)
    at reviveModel (http://localhost:3000/_next/static/chunks/node_modules_next_dist_compiled_react-server-dom-turbopack_164kp-6._.js:2544:66)
    at parseModel (http://localhost:3000/_next/static/chunks/node_modules_next_dist_compiled_react-server-dom-turbopack_164kp-6._.js:2539:16)
    at initializeModelChunk (http://localhost:3000/_next/static/chunks/node_modules_next_dist_compiled_react-server-dom-turbopack_164kp-6._.js:1100:25)
    at getOutlinedModel (http://localhost:3000/_next/static/chunks/node_modules_next_dist_compiled_react-server-dom-turbopack_164kp-6._.js:1423:17)
    at parseModelString (http://localhost:3000/_next/static/chunks/node_modules_next_dist_compiled_react-server-dom-turbopack_164kp-6._.js:1657:50)
    at reviveModel (http://localhost:3000/_next/static/chunks/node_modules_next_dist_compiled_react-server-dom-turbopack_164kp-6._.js:2544:66)
    at reviveModel (http://localhost:3000/_next/static/chunks/node_modules_next_dist_compiled_react-server-dom-turbopack_164kp-6._.js:2547:61)
    at parseModel (http://localhost:3000/_next/static/chunks/node_modules_next_dist_compiled_react-server-dom-turbopack_164kp-6._.js:2539:16)
    at initializeModelChunk (http://localhost:3000/_next/static/chunks/node_modules_next_dist_compiled_react-server-dom-turbopack_164kp-6._.js:1100:25)
    at resolveConsoleEntry (http://localhost:3000/_next/static/chunks/node_modules_next_dist_compiled_react-server-dom-turbopack_164kp-6._.js:2069:96)
    at processFullStringRow (http://localhost:3000/_next/static/chunks/node_modules_next_dist_compiled_react-server-dom-turbopack_164kp-6._.js:2475:17)
    at processFullBinaryRow (http://localhost:3000/_next/static/chunks/node_modules_next_dist_compiled_react-server-dom-turbopack_164kp-6._.js:2415:9)
    at processBinaryChunk (http://localhost:3000/_next/static/chunks/node_modules_next_dist_compiled_react-server-dom-turbopack_164kp-6._.js:2524:221)
    at progress (http://localhost:3000/_next/static/chunks/node_modules_next_dist_compiled_react-server-dom-turbopack_164kp-6._.js:2698:20) @ http://localhost:3000/_next/static/chunks/node_modules_next_dist_1e8vcs8._.js:1052
[  247407ms] [ERROR] %c%s%c background: #e6e6e6;background: light-dark(rgba(0,0,0,0.1), rgba(255,255,255,0.25));color: #000000;color: light-dark(#000000, #ffffff);border-radius: 2px  Server   Error: MISSING_MESSAGE: Could not resolve `lifestyle.missingData` in messages for locale `en`.
    at renderMatchMessage (about://React/Server/D:%5C%D0%BF%D1%80%D0%BE%D0%B5%D0%BA%D1%82%D1%8B%5CUnikchoose%5C.next%5Cdev%5Cserver%5Cchunks%5Cssr%5C%5Broot-of-the-server%5D__1622ik9._.js?65:822:12)
    at <anonymous> (about://React/Server/D:%5C%D0%BF%D1%80%D0%BE%D0%B5%D0%BA%D1%82%D1%8B%5CUnikchoose%5C.next%5Cdev%5Cserver%5Cchunks%5Cssr%5C%5Broot-of-the-server%5D__1622ik9._.js?71:1378:227)
    at Array.map (<anonymous>:1:18)
    at ProgrammeCard (about://React/Server/D:%5C%D0%BF%D1%80%D0%BE%D0%B5%D0%BA%D1%82%D1%8B%5CUnikchoose%5C.next%5Cdev%5Cserver%5Cchunks%5Cssr%5C%5Broot-of-the-server%5D__1622ik9._.js?72:1365:64)
    at resolveErrorDev (http://localhost:3000/_next/static/chunks/node_modules_next_dist_compiled_react-server-dom-turbopack_164kp-6._.js:1937:105)
    at getOutlinedModel (http://localhost:3000/_next/static/chunks/node_modules_next_dist_compiled_react-server-dom-turbopack_164kp-6._.js:1487:28)
    at parseModelString (http://localhost:3000/_next/static/chunks/node_modules_next_dist_compiled_react-server-dom-turbopack_164kp-6._.js:1602:50)
    at reviveModel (http://localhost:3000/_next/static/chunks/node_modules_next_dist_compiled_react-server-dom-turbopack_164kp-6._.js:2544:66)
    at parseModel (http://localhost:3000/_next/static/chunks/node_modules_next_dist_compiled_react-server-dom-turbopack_164kp-6._.js:2539:16)
    at initializeModelChunk (http://localhost:3000/_next/static/chunks/node_modules_next_dist_compiled_react-server-dom-turbopack_164kp-6._.js:1100:25)
    at getOutlinedModel (http://localhost:3000/_next/static/chunks/node_modules_next_dist_compiled_react-server-dom-turbopack_164kp-6._.js:1423:17)
    at parseModelString (http://localhost:3000/_next/static/chunks/node_modules_next_dist_compiled_react-server-dom-turbopack_164kp-6._.js:1657:50)
    at reviveModel (http://localhost:3000/_next/static/chunks/node_modules_next_dist_compiled_react-server-dom-turbopack_164kp-6._.js:2544:66)
    at reviveModel (http://localhost:3000/_next/static/chunks/node_modules_next_dist_compiled_react-server-dom-turbopack_164kp-6._.js:2547:61)
    at parseModel (http://localhost:3000/_next/static/chunks/node_modules_next_dist_compiled_react-server-dom-turbopack_164kp-6._.js:2539:16)
    at initializeModelChunk (http://localhost:3000/_next/static/chunks/node_modules_next_dist_compiled_react-server-dom-turbopack_164kp-6._.js:1100:25)
    at resolveConsoleEntry (http://localhost:3000/_next/static/chunks/node_modules_next_dist_compiled_react-server-dom-turbopack_164kp-6._.js:2069:96)
    at processFullStringRow (http://localhost:3000/_next/static/chunks/node_modules_next_dist_compiled_react-server-dom-turbopack_164kp-6._.js:2475:17)
    at processFullBinaryRow (http://localhost:3000/_next/static/chunks/node_modules_next_dist_compiled_react-server-dom-turbopack_164kp-6._.js:2415:9)
    at processBinaryChunk (http://localhost:3000/_next/static/chunks/node_modules_next_dist_compiled_react-server-dom-turbopack_164kp-6._.js:2524:221)
    at progress (http://localhost:3000/_next/static/chunks/node_modules_next_dist_compiled_react-server-dom-turbopack_164kp-6._.js:2698:20) @ http://localhost:3000/_next/static/chunks/node_modules_next_dist_1e8vcs8._.js:1052
[  247407ms] [ERROR] %c%s%c background: #e6e6e6;background: light-dark(rgba(0,0,0,0.1), rgba(255,255,255,0.25));color: #000000;color: light-dark(#000000, #ffffff);border-radius: 2px  Server   Error: MISSING_MESSAGE: Could not resolve `language.matchesPreferredLanguage` in messages for locale `en`.
    at renderMatchMessage (about://React/Server/D:%5C%D0%BF%D1%80%D0%BE%D0%B5%D0%BA%D1%82%D1%8B%5CUnikchoose%5C.next%5Cdev%5Cserver%5Cchunks%5Cssr%5C%5Broot-of-the-server%5D__1622ik9._.js?65:822:12)
    at <anonymous> (about://React/Server/D:%5C%D0%BF%D1%80%D0%BE%D0%B5%D0%BA%D1%82%D1%8B%5CUnikchoose%5C.next%5Cdev%5Cserver%5Cchunks%5Cssr%5C%5Broot-of-the-server%5D__1622ik9._.js?66:1056:211)
    at Array.map (<anonymous>:1:18)
    at ProgrammeCard (about://React/Server/D:%5C%D0%BF%D1%80%D0%BE%D0%B5%D0%BA%D1%82%D1%8B%5CUnikchoose%5C.next%5Cdev%5Cserver%5Cchunks%5Cssr%5C%5Broot-of-the-server%5D__1622ik9._.js?67:1043:50)
    at resolveErrorDev (http://localhost:3000/_next/static/chunks/node_modules_next_dist_compiled_react-server-dom-turbopack_164kp-6._.js:1937:105)
    at getOutlinedModel (http://localhost:3000/_next/static/chunks/node_modules_next_dist_compiled_react-server-dom-turbopack_164kp-6._.js:1487:28)
    at parseModelString (http://localhost:3000/_next/static/chunks/node_modules_next_dist_compiled_react-server-dom-turbopack_164kp-6._.js:1602:50)
    at reviveModel (http://localhost:3000/_next/static/chunks/node_modules_next_dist_compiled_react-server-dom-turbopack_164kp-6._.js:2544:66)
    at parseModel (http://localhost:3000/_next/static/chunks/node_modules_next_dist_compiled_react-server-dom-turbopack_164kp-6._.js:2539:16)
    at initializeModelChunk (http://localhost:3000/_next/static/chunks/node_modules_next_dist_compiled_react-server-dom-turbopack_164kp-6._.js:1100:25)
    at getOutlinedModel (http://localhost:3000/_next/static/chunks/node_modules_next_dist_compiled_react-server-dom-turbopack_164kp-6._.js:1423:17)
    at parseModelString (http://localhost:3000/_next/static/chunks/node_modules_next_dist_compiled_react-server-dom-turbopack_164kp-6._.js:1657:50)
    at reviveModel (http://localhost:3000/_next/static/chunks/node_modules_next_dist_compiled_react-server-dom-turbopack_164kp-6._.js:2544:66)
    at reviveModel (http://localhost:3000/_next/static/chunks/node_modules_next_dist_compiled_react-server-dom-turbopack_164kp-6._.js:2547:61)
    at parseModel (http://localhost:3000/_next/static/chunks/node_modules_next_dist_compiled_react-server-dom-turbopack_164kp-6._.js:2539:16)
    at initializeModelChunk (http://localhost:3000/_next/static/chunks/node_modules_next_dist_compiled_react-server-dom-turbopack_164kp-6._.js:1100:25)
    at resolveConsoleEntry (http://localhost:3000/_next/static/chunks/node_modules_next_dist_compiled_react-server-dom-turbopack_164kp-6._.js:2069:96)
    at processFullStringRow (http://localhost:3000/_next/static/chunks/node_modules_next_dist_compiled_react-server-dom-turbopack_164kp-6._.js:2475:17)
    at processFullBinaryRow (http://localhost:3000/_next/static/chunks/node_modules_next_dist_compiled_react-server-dom-turbopack_164kp-6._.js:2415:9)
    at processBinaryChunk (http://localhost:3000/_next/static/chunks/node_modules_next_dist_compiled_react-server-dom-turbopack_164kp-6._.js:2524:221)
    at progress (http://localhost:3000/_next/static/chunks/node_modules_next_dist_compiled_react-server-dom-turbopack_164kp-6._.js:2698:20) @ http://localhost:3000/_next/static/chunks/node_modules_next_dist_1e8vcs8._.js:1052
[  247407ms] [ERROR] %c%s%c background: #e6e6e6;background: light-dark(rgba(0,0,0,0.1), rgba(255,255,255,0.25));color: #000000;color: light-dark(#000000, #ffffff);border-radius: 2px  Server   Error: MISSING_MESSAGE: Could not resolve `admission.noEntranceExam` in messages for locale `en`.
    at renderMatchMessage (about://React/Server/D:%5C%D0%BF%D1%80%D0%BE%D0%B5%D0%BA%D1%82%D1%8B%5CUnikchoose%5C.next%5Cdev%5Cserver%5Cchunks%5Cssr%5C%5Broot-of-the-server%5D__1622ik9._.js?65:822:12)
    at <anonymous> (about://React/Server/D:%5C%D0%BF%D1%80%D0%BE%D0%B5%D0%BA%D1%82%D1%8B%5CUnikchoose%5C.next%5Cdev%5Cserver%5Cchunks%5Cssr%5C%5Broot-of-the-server%5D__1622ik9._.js?66:1056:211)
    at Array.map (<anonymous>:1:18)
    at ProgrammeCard (about://React/Server/D:%5C%D0%BF%D1%80%D0%BE%D0%B5%D0%BA%D1%82%D1%8B%5CUnikchoose%5C.next%5Cdev%5Cserver%5Cchunks%5Cssr%5C%5Broot-of-the-server%5D__1622ik9._.js?67:1043:50)
    at resolveErrorDev (http://localhost:3000/_next/static/chunks/node_modules_next_dist_compiled_react-server-dom-turbopack_164kp-6._.js:1937:105)
    at getOutlinedModel (http://localhost:3000/_next/static/chunks/node_modules_next_dist_compiled_react-server-dom-turbopack_164kp-6._.js:1487:28)
    at parseModelString (http://localhost:3000/_next/static/chunks/node_modules_next_dist_compiled_react-server-dom-turbopack_164kp-6._.js:1602:50)
    at reviveModel (http://localhost:3000/_next/static/chunks/node_modules_next_dist_compiled_react-server-dom-turbopack_164kp-6._.js:2544:66)
    at parseModel (http://localhost:3000/_next/static/chunks/node_modules_next_dist_compiled_react-server-dom-turbopack_164kp-6._.js:2539:16)
    at initializeModelChunk (http://localhost:3000/_next/static/chunks/node_modules_next_dist_compiled_react-server-dom-turbopack_164kp-6._.js:1100:25)
    at getOutlinedModel (http://localhost:3000/_next/static/chunks/node_modules_next_dist_compiled_react-server-dom-turbopack_164kp-6._.js:1423:17)
    at parseModelString (http://localhost:3000/_next/static/chunks/node_modules_next_dist_compiled_react-server-dom-turbopack_164kp-6._.js:1657:50)
    at reviveModel (http://localhost:3000/_next/static/chunks/node_modules_next_dist_compiled_react-server-dom-turbopack_164kp-6._.js:2544:66)
    at reviveModel (http://localhost:3000/_next/static/chunks/node_modules_next_dist_compiled_react-server-dom-turbopack_164kp-6._.js:2547:61)
    at parseModel (http://localhost:3000/_next/static/chunks/node_modules_next_dist_compiled_react-server-dom-turbopack_164kp-6._.js:2539:16)
    at initializeModelChunk (http://localhost:3000/_next/static/chunks/node_modules_next_dist_compiled_react-server-dom-turbopack_164kp-6._.js:1100:25)
    at resolveConsoleEntry (http://localhost:3000/_next/static/chunks/node_modules_next_dist_compiled_react-server-dom-turbopack_164kp-6._.js:2069:96)
    at processFullStringRow (http://localhost:3000/_next/static/chunks/node_modules_next_dist_compiled_react-server-dom-turbopack_164kp-6._.js:2475:17)
    at processFullBinaryRow (http://localhost:3000/_next/static/chunks/node_modules_next_dist_compiled_react-server-dom-turbopack_164kp-6._.js:2415:9)
    at processBinaryChunk (http://localhost:3000/_next/static/chunks/node_modules_next_dist_compiled_react-server-dom-turbopack_164kp-6._.js:2524:221)
    at progress (http://localhost:3000/_next/static/chunks/node_modules_next_dist_compiled_react-server-dom-turbopack_164kp-6._.js:2698:20) @ http://localhost:3000/_next/static/chunks/node_modules_next_dist_1e8vcs8._.js:1052
[  247407ms] [ERROR] %c%s%c background: #e6e6e6;background: light-dark(rgba(0,0,0,0.1), rgba(255,255,255,0.25));color: #000000;color: light-dark(#000000, #ffffff);border-radius: 2px  Server   Error: MISSING_MESSAGE: Could not resolve `support.internationalOffice` in messages for locale `en`.
    at renderMatchMessage (about://React/Server/D:%5C%D0%BF%D1%80%D0%BE%D0%B5%D0%BA%D1%82%D1%8B%5CUnikchoose%5C.next%5Cdev%5Cserver%5Cchunks%5Cssr%5C%5Broot-of-the-server%5D__1622ik9._.js?65:822:12)
    at <anonymous> (about://React/Server/D:%5C%D0%BF%D1%80%D0%BE%D0%B5%D0%BA%D1%82%D1%8B%5CUnikchoose%5C.next%5Cdev%5Cserver%5Cchunks%5Cssr%5C%5Broot-of-the-server%5D__1622ik9._.js?66:1056:211)
    at Array.map (<anonymous>:1:18)
    at ProgrammeCard (about://React/Server/D:%5C%D0%BF%D1%80%D0%BE%D0%B5%D0%BA%D1%82%D1%8B%5CUnikchoose%5C.next%5Cdev%5Cserver%5Cchunks%5Cssr%5C%5Broot-of-the-server%5D__1622ik9._.js?67:1043:50)
    at resolveErrorDev (http://localhost:3000/_next/static/chunks/node_modules_next_dist_compiled_react-server-dom-turbopack_164kp-6._.js:1937:105)
    at getOutlinedModel (http://localhost:3000/_next/static/chunks/node_modules_next_dist_compiled_react-server-dom-turbopack_164kp-6._.js:1487:28)
    at parseModelString (http://localhost:3000/_next/static/chunks/node_modules_next_dist_compiled_react-server-dom-turbopack_164kp-6._.js:1602:50)
    at reviveModel (http://localhost:3000/_next/static/chunks/node_modules_next_dist_compiled_react-server-dom-turbopack_164kp-6._.js:2544:66)
    at parseModel (http://localhost:3000/_next/static/chunks/node_modules_next_dist_compiled_react-server-dom-turbopack_164kp-6._.js:2539:16)
    at initializeModelChunk (http://localhost:3000/_next/static/chunks/node_modules_next_dist_compiled_react-server-dom-turbopack_164kp-6._.js:1100:25)
    at getOutlinedModel (http://localhost:3000/_next/static/chunks/node_modules_next_dist_compiled_react-server-dom-turbopack_164kp-6._.js:1423:17)
    at parseModelString (http://localhost:3000/_next/static/chunks/node_modules_next_dist_compiled_react-server-dom-turbopack_164kp-6._.js:1657:50)
    at reviveModel (http://localhost:3000/_next/static/chunks/node_modules_next_dist_compiled_react-server-dom-turbopack_164kp-6._.js:2544:66)
    at reviveModel (http://localhost:3000/_next/static/chunks/node_modules_next_dist_compiled_react-server-dom-turbopack_164kp-6._.js:2547:61)
    at parseModel (http://localhost:3000/_next/static/chunks/node_modules_next_dist_compiled_react-server-dom-turbopack_164kp-6._.js:2539:16)
    at initializeModelChunk (http://localhost:3000/_next/static/chunks/node_modules_next_dist_compiled_react-server-dom-turbopack_164kp-6._.js:1100:25)
    at resolveConsoleEntry (http://localhost:3000/_next/static/chunks/node_modules_next_dist_compiled_react-server-dom-turbopack_164kp-6._.js:2069:96)
    at processFullStringRow (http://localhost:3000/_next/static/chunks/node_modules_next_dist_compiled_react-server-dom-turbopack_164kp-6._.js:2475:17)
    at processFullBinaryRow (http://localhost:3000/_next/static/chunks/node_modules_next_dist_compiled_react-server-dom-turbopack_164kp-6._.js:2415:9)
    at processBinaryChunk (http://localhost:3000/_next/static/chunks/node_modules_next_dist_compiled_react-server-dom-turbopack_164kp-6._.js:2524:221)
    at progress (http://localhost:3000/_next/static/chunks/node_modules_next_dist_compiled_react-server-dom-turbopack_164kp-6._.js:2698:20) @ http://localhost:3000/_next/static/chunks/node_modules_next_dist_1e8vcs8._.js:1052
[  247407ms] [ERROR] %c%s%c background: #e6e6e6;background: light-dark(rgba(0,0,0,0.1), rgba(255,255,255,0.25));color: #000000;color: light-dark(#000000, #ffffff);border-radius: 2px  Server   Error: MISSING_MESSAGE: Could not resolve `budget.missingBudget` in messages for locale `en`.
    at renderMatchMessage (about://React/Server/D:%5C%D0%BF%D1%80%D0%BE%D0%B5%D0%BA%D1%82%D1%8B%5CUnikchoose%5C.next%5Cdev%5Cserver%5Cchunks%5Cssr%5C%5Broot-of-the-server%5D__1622ik9._.js?65:822:12)
    at ProgrammeCard (about://React/Server/D:%5C%D0%BF%D1%80%D0%BE%D0%B5%D0%BA%D1%82%D1%8B%5CUnikchoose%5C.next%5Cdev%5Cserver%5Cchunks%5Cssr%5C%5Broot-of-the-server%5D__1622ik9._.js?70:1102:203)
    at resolveErrorDev (http://localhost:3000/_next/static/chunks/node_modules_next_dist_compiled_react-server-dom-turbopack_164kp-6._.js:1937:105)
    at getOutlinedModel (http://localhost:3000/_next/static/chunks/node_modules_next_dist_compiled_react-server-dom-turbopack_164kp-6._.js:1487:28)
    at parseModelString (http://localhost:3000/_next/static/chunks/node_modules_next_dist_compiled_react-server-dom-turbopack_164kp-6._.js:1602:50)
    at reviveModel (http://localhost:3000/_next/static/chunks/node_modules_next_dist_compiled_react-server-dom-turbopack_164kp-6._.js:2544:66)
    at parseModel (http://localhost:3000/_next/static/chunks/node_modules_next_dist_compiled_react-server-dom-turbopack_164kp-6._.js:2539:16)
    at initializeModelChunk (http://localhost:3000/_next/static/chunks/node_modules_next_dist_compiled_react-server-dom-turbopack_164kp-6._.js:1100:25)
    at getOutlinedModel (http://localhost:3000/_next/static/chunks/node_modules_next_dist_compiled_react-server-dom-turbopack_164kp-6._.js:1423:17)
    at parseModelString (http://localhost:3000/_next/static/chunks/node_modules_next_dist_compiled_react-server-dom-turbopack_164kp-6._.js:1657:50)
    at reviveModel (http://localhost:3000/_next/static/chunks/node_modules_next_dist_compiled_react-server-dom-turbopack_164kp-6._.js:2544:66)
    at reviveModel (http://localhost:3000/_next/static/chunks/node_modules_next_dist_compiled_react-server-dom-turbopack_164kp-6._.js:2547:61)
    at parseModel (http://localhost:3000/_next/static/chunks/node_modules_next_dist_compiled_react-server-dom-turbopack_164kp-6._.js:2539:16)
    at initializeModelChunk (http://localhost:3000/_next/static/chunks/node_modules_next_dist_compiled_react-server-dom-turbopack_164kp-6._.js:1100:25)
    at resolveConsoleEntry (http://localhost:3000/_next/static/chunks/node_modules_next_dist_compiled_react-server-dom-turbopack_164kp-6._.js:2069:96)
    at processFullStringRow (http://localhost:3000/_next/static/chunks/node_modules_next_dist_compiled_react-server-dom-turbopack_164kp-6._.js:2475:17)
    at processFullBinaryRow (http://localhost:3000/_next/static/chunks/node_modules_next_dist_compiled_react-server-dom-turbopack_164kp-6._.js:2415:9)
    at processBinaryChunk (http://localhost:3000/_next/static/chunks/node_modules_next_dist_compiled_react-server-dom-turbopack_164kp-6._.js:2524:221)
    at progress (http://localhost:3000/_next/static/chunks/node_modules_next_dist_compiled_react-server-dom-turbopack_164kp-6._.js:2698:20) @ http://localhost:3000/_next/static/chunks/node_modules_next_dist_1e8vcs8._.js:1052
[  247407ms] [ERROR] %c%s%c background: #e6e6e6;background: light-dark(rgba(0,0,0,0.1), rgba(255,255,255,0.25));color: #000000;color: light-dark(#000000, #ffffff);border-radius: 2px  Server   Error: MISSING_MESSAGE: Could not resolve `support.dormitory` in messages for locale `en`.
    at renderMatchMessage (about://React/Server/D:%5C%D0%BF%D1%80%D0%BE%D0%B5%D0%BA%D1%82%D1%8B%5CUnikchoose%5C.next%5Cdev%5Cserver%5Cchunks%5Cssr%5C%5Broot-of-the-server%5D__1622ik9._.js?65:822:12)
    at <anonymous> (about://React/Server/D:%5C%D0%BF%D1%80%D0%BE%D0%B5%D0%BA%D1%82%D1%8B%5CUnikchoose%5C.next%5Cdev%5Cserver%5Cchunks%5Cssr%5C%5Broot-of-the-server%5D__1622ik9._.js?73:1329:227)
    at Array.map (<anonymous>:1:18)
    at ProgrammeCard (about://React/Server/D:%5C%D0%BF%D1%80%D0%BE%D0%B5%D0%BA%D1%82%D1%8B%5CUnikchoose%5C.next%5Cdev%5Cserver%5Cchunks%5Cssr%5C%5Broot-of-the-server%5D__1622ik9._.js?74:1316:63)
    at resolveErrorDev (http://localhost:3000/_next/static/chunks/node_modules_next_dist_compiled_react-server-dom-turbopack_164kp-6._.js:1937:105)
    at getOutlinedModel (http://localhost:3000/_next/static/chunks/node_modules_next_dist_compiled_react-server-dom-turbopack_164kp-6._.js:1487:28)
    at parseModelString (http://localhost:3000/_next/static/chunks/node_modules_next_dist_compiled_react-server-dom-turbopack_164kp-6._.js:1602:50)
    at reviveModel (http://localhost:3000/_next/static/chunks/node_modules_next_dist_compiled_react-server-dom-turbopack_164kp-6._.js:2544:66)
    at parseModel (http://localhost:3000/_next/static/chunks/node_modules_next_dist_compiled_react-server-dom-turbopack_164kp-6._.js:2539:16)
    at initializeModelChunk (http://localhost:3000/_next/static/chunks/node_modules_next_dist_compiled_react-server-dom-turbopack_164kp-6._.js:1100:25)
    at getOutlinedModel (http://localhost:3000/_next/static/chunks/node_modules_next_dist_compiled_react-server-dom-turbopack_164kp-6._.js:1423:17)
    at parseModelString (http://localhost:3000/_next/static/chunks/node_modules_next_dist_compiled_react-server-dom-turbopack_164kp-6._.js:1657:50)
    at reviveModel (http://localhost:3000/_next/static/chunks/node_modules_next_dist_compiled_react-server-dom-turbopack_164kp-6._.js:2544:66)
    at reviveModel (http://localhost:3000/_next/static/chunks/node_modules_next_dist_compiled_react-server-dom-turbopack_164kp-6._.js:2547:61)
    at parseModel (http://localhost:3000/_next/static/chunks/node_modules_next_dist_compiled_react-server-dom-turbopack_164kp-6._.js:2539:16)
    at initializeModelChunk (http://localhost:3000/_next/static/chunks/node_modules_next_dist_compiled_react-server-dom-turbopack_164kp-6._.js:1100:25)
    at resolveConsoleEntry (http://localhost:3000/_next/static/chunks/node_modules_next_dist_compiled_react-server-dom-turbopack_164kp-6._.js:2069:96)
    at processFullStringRow (http://localhost:3000/_next/static/chunks/node_modules_next_dist_compiled_react-server-dom-turbopack_164kp-6._.js:2475:17)
    at processFullBinaryRow (http://localhost:3000/_next/static/chunks/node_modules_next_dist_compiled_react-server-dom-turbopack_164kp-6._.js:2415:9)
    at processBinaryChunk (http://localhost:3000/_next/static/chunks/node_modules_next_dist_compiled_react-server-dom-turbopack_164kp-6._.js:2524:221)
    at progress (http://localhost:3000/_next/static/chunks/node_modules_next_dist_compiled_react-server-dom-turbopack_164kp-6._.js:2698:20) @ http://localhost:3000/_next/static/chunks/node_modules_next_dist_1e8vcs8._.js:1052
[  247407ms] [ERROR] %c%s%c background: #e6e6e6;background: light-dark(rgba(0,0,0,0.1), rgba(255,255,255,0.25));color: #000000;color: light-dark(#000000, #ffffff);border-radius: 2px  Server   Error: MISSING_MESSAGE: Could not resolve `location.missingLocationPreference` in messages for locale `en`.
    at renderMatchMessage (about://React/Server/D:%5C%D0%BF%D1%80%D0%BE%D0%B5%D0%BA%D1%82%D1%8B%5CUnikchoose%5C.next%5Cdev%5Cserver%5Cchunks%5Cssr%5C%5Broot-of-the-server%5D__1622ik9._.js?65:822:12)
    at <anonymous> (about://React/Server/D:%5C%D0%BF%D1%80%D0%BE%D0%B5%D0%BA%D1%82%D1%8B%5CUnikchoose%5C.next%5Cdev%5Cserver%5Cchunks%5Cssr%5C%5Broot-of-the-server%5D__1622ik9._.js?71:1378:227)
    at Array.map (<anonymous>:1:18)
    at ProgrammeCard (about://React/Server/D:%5C%D0%BF%D1%80%D0%BE%D0%B5%D0%BA%D1%82%D1%8B%5CUnikchoose%5C.next%5Cdev%5Cserver%5Cchunks%5Cssr%5C%5Broot-of-the-server%5D__1622ik9._.js?72:1365:64)
    at resolveErrorDev (http://localhost:3000/_next/static/chunks/node_modules_next_dist_compiled_react-server-dom-turbopack_164kp-6._.js:1937:105)
    at getOutlinedModel (http://localhost:3000/_next/static/chunks/node_modules_next_dist_compiled_react-server-dom-turbopack_164kp-6._.js:1487:28)
    at parseModelString (http://localhost:3000/_next/static/chunks/node_modules_next_dist_compiled_react-server-dom-turbopack_164kp-6._.js:1602:50)
    at reviveModel (http://localhost:3000/_next/static/chunks/node_modules_next_dist_compiled_react-server-dom-turbopack_164kp-6._.js:2544:66)
    at parseModel (http://localhost:3000/_next/static/chunks/node_modules_next_dist_compiled_react-server-dom-turbopack_164kp-6._.js:2539:16)
    at initializeModelChunk (http://localhost:3000/_next/static/chunks/node_modules_next_dist_compiled_react-server-dom-turbopack_164kp-6._.js:1100:25)
    at getOutlinedModel (http://localhost:3000/_next/static/chunks/node_modules_next_dist_compiled_react-server-dom-turbopack_164kp-6._.js:1423:17)
    at parseModelString (http://localhost:3000/_next/static/chunks/node_modules_next_dist_compiled_react-server-dom-turbopack_164kp-6._.js:1657:50)
    at reviveModel (http://localhost:3000/_next/static/chunks/node_modules_next_dist_compiled_react-server-dom-turbopack_164kp-6._.js:2544:66)
    at reviveModel (http://localhost:3000/_next/static/chunks/node_modules_next_dist_compiled_react-server-dom-turbopack_164kp-6._.js:2547:61)
    at parseModel (http://localhost:3000/_next/static/chunks/node_modules_next_dist_compiled_react-server-dom-turbopack_164kp-6._.js:2539:16)
    at initializeModelChunk (http://localhost:3000/_next/static/chunks/node_modules_next_dist_compiled_react-server-dom-turbopack_164kp-6._.js:1100:25)
    at resolveConsoleEntry (http://localhost:3000/_next/static/chunks/node_modules_next_dist_compiled_react-server-dom-turbopack_164kp-6._.js:2069:96)
    at processFullStringRow (http://localhost:3000/_next/static/chunks/node_modules_next_dist_compiled_react-server-dom-turbopack_164kp-6._.js:2475:17)
    at processFullBinaryRow (http://localhost:3000/_next/static/chunks/node_modules_next_dist_compiled_react-server-dom-turbopack_164kp-6._.js:2415:9)
    at processBinaryChunk (http://localhost:3000/_next/static/chunks/node_modules_next_dist_compiled_react-server-dom-turbopack_164kp-6._.js:2524:221)
    at progress (http://localhost:3000/_next/static/chunks/node_modules_next_dist_compiled_react-server-dom-turbopack_164kp-6._.js:2698:20) @ http://localhost:3000/_next/static/chunks/node_modules_next_dist_1e8vcs8._.js:1052
[  247408ms] [ERROR] %c%s%c background: #e6e6e6;background: light-dark(rgba(0,0,0,0.1), rgba(255,255,255,0.25));color: #000000;color: light-dark(#000000, #ffffff);border-radius: 2px  Server   Error: MISSING_MESSAGE: Could not resolve `career.missingData` in messages for locale `en`.
    at renderMatchMessage (about://React/Server/D:%5C%D0%BF%D1%80%D0%BE%D0%B5%D0%BA%D1%82%D1%8B%5CUnikchoose%5C.next%5Cdev%5Cserver%5Cchunks%5Cssr%5C%5Broot-of-the-server%5D__1622ik9._.js?65:822:12)
    at <anonymous> (about://React/Server/D:%5C%D0%BF%D1%80%D0%BE%D0%B5%D0%BA%D1%82%D1%8B%5CUnikchoose%5C.next%5Cdev%5Cserver%5Cchunks%5Cssr%5C%5Broot-of-the-server%5D__1622ik9._.js?71:1378:227)
    at Array.map (<anonymous>:1:18)
    at ProgrammeCard (about://React/Server/D:%5C%D0%BF%D1%80%D0%BE%D0%B5%D0%BA%D1%82%D1%8B%5CUnikchoose%5C.next%5Cdev%5Cserver%5Cchunks%5Cssr%5C%5Broot-of-the-server%5D__1622ik9._.js?72:1365:64)
    at resolveErrorDev (http://localhost:3000/_next/static/chunks/node_modules_next_dist_compiled_react-server-dom-turbopack_164kp-6._.js:1937:105)
    at getOutlinedModel (http://localhost:3000/_next/static/chunks/node_modules_next_dist_compiled_react-server-dom-turbopack_164kp-6._.js:1487:28)
    at parseModelString (http://localhost:3000/_next/static/chunks/node_modules_next_dist_compiled_react-server-dom-turbopack_164kp-6._.js:1602:50)
    at reviveModel (http://localhost:3000/_next/static/chunks/node_modules_next_dist_compiled_react-server-dom-turbopack_164kp-6._.js:2544:66)
    at parseModel (http://localhost:3000/_next/static/chunks/node_modules_next_dist_compiled_react-server-dom-turbopack_164kp-6._.js:2539:16)
    at initializeModelChunk (http://localhost:3000/_next/static/chunks/node_modules_next_dist_compiled_react-server-dom-turbopack_164kp-6._.js:1100:25)
    at getOutlinedModel (http://localhost:3000/_next/static/chunks/node_modules_next_dist_compiled_react-server-dom-turbopack_164kp-6._.js:1423:17)
    at parseModelString (http://localhost:3000/_next/static/chunks/node_modules_next_dist_compiled_react-server-dom-turbopack_164kp-6._.js:1657:50)
    at reviveModel (http://localhost:3000/_next/static/chunks/node_modules_next_dist_compiled_react-server-dom-turbopack_164kp-6._.js:2544:66)
    at reviveModel (http://localhost:3000/_next/static/chunks/node_modules_next_dist_compiled_react-server-dom-turbopack_164kp-6._.js:2547:61)
    at parseModel (http://localhost:3000/_next/static/chunks/node_modules_next_dist_compiled_react-server-dom-turbopack_164kp-6._.js:2539:16)
    at initializeModelChunk (http://localhost:3000/_next/static/chunks/node_modules_next_dist_compiled_react-server-dom-turbopack_164kp-6._.js:1100:25)
    at resolveConsoleEntry (http://localhost:3000/_next/static/chunks/node_modules_next_dist_compiled_react-server-dom-turbopack_164kp-6._.js:2069:96)
    at processFullStringRow (http://localhost:3000/_next/static/chunks/node_modules_next_dist_compiled_react-server-dom-turbopack_164kp-6._.js:2475:17)
    at processFullBinaryRow (http://localhost:3000/_next/static/chunks/node_modules_next_dist_compiled_react-server-dom-turbopack_164kp-6._.js:2415:9)
    at processBinaryChunk (http://localhost:3000/_next/static/chunks/node_modules_next_dist_compiled_react-server-dom-turbopack_164kp-6._.js:2524:221)
    at progress (http://localhost:3000/_next/static/chunks/node_modules_next_dist_compiled_react-server-dom-turbopack_164kp-6._.js:2698:20) @ http://localhost:3000/_next/static/chunks/node_modules_next_dist_1e8vcs8._.js:1052
[  247408ms] [ERROR] %c%s%c background: #e6e6e6;background: light-dark(rgba(0,0,0,0.1), rgba(255,255,255,0.25));color: #000000;color: light-dark(#000000, #ffffff);border-radius: 2px  Server   Error: MISSING_MESSAGE: Could not resolve `format.missingPreference` in messages for locale `en`.
    at renderMatchMessage (about://React/Server/D:%5C%D0%BF%D1%80%D0%BE%D0%B5%D0%BA%D1%82%D1%8B%5CUnikchoose%5C.next%5Cdev%5Cserver%5Cchunks%5Cssr%5C%5Broot-of-the-server%5D__1622ik9._.js?65:822:12)
    at <anonymous> (about://React/Server/D:%5C%D0%BF%D1%80%D0%BE%D0%B5%D0%BA%D1%82%D1%8B%5CUnikchoose%5C.next%5Cdev%5Cserver%5Cchunks%5Cssr%5C%5Broot-of-the-server%5D__1622ik9._.js?71:1378:227)
    at Array.map (<anonymous>:1:18)
    at ProgrammeCard (about://React/Server/D:%5C%D0%BF%D1%80%D0%BE%D0%B5%D0%BA%D1%82%D1%8B%5CUnikchoose%5C.next%5Cdev%5Cserver%5Cchunks%5Cssr%5C%5Broot-of-the-server%5D__1622ik9._.js?72:1365:64)
    at resolveErrorDev (http://localhost:3000/_next/static/chunks/node_modules_next_dist_compiled_react-server-dom-turbopack_164kp-6._.js:1937:105)
    at getOutlinedModel (http://localhost:3000/_next/static/chunks/node_modules_next_dist_compiled_react-server-dom-turbopack_164kp-6._.js:1487:28)
    at parseModelString (http://localhost:3000/_next/static/chunks/node_modules_next_dist_compiled_react-server-dom-turbopack_164kp-6._.js:1602:50)
    at reviveModel (http://localhost:3000/_next/static/chunks/node_modules_next_dist_compiled_react-server-dom-turbopack_164kp-6._.js:2544:66)
    at parseModel (http://localhost:3000/_next/static/chunks/node_modules_next_dist_compiled_react-server-dom-turbopack_164kp-6._.js:2539:16)
    at initializeModelChunk (http://localhost:3000/_next/static/chunks/node_modules_next_dist_compiled_react-server-dom-turbopack_164kp-6._.js:1100:25)
    at getOutlinedModel (http://localhost:3000/_next/static/chunks/node_modules_next_dist_compiled_react-server-dom-turbopack_164kp-6._.js:1423:17)
    at parseModelString (http://localhost:3000/_next/static/chunks/node_modules_next_dist_compiled_react-server-dom-turbopack_164kp-6._.js:1657:50)
    at reviveModel (http://localhost:3000/_next/static/chunks/node_modules_next_dist_compiled_react-server-dom-turbopack_164kp-6._.js:2544:66)
    at reviveModel (http://localhost:3000/_next/static/chunks/node_modules_next_dist_compiled_react-server-dom-turbopack_164kp-6._.js:2547:61)
    at parseModel (http://localhost:3000/_next/static/chunks/node_modules_next_dist_compiled_react-server-dom-turbopack_164kp-6._.js:2539:16)
    at initializeModelChunk (http://localhost:3000/_next/static/chunks/node_modules_next_dist_compiled_react-server-dom-turbopack_164kp-6._.js:1100:25)
    at resolveConsoleEntry (http://localhost:3000/_next/static/chunks/node_modules_next_dist_compiled_react-server-dom-turbopack_164kp-6._.js:2069:96)
    at processFullStringRow (http://localhost:3000/_next/static/chunks/node_modules_next_dist_compiled_react-server-dom-turbopack_164kp-6._.js:2475:17)
    at processFullBinaryRow (http://localhost:3000/_next/static/chunks/node_modules_next_dist_compiled_react-server-dom-turbopack_164kp-6._.js:2415:9)
    at processBinaryChunk (http://localhost:3000/_next/static/chunks/node_modules_next_dist_compiled_react-server-dom-turbopack_164kp-6._.js:2524:221)
    at progress (http://localhost:3000/_next/static/chunks/node_modules_next_dist_compiled_react-server-dom-turbopack_164kp-6._.js:2698:20) @ http://localhost:3000/_next/static/chunks/node_modules_next_dist_1e8vcs8._.js:1052
[  247408ms] [ERROR] %c%s%c background: #e6e6e6;background: light-dark(rgba(0,0,0,0.1), rgba(255,255,255,0.25));color: #000000;color: light-dark(#000000, #ffffff);border-radius: 2px  Server   Error: MISSING_MESSAGE: Could not resolve `lifestyle.missingData` in messages for locale `en`.
    at renderMatchMessage (about://React/Server/D:%5C%D0%BF%D1%80%D0%BE%D0%B5%D0%BA%D1%82%D1%8B%5CUnikchoose%5C.next%5Cdev%5Cserver%5Cchunks%5Cssr%5C%5Broot-of-the-server%5D__1622ik9._.js?65:822:12)
    at <anonymous> (about://React/Server/D:%5C%D0%BF%D1%80%D0%BE%D0%B5%D0%BA%D1%82%D1%8B%5CUnikchoose%5C.next%5Cdev%5Cserver%5Cchunks%5Cssr%5C%5Broot-of-the-server%5D__1622ik9._.js?71:1378:227)
    at Array.map (<anonymous>:1:18)
    at ProgrammeCard (about://React/Server/D:%5C%D0%BF%D1%80%D0%BE%D0%B5%D0%BA%D1%82%D1%8B%5CUnikchoose%5C.next%5Cdev%5Cserver%5Cchunks%5Cssr%5C%5Broot-of-the-server%5D__1622ik9._.js?72:1365:64)
    at resolveErrorDev (http://localhost:3000/_next/static/chunks/node_modules_next_dist_compiled_react-server-dom-turbopack_164kp-6._.js:1937:105)
    at getOutlinedModel (http://localhost:3000/_next/static/chunks/node_modules_next_dist_compiled_react-server-dom-turbopack_164kp-6._.js:1487:28)
    at parseModelString (http://localhost:3000/_next/static/chunks/node_modules_next_dist_compiled_react-server-dom-turbopack_164kp-6._.js:1602:50)
    at reviveModel (http://localhost:3000/_next/static/chunks/node_modules_next_dist_compiled_react-server-dom-turbopack_164kp-6._.js:2544:66)
    at parseModel (http://localhost:3000/_next/static/chunks/node_modules_next_dist_compiled_react-server-dom-turbopack_164kp-6._.js:2539:16)
    at initializeModelChunk (http://localhost:3000/_next/static/chunks/node_modules_next_dist_compiled_react-server-dom-turbopack_164kp-6._.js:1100:25)
    at getOutlinedModel (http://localhost:3000/_next/static/chunks/node_modules_next_dist_compiled_react-server-dom-turbopack_164kp-6._.js:1423:17)
    at parseModelString (http://localhost:3000/_next/static/chunks/node_modules_next_dist_compiled_react-server-dom-turbopack_164kp-6._.js:1657:50)
    at reviveModel (http://localhost:3000/_next/static/chunks/node_modules_next_dist_compiled_react-server-dom-turbopack_164kp-6._.js:2544:66)
    at reviveModel (http://localhost:3000/_next/static/chunks/node_modules_next_dist_compiled_react-server-dom-turbopack_164kp-6._.js:2547:61)
    at parseModel (http://localhost:3000/_next/static/chunks/node_modules_next_dist_compiled_react-server-dom-turbopack_164kp-6._.js:2539:16)
    at initializeModelChunk (http://localhost:3000/_next/static/chunks/node_modules_next_dist_compiled_react-server-dom-turbopack_164kp-6._.js:1100:25)
    at resolveConsoleEntry (http://localhost:3000/_next/static/chunks/node_modules_next_dist_compiled_react-server-dom-turbopack_164kp-6._.js:2069:96)
    at processFullStringRow (http://localhost:3000/_next/static/chunks/node_modules_next_dist_compiled_react-server-dom-turbopack_164kp-6._.js:2475:17)
    at processFullBinaryRow (http://localhost:3000/_next/static/chunks/node_modules_next_dist_compiled_react-server-dom-turbopack_164kp-6._.js:2415:9)
    at processBinaryChunk (http://localhost:3000/_next/static/chunks/node_modules_next_dist_compiled_react-server-dom-turbopack_164kp-6._.js:2524:221)
    at progress (http://localhost:3000/_next/static/chunks/node_modules_next_dist_compiled_react-server-dom-turbopack_164kp-6._.js:2698:20) @ http://localhost:3000/_next/static/chunks/node_modules_next_dist_1e8vcs8._.js:1052
[  247408ms] [ERROR] %c%s%c background: #e6e6e6;background: light-dark(rgba(0,0,0,0.1), rgba(255,255,255,0.25));color: #000000;color: light-dark(#000000, #ffffff);border-radius: 2px  Server   Error: MISSING_MESSAGE: Could not resolve `language.matchesPreferredLanguage` in messages for locale `en`.
    at renderMatchMessage (about://React/Server/D:%5C%D0%BF%D1%80%D0%BE%D0%B5%D0%BA%D1%82%D1%8B%5CUnikchoose%5C.next%5Cdev%5Cserver%5Cchunks%5Cssr%5C%5Broot-of-the-server%5D__1622ik9._.js?65:822:12)
    at <anonymous> (about://React/Server/D:%5C%D0%BF%D1%80%D0%BE%D0%B5%D0%BA%D1%82%D1%8B%5CUnikchoose%5C.next%5Cdev%5Cserver%5Cchunks%5Cssr%5C%5Broot-of-the-server%5D__1622ik9._.js?66:1056:211)
    at Array.map (<anonymous>:1:18)
    at ProgrammeCard (about://React/Server/D:%5C%D0%BF%D1%80%D0%BE%D0%B5%D0%BA%D1%82%D1%8B%5CUnikchoose%5C.next%5Cdev%5Cserver%5Cchunks%5Cssr%5C%5Broot-of-the-server%5D__1622ik9._.js?67:1043:50)
    at resolveErrorDev (http://localhost:3000/_next/static/chunks/node_modules_next_dist_compiled_react-server-dom-turbopack_164kp-6._.js:1937:105)
    at getOutlinedModel (http://localhost:3000/_next/static/chunks/node_modules_next_dist_compiled_react-server-dom-turbopack_164kp-6._.js:1487:28)
    at parseModelString (http://localhost:3000/_next/static/chunks/node_modules_next_dist_compiled_react-server-dom-turbopack_164kp-6._.js:1602:50)
    at reviveModel (http://localhost:3000/_next/static/chunks/node_modules_next_dist_compiled_react-server-dom-turbopack_164kp-6._.js:2544:66)
    at parseModel (http://localhost:3000/_next/static/chunks/node_modules_next_dist_compiled_react-server-dom-turbopack_164kp-6._.js:2539:16)
    at initializeModelChunk (http://localhost:3000/_next/static/chunks/node_modules_next_dist_compiled_react-server-dom-turbopack_164kp-6._.js:1100:25)
    at getOutlinedModel (http://localhost:3000/_next/static/chunks/node_modules_next_dist_compiled_react-server-dom-turbopack_164kp-6._.js:1423:17)
    at parseModelString (http://localhost:3000/_next/static/chunks/node_modules_next_dist_compiled_react-server-dom-turbopack_164kp-6._.js:1657:50)
    at reviveModel (http://localhost:3000/_next/static/chunks/node_modules_next_dist_compiled_react-server-dom-turbopack_164kp-6._.js:2544:66)
    at reviveModel (http://localhost:3000/_next/static/chunks/node_modules_next_dist_compiled_react-server-dom-turbopack_164kp-6._.js:2547:61)
    at parseModel (http://localhost:3000/_next/static/chunks/node_modules_next_dist_compiled_react-server-dom-turbopack_164kp-6._.js:2539:16)
    at initializeModelChunk (http://localhost:3000/_next/static/chunks/node_modules_next_dist_compiled_react-server-dom-turbopack_164kp-6._.js:1100:25)
    at resolveConsoleEntry (http://localhost:3000/_next/static/chunks/node_modules_next_dist_compiled_react-server-dom-turbopack_164kp-6._.js:2069:96)
    at processFullStringRow (http://localhost:3000/_next/static/chunks/node_modules_next_dist_compiled_react-server-dom-turbopack_164kp-6._.js:2475:17)
    at processFullBinaryRow (http://localhost:3000/_next/static/chunks/node_modules_next_dist_compiled_react-server-dom-turbopack_164kp-6._.js:2415:9)
    at processBinaryChunk (http://localhost:3000/_next/static/chunks/node_modules_next_dist_compiled_react-server-dom-turbopack_164kp-6._.js:2524:221)
    at progress (http://localhost:3000/_next/static/chunks/node_modules_next_dist_compiled_react-server-dom-turbopack_164kp-6._.js:2698:20) @ http://localhost:3000/_next/static/chunks/node_modules_next_dist_1e8vcs8._.js:1052
[  247408ms] [ERROR] %c%s%c background: #e6e6e6;background: light-dark(rgba(0,0,0,0.1), rgba(255,255,255,0.25));color: #000000;color: light-dark(#000000, #ffffff);border-radius: 2px  Server   Error: MISSING_MESSAGE: Could not resolve `admission.noEntranceExam` in messages for locale `en`.
    at renderMatchMessage (about://React/Server/D:%5C%D0%BF%D1%80%D0%BE%D0%B5%D0%BA%D1%82%D1%8B%5CUnikchoose%5C.next%5Cdev%5Cserver%5Cchunks%5Cssr%5C%5Broot-of-the-server%5D__1622ik9._.js?65:822:12)
    at <anonymous> (about://React/Server/D:%5C%D0%BF%D1%80%D0%BE%D0%B5%D0%BA%D1%82%D1%8B%5CUnikchoose%5C.next%5Cdev%5Cserver%5Cchunks%5Cssr%5C%5Broot-of-the-server%5D__1622ik9._.js?66:1056:211)
    at Array.map (<anonymous>:1:18)
    at ProgrammeCard (about://React/Server/D:%5C%D0%BF%D1%80%D0%BE%D0%B5%D0%BA%D1%82%D1%8B%5CUnikchoose%5C.next%5Cdev%5Cserver%5Cchunks%5Cssr%5C%5Broot-of-the-server%5D__1622ik9._.js?67:1043:50)
    at resolveErrorDev (http://localhost:3000/_next/static/chunks/node_modules_next_dist_compiled_react-server-dom-turbopack_164kp-6._.js:1937:105)
    at getOutlinedModel (http://localhost:3000/_next/static/chunks/node_modules_next_dist_compiled_react-server-dom-turbopack_164kp-6._.js:1487:28)
    at parseModelString (http://localhost:3000/_next/static/chunks/node_modules_next_dist_compiled_react-server-dom-turbopack_164kp-6._.js:1602:50)
    at reviveModel (http://localhost:3000/_next/static/chunks/node_modules_next_dist_compiled_react-server-dom-turbopack_164kp-6._.js:2544:66)
    at parseModel (http://localhost:3000/_next/static/chunks/node_modules_next_dist_compiled_react-server-dom-turbopack_164kp-6._.js:2539:16)
    at initializeModelChunk (http://localhost:3000/_next/static/chunks/node_modules_next_dist_compiled_react-server-dom-turbopack_164kp-6._.js:1100:25)
    at getOutlinedModel (http://localhost:3000/_next/static/chunks/node_modules_next_dist_compiled_react-server-dom-turbopack_164kp-6._.js:1423:17)
    at parseModelString (http://localhost:3000/_next/static/chunks/node_modules_next_dist_compiled_react-server-dom-turbopack_164kp-6._.js:1657:50)
    at reviveModel (http://localhost:3000/_next/static/chunks/node_modules_next_dist_compiled_react-server-dom-turbopack_164kp-6._.js:2544:66)
    at reviveModel (http://localhost:3000/_next/static/chunks/node_modules_next_dist_compiled_react-server-dom-turbopack_164kp-6._.js:2547:61)
    at parseModel (http://localhost:3000/_next/static/chunks/node_modules_next_dist_compiled_react-server-dom-turbopack_164kp-6._.js:2539:16)
    at initializeModelChunk (http://localhost:3000/_next/static/chunks/node_modules_next_dist_compiled_react-server-dom-turbopack_164kp-6._.js:1100:25)
    at resolveConsoleEntry (http://localhost:3000/_next/static/chunks/node_modules_next_dist_compiled_react-server-dom-turbopack_164kp-6._.js:2069:96)
    at processFullStringRow (http://localhost:3000/_next/static/chunks/node_modules_next_dist_compiled_react-server-dom-turbopack_164kp-6._.js:2475:17)
    at processFullBinaryRow (http://localhost:3000/_next/static/chunks/node_modules_next_dist_compiled_react-server-dom-turbopack_164kp-6._.js:2415:9)
    at processBinaryChunk (http://localhost:3000/_next/static/chunks/node_modules_next_dist_compiled_react-server-dom-turbopack_164kp-6._.js:2524:221)
    at progress (http://localhost:3000/_next/static/chunks/node_modules_next_dist_compiled_react-server-dom-turbopack_164kp-6._.js:2698:20) @ http://localhost:3000/_next/static/chunks/node_modules_next_dist_1e8vcs8._.js:1052
[  247408ms] [ERROR] %c%s%c background: #e6e6e6;background: light-dark(rgba(0,0,0,0.1), rgba(255,255,255,0.25));color: #000000;color: light-dark(#000000, #ffffff);border-radius: 2px  Server   Error: MISSING_MESSAGE: Could not resolve `support.internationalOffice` in messages for locale `en`.
    at renderMatchMessage (about://React/Server/D:%5C%D0%BF%D1%80%D0%BE%D0%B5%D0%BA%D1%82%D1%8B%5CUnikchoose%5C.next%5Cdev%5Cserver%5Cchunks%5Cssr%5C%5Broot-of-the-server%5D__1622ik9._.js?65:822:12)
    at <anonymous> (about://React/Server/D:%5C%D0%BF%D1%80%D0%BE%D0%B5%D0%BA%D1%82%D1%8B%5CUnikchoose%5C.next%5Cdev%5Cserver%5Cchunks%5Cssr%5C%5Broot-of-the-server%5D__1622ik9._.js?66:1056:211)
    at Array.map (<anonymous>:1:18)
    at ProgrammeCard (about://React/Server/D:%5C%D0%BF%D1%80%D0%BE%D0%B5%D0%BA%D1%82%D1%8B%5CUnikchoose%5C.next%5Cdev%5Cserver%5Cchunks%5Cssr%5C%5Broot-of-the-server%5D__1622ik9._.js?67:1043:50)
    at resolveErrorDev (http://localhost:3000/_next/static/chunks/node_modules_next_dist_compiled_react-server-dom-turbopack_164kp-6._.js:1937:105)
    at getOutlinedModel (http://localhost:3000/_next/static/chunks/node_modules_next_dist_compiled_react-server-dom-turbopack_164kp-6._.js:1487:28)
    at parseModelString (http://localhost:3000/_next/static/chunks/node_modules_next_dist_compiled_react-server-dom-turbopack_164kp-6._.js:1602:50)
    at reviveModel (http://localhost:3000/_next/static/chunks/node_modules_next_dist_compiled_react-server-dom-turbopack_164kp-6._.js:2544:66)
    at parseModel (http://localhost:3000/_next/static/chunks/node_modules_next_dist_compiled_react-server-dom-turbopack_164kp-6._.js:2539:16)
    at initializeModelChunk (http://localhost:3000/_next/static/chunks/node_modules_next_dist_compiled_react-server-dom-turbopack_164kp-6._.js:1100:25)
    at getOutlinedModel (http://localhost:3000/_next/static/chunks/node_modules_next_dist_compiled_react-server-dom-turbopack_164kp-6._.js:1423:17)
    at parseModelString (http://localhost:3000/_next/static/chunks/node_modules_next_dist_compiled_react-server-dom-turbopack_164kp-6._.js:1657:50)
    at reviveModel (http://localhost:3000/_next/static/chunks/node_modules_next_dist_compiled_react-server-dom-turbopack_164kp-6._.js:2544:66)
    at reviveModel (http://localhost:3000/_next/static/chunks/node_modules_next_dist_compiled_react-server-dom-turbopack_164kp-6._.js:2547:61)
    at parseModel (http://localhost:3000/_next/static/chunks/node_modules_next_dist_compiled_react-server-dom-turbopack_164kp-6._.js:2539:16)
    at initializeModelChunk (http://localhost:3000/_next/static/chunks/node_modules_next_dist_compiled_react-server-dom-turbopack_164kp-6._.js:1100:25)
    at resolveConsoleEntry (http://localhost:3000/_next/static/chunks/node_modules_next_dist_compiled_react-server-dom-turbopack_164kp-6._.js:2069:96)
    at processFullStringRow (http://localhost:3000/_next/static/chunks/node_modules_next_dist_compiled_react-server-dom-turbopack_164kp-6._.js:2475:17)
    at processFullBinaryRow (http://localhost:3000/_next/static/chunks/node_modules_next_dist_compiled_react-server-dom-turbopack_164kp-6._.js:2415:9)
    at processBinaryChunk (http://localhost:3000/_next/static/chunks/node_modules_next_dist_compiled_react-server-dom-turbopack_164kp-6._.js:2524:221)
    at progress (http://localhost:3000/_next/static/chunks/node_modules_next_dist_compiled_react-server-dom-turbopack_164kp-6._.js:2698:20) @ http://localhost:3000/_next/static/chunks/node_modules_next_dist_1e8vcs8._.js:1052
[  247408ms] [ERROR] %c%s%c background: #e6e6e6;background: light-dark(rgba(0,0,0,0.1), rgba(255,255,255,0.25));color: #000000;color: light-dark(#000000, #ffffff);border-radius: 2px  Server   Error: MISSING_MESSAGE: Could not resolve `budget.missingBudget` in messages for locale `en`.
    at renderMatchMessage (about://React/Server/D:%5C%D0%BF%D1%80%D0%BE%D0%B5%D0%BA%D1%82%D1%8B%5CUnikchoose%5C.next%5Cdev%5Cserver%5Cchunks%5Cssr%5C%5Broot-of-the-server%5D__1622ik9._.js?65:822:12)
    at ProgrammeCard (about://React/Server/D:%5C%D0%BF%D1%80%D0%BE%D0%B5%D0%BA%D1%82%D1%8B%5CUnikchoose%5C.next%5Cdev%5Cserver%5Cchunks%5Cssr%5C%5Broot-of-the-server%5D__1622ik9._.js?70:1102:203)
    at resolveErrorDev (http://localhost:3000/_next/static/chunks/node_modules_next_dist_compiled_react-server-dom-turbopack_164kp-6._.js:1937:105)
    at getOutlinedModel (http://localhost:3000/_next/static/chunks/node_modules_next_dist_compiled_react-server-dom-turbopack_164kp-6._.js:1487:28)
    at parseModelString (http://localhost:3000/_next/static/chunks/node_modules_next_dist_compiled_react-server-dom-turbopack_164kp-6._.js:1602:50)
    at reviveModel (http://localhost:3000/_next/static/chunks/node_modules_next_dist_compiled_react-server-dom-turbopack_164kp-6._.js:2544:66)
    at parseModel (http://localhost:3000/_next/static/chunks/node_modules_next_dist_compiled_react-server-dom-turbopack_164kp-6._.js:2539:16)
    at initializeModelChunk (http://localhost:3000/_next/static/chunks/node_modules_next_dist_compiled_react-server-dom-turbopack_164kp-6._.js:1100:25)
    at getOutlinedModel (http://localhost:3000/_next/static/chunks/node_modules_next_dist_compiled_react-server-dom-turbopack_164kp-6._.js:1423:17)
    at parseModelString (http://localhost:3000/_next/static/chunks/node_modules_next_dist_compiled_react-server-dom-turbopack_164kp-6._.js:1657:50)
    at reviveModel (http://localhost:3000/_next/static/chunks/node_modules_next_dist_compiled_react-server-dom-turbopack_164kp-6._.js:2544:66)
    at reviveModel (http://localhost:3000/_next/static/chunks/node_modules_next_dist_compiled_react-server-dom-turbopack_164kp-6._.js:2547:61)
    at parseModel (http://localhost:3000/_next/static/chunks/node_modules_next_dist_compiled_react-server-dom-turbopack_164kp-6._.js:2539:16)
    at initializeModelChunk (http://localhost:3000/_next/static/chunks/node_modules_next_dist_compiled_react-server-dom-turbopack_164kp-6._.js:1100:25)
    at resolveConsoleEntry (http://localhost:3000/_next/static/chunks/node_modules_next_dist_compiled_react-server-dom-turbopack_164kp-6._.js:2069:96)
    at processFullStringRow (http://localhost:3000/_next/static/chunks/node_modules_next_dist_compiled_react-server-dom-turbopack_164kp-6._.js:2475:17)
    at processFullBinaryRow (http://localhost:3000/_next/static/chunks/node_modules_next_dist_compiled_react-server-dom-turbopack_164kp-6._.js:2415:9)
    at processBinaryChunk (http://localhost:3000/_next/static/chunks/node_modules_next_dist_compiled_react-server-dom-turbopack_164kp-6._.js:2524:221)
    at progress (http://localhost:3000/_next/static/chunks/node_modules_next_dist_compiled_react-server-dom-turbopack_164kp-6._.js:2698:20) @ http://localhost:3000/_next/static/chunks/node_modules_next_dist_1e8vcs8._.js:1052
[  247408ms] [ERROR] %c%s%c background: #e6e6e6;background: light-dark(rgba(0,0,0,0.1), rgba(255,255,255,0.25));color: #000000;color: light-dark(#000000, #ffffff);border-radius: 2px  Server   Error: MISSING_MESSAGE: Could not resolve `support.dormitory` in messages for locale `en`.
    at renderMatchMessage (about://React/Server/D:%5C%D0%BF%D1%80%D0%BE%D0%B5%D0%BA%D1%82%D1%8B%5CUnikchoose%5C.next%5Cdev%5Cserver%5Cchunks%5Cssr%5C%5Broot-of-the-server%5D__1622ik9._.js?65:822:12)
    at <anonymous> (about://React/Server/D:%5C%D0%BF%D1%80%D0%BE%D0%B5%D0%BA%D1%82%D1%8B%5CUnikchoose%5C.next%5Cdev%5Cserver%5Cchunks%5Cssr%5C%5Broot-of-the-server%5D__1622ik9._.js?73:1329:227)
    at Array.map (<anonymous>:1:18)
    at ProgrammeCard (about://React/Server/D:%5C%D0%BF%D1%80%D0%BE%D0%B5%D0%BA%D1%82%D1%8B%5CUnikchoose%5C.next%5Cdev%5Cserver%5Cchunks%5Cssr%5C%5Broot-of-the-server%5D__1622ik9._.js?74:1316:63)
    at resolveErrorDev (http://localhost:3000/_next/static/chunks/node_modules_next_dist_compiled_react-server-dom-turbopack_164kp-6._.js:1937:105)
    at getOutlinedModel (http://localhost:3000/_next/static/chunks/node_modules_next_dist_compiled_react-server-dom-turbopack_164kp-6._.js:1487:28)
    at parseModelString (http://localhost:3000/_next/static/chunks/node_modules_next_dist_compiled_react-server-dom-turbopack_164kp-6._.js:1602:50)
    at reviveModel (http://localhost:3000/_next/static/chunks/node_modules_next_dist_compiled_react-server-dom-turbopack_164kp-6._.js:2544:66)
    at parseModel (http://localhost:3000/_next/static/chunks/node_modules_next_dist_compiled_react-server-dom-turbopack_164kp-6._.js:2539:16)
    at initializeModelChunk (http://localhost:3000/_next/static/chunks/node_modules_next_dist_compiled_react-server-dom-turbopack_164kp-6._.js:1100:25)
    at getOutlinedModel (http://localhost:3000/_next/static/chunks/node_modules_next_dist_compiled_react-server-dom-turbopack_164kp-6._.js:1423:17)
    at parseModelString (http://localhost:3000/_next/static/chunks/node_modules_next_dist_compiled_react-server-dom-turbopack_164kp-6._.js:1657:50)
    at reviveModel (http://localhost:3000/_next/static/chunks/node_modules_next_dist_compiled_react-server-dom-turbopack_164kp-6._.js:2544:66)
    at reviveModel (http://localhost:3000/_next/static/chunks/node_modules_next_dist_compiled_react-server-dom-turbopack_164kp-6._.js:2547:61)
    at parseModel (http://localhost:3000/_next/static/chunks/node_modules_next_dist_compiled_react-server-dom-turbopack_164kp-6._.js:2539:16)
    at initializeModelChunk (http://localhost:3000/_next/static/chunks/node_modules_next_dist_compiled_react-server-dom-turbopack_164kp-6._.js:1100:25)
    at resolveConsoleEntry (http://localhost:3000/_next/static/chunks/node_modules_next_dist_compiled_react-server-dom-turbopack_164kp-6._.js:2069:96)
    at processFullStringRow (http://localhost:3000/_next/static/chunks/node_modules_next_dist_compiled_react-server-dom-turbopack_164kp-6._.js:2475:17)
    at processFullBinaryRow (http://localhost:3000/_next/static/chunks/node_modules_next_dist_compiled_react-server-dom-turbopack_164kp-6._.js:2415:9)
    at processBinaryChunk (http://localhost:3000/_next/static/chunks/node_modules_next_dist_compiled_react-server-dom-turbopack_164kp-6._.js:2524:221)
    at progress (http://localhost:3000/_next/static/chunks/node_modules_next_dist_compiled_react-server-dom-turbopack_164kp-6._.js:2698:20) @ http://localhost:3000/_next/static/chunks/node_modules_next_dist_1e8vcs8._.js:1052
[  247409ms] [ERROR] %c%s%c background: #e6e6e6;background: light-dark(rgba(0,0,0,0.1), rgba(255,255,255,0.25));color: #000000;color: light-dark(#000000, #ffffff);border-radius: 2px  Server   Error: MISSING_MESSAGE: Could not resolve `location.missingLocationPreference` in messages for locale `en`.
    at renderMatchMessage (about://React/Server/D:%5C%D0%BF%D1%80%D0%BE%D0%B5%D0%BA%D1%82%D1%8B%5CUnikchoose%5C.next%5Cdev%5Cserver%5Cchunks%5Cssr%5C%5Broot-of-the-server%5D__1622ik9._.js?65:822:12)
    at <anonymous> (about://React/Server/D:%5C%D0%BF%D1%80%D0%BE%D0%B5%D0%BA%D1%82%D1%8B%5CUnikchoose%5C.next%5Cdev%5Cserver%5Cchunks%5Cssr%5C%5Broot-of-the-server%5D__1622ik9._.js?71:1378:227)
    at Array.map (<anonymous>:1:18)
    at ProgrammeCard (about://React/Server/D:%5C%D0%BF%D1%80%D0%BE%D0%B5%D0%BA%D1%82%D1%8B%5CUnikchoose%5C.next%5Cdev%5Cserver%5Cchunks%5Cssr%5C%5Broot-of-the-server%5D__1622ik9._.js?72:1365:64)
    at resolveErrorDev (http://localhost:3000/_next/static/chunks/node_modules_next_dist_compiled_react-server-dom-turbopack_164kp-6._.js:1937:105)
    at getOutlinedModel (http://localhost:3000/_next/static/chunks/node_modules_next_dist_compiled_react-server-dom-turbopack_164kp-6._.js:1487:28)
    at parseModelString (http://localhost:3000/_next/static/chunks/node_modules_next_dist_compiled_react-server-dom-turbopack_164kp-6._.js:1602:50)
    at reviveModel (http://localhost:3000/_next/static/chunks/node_modules_next_dist_compiled_react-server-dom-turbopack_164kp-6._.js:2544:66)
    at parseModel (http://localhost:3000/_next/static/chunks/node_modules_next_dist_compiled_react-server-dom-turbopack_164kp-6._.js:2539:16)
    at initializeModelChunk (http://localhost:3000/_next/static/chunks/node_modules_next_dist_compiled_react-server-dom-turbopack_164kp-6._.js:1100:25)
    at getOutlinedModel (http://localhost:3000/_next/static/chunks/node_modules_next_dist_compiled_react-server-dom-turbopack_164kp-6._.js:1423:17)
    at parseModelString (http://localhost:3000/_next/static/chunks/node_modules_next_dist_compiled_react-server-dom-turbopack_164kp-6._.js:1657:50)
    at reviveModel (http://localhost:3000/_next/static/chunks/node_modules_next_dist_compiled_react-server-dom-turbopack_164kp-6._.js:2544:66)
    at reviveModel (http://localhost:3000/_next/static/chunks/node_modules_next_dist_compiled_react-server-dom-turbopack_164kp-6._.js:2547:61)
    at parseModel (http://localhost:3000/_next/static/chunks/node_modules_next_dist_compiled_react-server-dom-turbopack_164kp-6._.js:2539:16)
    at initializeModelChunk (http://localhost:3000/_next/static/chunks/node_modules_next_dist_compiled_react-server-dom-turbopack_164kp-6._.js:1100:25)
    at resolveConsoleEntry (http://localhost:3000/_next/static/chunks/node_modules_next_dist_compiled_react-server-dom-turbopack_164kp-6._.js:2069:96)
    at processFullStringRow (http://localhost:3000/_next/static/chunks/node_modules_next_dist_compiled_react-server-dom-turbopack_164kp-6._.js:2475:17)
    at processFullBinaryRow (http://localhost:3000/_next/static/chunks/node_modules_next_dist_compiled_react-server-dom-turbopack_164kp-6._.js:2415:9)
    at processBinaryChunk (http://localhost:3000/_next/static/chunks/node_modules_next_dist_compiled_react-server-dom-turbopack_164kp-6._.js:2524:221)
    at progress (http://localhost:3000/_next/static/chunks/node_modules_next_dist_compiled_react-server-dom-turbopack_164kp-6._.js:2698:20) @ http://localhost:3000/_next/static/chunks/node_modules_next_dist_1e8vcs8._.js:1052
[  247409ms] [ERROR] %c%s%c background: #e6e6e6;background: light-dark(rgba(0,0,0,0.1), rgba(255,255,255,0.25));color: #000000;color: light-dark(#000000, #ffffff);border-radius: 2px  Server   Error: MISSING_MESSAGE: Could not resolve `career.missingData` in messages for locale `en`.
    at renderMatchMessage (about://React/Server/D:%5C%D0%BF%D1%80%D0%BE%D0%B5%D0%BA%D1%82%D1%8B%5CUnikchoose%5C.next%5Cdev%5Cserver%5Cchunks%5Cssr%5C%5Broot-of-the-server%5D__1622ik9._.js?65:822:12)
    at <anonymous> (about://React/Server/D:%5C%D0%BF%D1%80%D0%BE%D0%B5%D0%BA%D1%82%D1%8B%5CUnikchoose%5C.next%5Cdev%5Cserver%5Cchunks%5Cssr%5C%5Broot-of-the-server%5D__1622ik9._.js?71:1378:227)
    at Array.map (<anonymous>:1:18)
    at ProgrammeCard (about://React/Server/D:%5C%D0%BF%D1%80%D0%BE%D0%B5%D0%BA%D1%82%D1%8B%5CUnikchoose%5C.next%5Cdev%5Cserver%5Cchunks%5Cssr%5C%5Broot-of-the-server%5D__1622ik9._.js?72:1365:64)
    at resolveErrorDev (http://localhost:3000/_next/static/chunks/node_modules_next_dist_compiled_react-server-dom-turbopack_164kp-6._.js:1937:105)
    at getOutlinedModel (http://localhost:3000/_next/static/chunks/node_modules_next_dist_compiled_react-server-dom-turbopack_164kp-6._.js:1487:28)
    at parseModelString (http://localhost:3000/_next/static/chunks/node_modules_next_dist_compiled_react-server-dom-turbopack_164kp-6._.js:1602:50)
    at reviveModel (http://localhost:3000/_next/static/chunks/node_modules_next_dist_compiled_react-server-dom-turbopack_164kp-6._.js:2544:66)
    at parseModel (http://localhost:3000/_next/static/chunks/node_modules_next_dist_compiled_react-server-dom-turbopack_164kp-6._.js:2539:16)
    at initializeModelChunk (http://localhost:3000/_next/static/chunks/node_modules_next_dist_compiled_react-server-dom-turbopack_164kp-6._.js:1100:25)
    at getOutlinedModel (http://localhost:3000/_next/static/chunks/node_modules_next_dist_compiled_react-server-dom-turbopack_164kp-6._.js:1423:17)
    at parseModelString (http://localhost:3000/_next/static/chunks/node_modules_next_dist_compiled_react-server-dom-turbopack_164kp-6._.js:1657:50)
    at reviveModel (http://localhost:3000/_next/static/chunks/node_modules_next_dist_compiled_react-server-dom-turbopack_164kp-6._.js:2544:66)
    at reviveModel (http://localhost:3000/_next/static/chunks/node_modules_next_dist_compiled_react-server-dom-turbopack_164kp-6._.js:2547:61)
    at parseModel (http://localhost:3000/_next/static/chunks/node_modules_next_dist_compiled_react-server-dom-turbopack_164kp-6._.js:2539:16)
    at initializeModelChunk (http://localhost:3000/_next/static/chunks/node_modules_next_dist_compiled_react-server-dom-turbopack_164kp-6._.js:1100:25)
    at resolveConsoleEntry (http://localhost:3000/_next/static/chunks/node_modules_next_dist_compiled_react-server-dom-turbopack_164kp-6._.js:2069:96)
    at processFullStringRow (http://localhost:3000/_next/static/chunks/node_modules_next_dist_compiled_react-server-dom-turbopack_164kp-6._.js:2475:17)
    at processFullBinaryRow (http://localhost:3000/_next/static/chunks/node_modules_next_dist_compiled_react-server-dom-turbopack_164kp-6._.js:2415:9)
    at processBinaryChunk (http://localhost:3000/_next/static/chunks/node_modules_next_dist_compiled_react-server-dom-turbopack_164kp-6._.js:2524:221)
    at progress (http://localhost:3000/_next/static/chunks/node_modules_next_dist_compiled_react-server-dom-turbopack_164kp-6._.js:2698:20) @ http://localhost:3000/_next/static/chunks/node_modules_next_dist_1e8vcs8._.js:1052
[  247409ms] [ERROR] %c%s%c background: #e6e6e6;background: light-dark(rgba(0,0,0,0.1), rgba(255,255,255,0.25));color: #000000;color: light-dark(#000000, #ffffff);border-radius: 2px  Server   Error: MISSING_MESSAGE: Could not resolve `format.missingPreference` in messages for locale `en`.
    at renderMatchMessage (about://React/Server/D:%5C%D0%BF%D1%80%D0%BE%D0%B5%D0%BA%D1%82%D1%8B%5CUnikchoose%5C.next%5Cdev%5Cserver%5Cchunks%5Cssr%5C%5Broot-of-the-server%5D__1622ik9._.js?65:822:12)
    at <anonymous> (about://React/Server/D:%5C%D0%BF%D1%80%D0%BE%D0%B5%D0%BA%D1%82%D1%8B%5CUnikchoose%5C.next%5Cdev%5Cserver%5Cchunks%5Cssr%5C%5Broot-of-the-server%5D__1622ik9._.js?71:1378:227)
    at Array.map (<anonymous>:1:18)
    at ProgrammeCard (about://React/Server/D:%5C%D0%BF%D1%80%D0%BE%D0%B5%D0%BA%D1%82%D1%8B%5CUnikchoose%5C.next%5Cdev%5Cserver%5Cchunks%5Cssr%5C%5Broot-of-the-server%5D__1622ik9._.js?72:1365:64)
    at resolveErrorDev (http://localhost:3000/_next/static/chunks/node_modules_next_dist_compiled_react-server-dom-turbopack_164kp-6._.js:1937:105)
    at getOutlinedModel (http://localhost:3000/_next/static/chunks/node_modules_next_dist_compiled_react-server-dom-turbopack_164kp-6._.js:1487:28)
    at parseModelString (http://localhost:3000/_next/static/chunks/node_modules_next_dist_compiled_react-server-dom-turbopack_164kp-6._.js:1602:50)
    at reviveModel (http://localhost:3000/_next/static/chunks/node_modules_next_dist_compiled_react-server-dom-turbopack_164kp-6._.js:2544:66)
    at parseModel (http://localhost:3000/_next/static/chunks/node_modules_next_dist_compiled_react-server-dom-turbopack_164kp-6._.js:2539:16)
    at initializeModelChunk (http://localhost:3000/_next/static/chunks/node_modules_next_dist_compiled_react-server-dom-turbopack_164kp-6._.js:1100:25)
    at getOutlinedModel (http://localhost:3000/_next/static/chunks/node_modules_next_dist_compiled_react-server-dom-turbopack_164kp-6._.js:1423:17)
    at parseModelString (http://localhost:3000/_next/static/chunks/node_modules_next_dist_compiled_react-server-dom-turbopack_164kp-6._.js:1657:50)
    at reviveModel (http://localhost:3000/_next/static/chunks/node_modules_next_dist_compiled_react-server-dom-turbopack_164kp-6._.js:2544:66)
    at reviveModel (http://localhost:3000/_next/static/chunks/node_modules_next_dist_compiled_react-server-dom-turbopack_164kp-6._.js:2547:61)
    at parseModel (http://localhost:3000/_next/static/chunks/node_modules_next_dist_compiled_react-server-dom-turbopack_164kp-6._.js:2539:16)
    at initializeModelChunk (http://localhost:3000/_next/static/chunks/node_modules_next_dist_compiled_react-server-dom-turbopack_164kp-6._.js:1100:25)
    at resolveConsoleEntry (http://localhost:3000/_next/static/chunks/node_modules_next_dist_compiled_react-server-dom-turbopack_164kp-6._.js:2069:96)
    at processFullStringRow (http://localhost:3000/_next/static/chunks/node_modules_next_dist_compiled_react-server-dom-turbopack_164kp-6._.js:2475:17)
    at processFullBinaryRow (http://localhost:3000/_next/static/chunks/node_modules_next_dist_compiled_react-server-dom-turbopack_164kp-6._.js:2415:9)
    at processBinaryChunk (http://localhost:3000/_next/static/chunks/node_modules_next_dist_compiled_react-server-dom-turbopack_164kp-6._.js:2524:221)
    at progress (http://localhost:3000/_next/static/chunks/node_modules_next_dist_compiled_react-server-dom-turbopack_164kp-6._.js:2698:20) @ http://localhost:3000/_next/static/chunks/node_modules_next_dist_1e8vcs8._.js:1052
[  247409ms] [ERROR] %c%s%c background: #e6e6e6;background: light-dark(rgba(0,0,0,0.1), rgba(255,255,255,0.25));color: #000000;color: light-dark(#000000, #ffffff);border-radius: 2px  Server   Error: MISSING_MESSAGE: Could not resolve `lifestyle.missingData` in messages for locale `en`.
    at renderMatchMessage (about://React/Server/D:%5C%D0%BF%D1%80%D0%BE%D0%B5%D0%BA%D1%82%D1%8B%5CUnikchoose%5C.next%5Cdev%5Cserver%5Cchunks%5Cssr%5C%5Broot-of-the-server%5D__1622ik9._.js?65:822:12)
    at <anonymous> (about://React/Server/D:%5C%D0%BF%D1%80%D0%BE%D0%B5%D0%BA%D1%82%D1%8B%5CUnikchoose%5C.next%5Cdev%5Cserver%5Cchunks%5Cssr%5C%5Broot-of-the-server%5D__1622ik9._.js?71:1378:227)
    at Array.map (<anonymous>:1:18)
    at ProgrammeCard (about://React/Server/D:%5C%D0%BF%D1%80%D0%BE%D0%B5%D0%BA%D1%82%D1%8B%5CUnikchoose%5C.next%5Cdev%5Cserver%5Cchunks%5Cssr%5C%5Broot-of-the-server%5D__1622ik9._.js?72:1365:64)
    at resolveErrorDev (http://localhost:3000/_next/static/chunks/node_modules_next_dist_compiled_react-server-dom-turbopack_164kp-6._.js:1937:105)
    at getOutlinedModel (http://localhost:3000/_next/static/chunks/node_modules_next_dist_compiled_react-server-dom-turbopack_164kp-6._.js:1487:28)
    at parseModelString (http://localhost:3000/_next/static/chunks/node_modules_next_dist_compiled_react-server-dom-turbopack_164kp-6._.js:1602:50)
    at reviveModel (http://localhost:3000/_next/static/chunks/node_modules_next_dist_compiled_react-server-dom-turbopack_164kp-6._.js:2544:66)
    at parseModel (http://localhost:3000/_next/static/chunks/node_modules_next_dist_compiled_react-server-dom-turbopack_164kp-6._.js:2539:16)
    at initializeModelChunk (http://localhost:3000/_next/static/chunks/node_modules_next_dist_compiled_react-server-dom-turbopack_164kp-6._.js:1100:25)
    at getOutlinedModel (http://localhost:3000/_next/static/chunks/node_modules_next_dist_compiled_react-server-dom-turbopack_164kp-6._.js:1423:17)
    at parseModelString (http://localhost:3000/_next/static/chunks/node_modules_next_dist_compiled_react-server-dom-turbopack_164kp-6._.js:1657:50)
    at reviveModel (http://localhost:3000/_next/static/chunks/node_modules_next_dist_compiled_react-server-dom-turbopack_164kp-6._.js:2544:66)
    at reviveModel (http://localhost:3000/_next/static/chunks/node_modules_next_dist_compiled_react-server-dom-turbopack_164kp-6._.js:2547:61)
    at parseModel (http://localhost:3000/_next/static/chunks/node_modules_next_dist_compiled_react-server-dom-turbopack_164kp-6._.js:2539:16)
    at initializeModelChunk (http://localhost:3000/_next/static/chunks/node_modules_next_dist_compiled_react-server-dom-turbopack_164kp-6._.js:1100:25)
    at resolveConsoleEntry (http://localhost:3000/_next/static/chunks/node_modules_next_dist_compiled_react-server-dom-turbopack_164kp-6._.js:2069:96)
    at processFullStringRow (http://localhost:3000/_next/static/chunks/node_modules_next_dist_compiled_react-server-dom-turbopack_164kp-6._.js:2475:17)
    at processFullBinaryRow (http://localhost:3000/_next/static/chunks/node_modules_next_dist_compiled_react-server-dom-turbopack_164kp-6._.js:2415:9)
    at processBinaryChunk (http://localhost:3000/_next/static/chunks/node_modules_next_dist_compiled_react-server-dom-turbopack_164kp-6._.js:2524:221)
    at progress (http://localhost:3000/_next/static/chunks/node_modules_next_dist_compiled_react-server-dom-turbopack_164kp-6._.js:2698:20) @ http://localhost:3000/_next/static/chunks/node_modules_next_dist_1e8vcs8._.js:1052
[  247409ms] [ERROR] %c%s%c background: #e6e6e6;background: light-dark(rgba(0,0,0,0.1), rgba(255,255,255,0.25));color: #000000;color: light-dark(#000000, #ffffff);border-radius: 2px  Server   Error: MISSING_MESSAGE: Could not resolve `language.matchesPreferredLanguage` in messages for locale `en`.
    at renderMatchMessage (about://React/Server/D:%5C%D0%BF%D1%80%D0%BE%D0%B5%D0%BA%D1%82%D1%8B%5CUnikchoose%5C.next%5Cdev%5Cserver%5Cchunks%5Cssr%5C%5Broot-of-the-server%5D__1622ik9._.js?65:822:12)
    at <anonymous> (about://React/Server/D:%5C%D0%BF%D1%80%D0%BE%D0%B5%D0%BA%D1%82%D1%8B%5CUnikchoose%5C.next%5Cdev%5Cserver%5Cchunks%5Cssr%5C%5Broot-of-the-server%5D__1622ik9._.js?66:1056:211)
    at Array.map (<anonymous>:1:18)
    at ProgrammeCard (about://React/Server/D:%5C%D0%BF%D1%80%D0%BE%D0%B5%D0%BA%D1%82%D1%8B%5CUnikchoose%5C.next%5Cdev%5Cserver%5Cchunks%5Cssr%5C%5Broot-of-the-server%5D__1622ik9._.js?67:1043:50)
    at resolveErrorDev (http://localhost:3000/_next/static/chunks/node_modules_next_dist_compiled_react-server-dom-turbopack_164kp-6._.js:1937:105)
    at getOutlinedModel (http://localhost:3000/_next/static/chunks/node_modules_next_dist_compiled_react-server-dom-turbopack_164kp-6._.js:1487:28)
    at parseModelString (http://localhost:3000/_next/static/chunks/node_modules_next_dist_compiled_react-server-dom-turbopack_164kp-6._.js:1602:50)
    at reviveModel (http://localhost:3000/_next/static/chunks/node_modules_next_dist_compiled_react-server-dom-turbopack_164kp-6._.js:2544:66)
    at parseModel (http://localhost:3000/_next/static/chunks/node_modules_next_dist_compiled_react-server-dom-turbopack_164kp-6._.js:2539:16)
    at initializeModelChunk (http://localhost:3000/_next/static/chunks/node_modules_next_dist_compiled_react-server-dom-turbopack_164kp-6._.js:1100:25)
    at getOutlinedModel (http://localhost:3000/_next/static/chunks/node_modules_next_dist_compiled_react-server-dom-turbopack_164kp-6._.js:1423:17)
    at parseModelString (http://localhost:3000/_next/static/chunks/node_modules_next_dist_compiled_react-server-dom-turbopack_164kp-6._.js:1657:50)
    at reviveModel (http://localhost:3000/_next/static/chunks/node_modules_next_dist_compiled_react-server-dom-turbopack_164kp-6._.js:2544:66)
    at reviveModel (http://localhost:3000/_next/static/chunks/node_modules_next_dist_compiled_react-server-dom-turbopack_164kp-6._.js:2547:61)
    at parseModel (http://localhost:3000/_next/static/chunks/node_modules_next_dist_compiled_react-server-dom-turbopack_164kp-6._.js:2539:16)
    at initializeModelChunk (http://localhost:3000/_next/static/chunks/node_modules_next_dist_compiled_react-server-dom-turbopack_164kp-6._.js:1100:25)
    at resolveConsoleEntry (http://localhost:3000/_next/static/chunks/node_modules_next_dist_compiled_react-server-dom-turbopack_164kp-6._.js:2069:96)
    at processFullStringRow (http://localhost:3000/_next/static/chunks/node_modules_next_dist_compiled_react-server-dom-turbopack_164kp-6._.js:2475:17)
    at processFullBinaryRow (http://localhost:3000/_next/static/chunks/node_modules_next_dist_compiled_react-server-dom-turbopack_164kp-6._.js:2415:9)
    at processBinaryChunk (http://localhost:3000/_next/static/chunks/node_modules_next_dist_compiled_react-server-dom-turbopack_164kp-6._.js:2524:221)
    at progress (http://localhost:3000/_next/static/chunks/node_modules_next_dist_compiled_react-server-dom-turbopack_164kp-6._.js:2698:20) @ http://localhost:3000/_next/static/chunks/node_modules_next_dist_1e8vcs8._.js:1052
[  247409ms] [ERROR] %c%s%c background: #e6e6e6;background: light-dark(rgba(0,0,0,0.1), rgba(255,255,255,0.25));color: #000000;color: light-dark(#000000, #ffffff);border-radius: 2px  Server   Error: MISSING_MESSAGE: Could not resolve `support.internationalOffice` in messages for locale `en`.
    at renderMatchMessage (about://React/Server/D:%5C%D0%BF%D1%80%D0%BE%D0%B5%D0%BA%D1%82%D1%8B%5CUnikchoose%5C.next%5Cdev%5Cserver%5Cchunks%5Cssr%5C%5Broot-of-the-server%5D__1622ik9._.js?65:822:12)
    at <anonymous> (about://React/Server/D:%5C%D0%BF%D1%80%D0%BE%D0%B5%D0%BA%D1%82%D1%8B%5CUnikchoose%5C.next%5Cdev%5Cserver%5Cchunks%5Cssr%5C%5Broot-of-the-server%5D__1622ik9._.js?66:1056:211)
    at Array.map (<anonymous>:1:18)
    at ProgrammeCard (about://React/Server/D:%5C%D0%BF%D1%80%D0%BE%D0%B5%D0%BA%D1%82%D1%8B%5CUnikchoose%5C.next%5Cdev%5Cserver%5Cchunks%5Cssr%5C%5Broot-of-the-server%5D__1622ik9._.js?67:1043:50)
    at resolveErrorDev (http://localhost:3000/_next/static/chunks/node_modules_next_dist_compiled_react-server-dom-turbopack_164kp-6._.js:1937:105)
    at getOutlinedModel (http://localhost:3000/_next/static/chunks/node_modules_next_dist_compiled_react-server-dom-turbopack_164kp-6._.js:1487:28)
    at parseModelString (http://localhost:3000/_next/static/chunks/node_modules_next_dist_compiled_react-server-dom-turbopack_164kp-6._.js:1602:50)
    at reviveModel (http://localhost:3000/_next/static/chunks/node_modules_next_dist_compiled_react-server-dom-turbopack_164kp-6._.js:2544:66)
    at parseModel (http://localhost:3000/_next/static/chunks/node_modules_next_dist_compiled_react-server-dom-turbopack_164kp-6._.js:2539:16)
    at initializeModelChunk (http://localhost:3000/_next/static/chunks/node_modules_next_dist_compiled_react-server-dom-turbopack_164kp-6._.js:1100:25)
    at getOutlinedModel (http://localhost:3000/_next/static/chunks/node_modules_next_dist_compiled_react-server-dom-turbopack_164kp-6._.js:1423:17)
    at parseModelString (http://localhost:3000/_next/static/chunks/node_modules_next_dist_compiled_react-server-dom-turbopack_164kp-6._.js:1657:50)
    at reviveModel (http://localhost:3000/_next/static/chunks/node_modules_next_dist_compiled_react-server-dom-turbopack_164kp-6._.js:2544:66)
    at reviveModel (http://localhost:3000/_next/static/chunks/node_modules_next_dist_compiled_react-server-dom-turbopack_164kp-6._.js:2547:61)
    at parseModel (http://localhost:3000/_next/static/chunks/node_modules_next_dist_compiled_react-server-dom-turbopack_164kp-6._.js:2539:16)
    at initializeModelChunk (http://localhost:3000/_next/static/chunks/node_modules_next_dist_compiled_react-server-dom-turbopack_164kp-6._.js:1100:25)
    at resolveConsoleEntry (http://localhost:3000/_next/static/chunks/node_modules_next_dist_compiled_react-server-dom-turbopack_164kp-6._.js:2069:96)
    at processFullStringRow (http://localhost:3000/_next/static/chunks/node_modules_next_dist_compiled_react-server-dom-turbopack_164kp-6._.js:2475:17)
    at processFullBinaryRow (http://localhost:3000/_next/static/chunks/node_modules_next_dist_compiled_react-server-dom-turbopack_164kp-6._.js:2415:9)
    at processBinaryChunk (http://localhost:3000/_next/static/chunks/node_modules_next_dist_compiled_react-server-dom-turbopack_164kp-6._.js:2524:221)
    at progress (http://localhost:3000/_next/static/chunks/node_modules_next_dist_compiled_react-server-dom-turbopack_164kp-6._.js:2698:20) @ http://localhost:3000/_next/static/chunks/node_modules_next_dist_1e8vcs8._.js:1052
[  247409ms] [ERROR] %c%s%c background: #e6e6e6;background: light-dark(rgba(0,0,0,0.1), rgba(255,255,255,0.25));color: #000000;color: light-dark(#000000, #ffffff);border-radius: 2px  Server   Error: MISSING_MESSAGE: Could not resolve `support.erasmus` in messages for locale `en`.
    at renderMatchMessage (about://React/Server/D:%5C%D0%BF%D1%80%D0%BE%D0%B5%D0%BA%D1%82%D1%8B%5CUnikchoose%5C.next%5Cdev%5Cserver%5Cchunks%5Cssr%5C%5Broot-of-the-server%5D__1622ik9._.js?65:822:12)
    at <anonymous> (about://React/Server/D:%5C%D0%BF%D1%80%D0%BE%D0%B5%D0%BA%D1%82%D1%8B%5CUnikchoose%5C.next%5Cdev%5Cserver%5Cchunks%5Cssr%5C%5Broot-of-the-server%5D__1622ik9._.js?66:1056:211)
    at Array.map (<anonymous>:1:18)
    at ProgrammeCard (about://React/Server/D:%5C%D0%BF%D1%80%D0%BE%D0%B5%D0%BA%D1%82%D1%8B%5CUnikchoose%5C.next%5Cdev%5Cserver%5Cchunks%5Cssr%5C%5Broot-of-the-server%5D__1622ik9._.js?67:1043:50)
    at resolveErrorDev (http://localhost:3000/_next/static/chunks/node_modules_next_dist_compiled_react-server-dom-turbopack_164kp-6._.js:1937:105)
    at getOutlinedModel (http://localhost:3000/_next/static/chunks/node_modules_next_dist_compiled_react-server-dom-turbopack_164kp-6._.js:1487:28)
    at parseModelString (http://localhost:3000/_next/static/chunks/node_modules_next_dist_compiled_react-server-dom-turbopack_164kp-6._.js:1602:50)
    at reviveModel (http://localhost:3000/_next/static/chunks/node_modules_next_dist_compiled_react-server-dom-turbopack_164kp-6._.js:2544:66)
    at parseModel (http://localhost:3000/_next/static/chunks/node_modules_next_dist_compiled_react-server-dom-turbopack_164kp-6._.js:2539:16)
    at initializeModelChunk (http://localhost:3000/_next/static/chunks/node_modules_next_dist_compiled_react-server-dom-turbopack_164kp-6._.js:1100:25)
    at getOutlinedModel (http://localhost:3000/_next/static/chunks/node_modules_next_dist_compiled_react-server-dom-turbopack_164kp-6._.js:1423:17)
    at parseModelString (http://localhost:3000/_next/static/chunks/node_modules_next_dist_compiled_react-server-dom-turbopack_164kp-6._.js:1657:50)
    at reviveModel (http://localhost:3000/_next/static/chunks/node_modules_next_dist_compiled_react-server-dom-turbopack_164kp-6._.js:2544:66)
    at reviveModel (http://localhost:3000/_next/static/chunks/node_modules_next_dist_compiled_react-server-dom-turbopack_164kp-6._.js:2547:61)
    at parseModel (http://localhost:3000/_next/static/chunks/node_modules_next_dist_compiled_react-server-dom-turbopack_164kp-6._.js:2539:16)
    at initializeModelChunk (http://localhost:3000/_next/static/chunks/node_modules_next_dist_compiled_react-server-dom-turbopack_164kp-6._.js:1100:25)
    at resolveConsoleEntry (http://localhost:3000/_next/static/chunks/node_modules_next_dist_compiled_react-server-dom-turbopack_164kp-6._.js:2069:96)
    at processFullStringRow (http://localhost:3000/_next/static/chunks/node_modules_next_dist_compiled_react-server-dom-turbopack_164kp-6._.js:2475:17)
    at processFullBinaryRow (http://localhost:3000/_next/static/chunks/node_modules_next_dist_compiled_react-server-dom-turbopack_164kp-6._.js:2415:9)
    at processBinaryChunk (http://localhost:3000/_next/static/chunks/node_modules_next_dist_compiled_react-server-dom-turbopack_164kp-6._.js:2524:221)
    at progress (http://localhost:3000/_next/static/chunks/node_modules_next_dist_compiled_react-server-dom-turbopack_164kp-6._.js:2698:20) @ http://localhost:3000/_next/static/chunks/node_modules_next_dist_1e8vcs8._.js:1052
[  247409ms] [ERROR] %c%s%c background: #e6e6e6;background: light-dark(rgba(0,0,0,0.1), rgba(255,255,255,0.25));color: #000000;color: light-dark(#000000, #ffffff);border-radius: 2px  Server   Error: MISSING_MESSAGE: Could not resolve `academic.entranceExamGeneric` in messages for locale `en`.
    at renderMatchMessage (about://React/Server/D:%5C%D0%BF%D1%80%D0%BE%D0%B5%D0%BA%D1%82%D1%8B%5CUnikchoose%5C.next%5Cdev%5Cserver%5Cchunks%5Cssr%5C%5Broot-of-the-server%5D__1622ik9._.js?65:822:12)
    at ProgrammeCard (about://React/Server/D:%5C%D0%BF%D1%80%D0%BE%D0%B5%D0%BA%D1%82%D1%8B%5CUnikchoose%5C.next%5Cdev%5Cserver%5Cchunks%5Cssr%5C%5Broot-of-the-server%5D__1622ik9._.js?70:1102:203)
    at resolveErrorDev (http://localhost:3000/_next/static/chunks/node_modules_next_dist_compiled_react-server-dom-turbopack_164kp-6._.js:1937:105)
    at getOutlinedModel (http://localhost:3000/_next/static/chunks/node_modules_next_dist_compiled_react-server-dom-turbopack_164kp-6._.js:1487:28)
    at parseModelString (http://localhost:3000/_next/static/chunks/node_modules_next_dist_compiled_react-server-dom-turbopack_164kp-6._.js:1602:50)
    at reviveModel (http://localhost:3000/_next/static/chunks/node_modules_next_dist_compiled_react-server-dom-turbopack_164kp-6._.js:2544:66)
    at parseModel (http://localhost:3000/_next/static/chunks/node_modules_next_dist_compiled_react-server-dom-turbopack_164kp-6._.js:2539:16)
    at initializeModelChunk (http://localhost:3000/_next/static/chunks/node_modules_next_dist_compiled_react-server-dom-turbopack_164kp-6._.js:1100:25)
    at getOutlinedModel (http://localhost:3000/_next/static/chunks/node_modules_next_dist_compiled_react-server-dom-turbopack_164kp-6._.js:1423:17)
    at parseModelString (http://localhost:3000/_next/static/chunks/node_modules_next_dist_compiled_react-server-dom-turbopack_164kp-6._.js:1657:50)
    at reviveModel (http://localhost:3000/_next/static/chunks/node_modules_next_dist_compiled_react-server-dom-turbopack_164kp-6._.js:2544:66)
    at reviveModel (http://localhost:3000/_next/static/chunks/node_modules_next_dist_compiled_react-server-dom-turbopack_164kp-6._.js:2547:61)
    at parseModel (http://localhost:3000/_next/static/chunks/node_modules_next_dist_compiled_react-server-dom-turbopack_164kp-6._.js:2539:16)
    at initializeModelChunk (http://localhost:3000/_next/static/chunks/node_modules_next_dist_compiled_react-server-dom-turbopack_164kp-6._.js:1100:25)
    at resolveConsoleEntry (http://localhost:3000/_next/static/chunks/node_modules_next_dist_compiled_react-server-dom-turbopack_164kp-6._.js:2069:96)
    at processFullStringRow (http://localhost:3000/_next/static/chunks/node_modules_next_dist_compiled_react-server-dom-turbopack_164kp-6._.js:2475:17)
    at processFullBinaryRow (http://localhost:3000/_next/static/chunks/node_modules_next_dist_compiled_react-server-dom-turbopack_164kp-6._.js:2415:9)
    at processBinaryChunk (http://localhost:3000/_next/static/chunks/node_modules_next_dist_compiled_react-server-dom-turbopack_164kp-6._.js:2524:221)
    at progress (http://localhost:3000/_next/static/chunks/node_modules_next_dist_compiled_react-server-dom-turbopack_164kp-6._.js:2698:20) @ http://localhost:3000/_next/static/chunks/node_modules_next_dist_1e8vcs8._.js:1052
[  247410ms] [ERROR] %c%s%c background: #e6e6e6;background: light-dark(rgba(0,0,0,0.1), rgba(255,255,255,0.25));color: #000000;color: light-dark(#000000, #ffffff);border-radius: 2px  Server   Error: MISSING_MESSAGE: Could not resolve `budget.missingBudget` in messages for locale `en`.
    at renderMatchMessage (about://React/Server/D:%5C%D0%BF%D1%80%D0%BE%D0%B5%D0%BA%D1%82%D1%8B%5CUnikchoose%5C.next%5Cdev%5Cserver%5Cchunks%5Cssr%5C%5Broot-of-the-server%5D__1622ik9._.js?65:822:12)
    at <anonymous> (about://React/Server/D:%5C%D0%BF%D1%80%D0%BE%D0%B5%D0%BA%D1%82%D1%8B%5CUnikchoose%5C.next%5Cdev%5Cserver%5Cchunks%5Cssr%5C%5Broot-of-the-server%5D__1622ik9._.js?71:1378:227)
    at Array.map (<anonymous>:1:18)
    at ProgrammeCard (about://React/Server/D:%5C%D0%BF%D1%80%D0%BE%D0%B5%D0%BA%D1%82%D1%8B%5CUnikchoose%5C.next%5Cdev%5Cserver%5Cchunks%5Cssr%5C%5Broot-of-the-server%5D__1622ik9._.js?72:1365:64)
    at resolveErrorDev (http://localhost:3000/_next/static/chunks/node_modules_next_dist_compiled_react-server-dom-turbopack_164kp-6._.js:1937:105)
    at getOutlinedModel (http://localhost:3000/_next/static/chunks/node_modules_next_dist_compiled_react-server-dom-turbopack_164kp-6._.js:1487:28)
    at parseModelString (http://localhost:3000/_next/static/chunks/node_modules_next_dist_compiled_react-server-dom-turbopack_164kp-6._.js:1602:50)
    at reviveModel (http://localhost:3000/_next/static/chunks/node_modules_next_dist_compiled_react-server-dom-turbopack_164kp-6._.js:2544:66)
    at parseModel (http://localhost:3000/_next/static/chunks/node_modules_next_dist_compiled_react-server-dom-turbopack_164kp-6._.js:2539:16)
    at initializeModelChunk (http://localhost:3000/_next/static/chunks/node_modules_next_dist_compiled_react-server-dom-turbopack_164kp-6._.js:1100:25)
    at getOutlinedModel (http://localhost:3000/_next/static/chunks/node_modules_next_dist_compiled_react-server-dom-turbopack_164kp-6._.js:1423:17)
    at parseModelString (http://localhost:3000/_next/static/chunks/node_modules_next_dist_compiled_react-server-dom-turbopack_164kp-6._.js:1657:50)
    at reviveModel (http://localhost:3000/_next/static/chunks/node_modules_next_dist_compiled_react-server-dom-turbopack_164kp-6._.js:2544:66)
    at reviveModel (http://localhost:3000/_next/static/chunks/node_modules_next_dist_compiled_react-server-dom-turbopack_164kp-6._.js:2547:61)
    at parseModel (http://localhost:3000/_next/static/chunks/node_modules_next_dist_compiled_react-server-dom-turbopack_164kp-6._.js:2539:16)
    at initializeModelChunk (http://localhost:3000/_next/static/chunks/node_modules_next_dist_compiled_react-server-dom-turbopack_164kp-6._.js:1100:25)
    at resolveConsoleEntry (http://localhost:3000/_next/static/chunks/node_modules_next_dist_compiled_react-server-dom-turbopack_164kp-6._.js:2069:96)
    at processFullStringRow (http://localhost:3000/_next/static/chunks/node_modules_next_dist_compiled_react-server-dom-turbopack_164kp-6._.js:2475:17)
    at processFullBinaryRow (http://localhost:3000/_next/static/chunks/node_modules_next_dist_compiled_react-server-dom-turbopack_164kp-6._.js:2415:9)
    at processBinaryChunk (http://localhost:3000/_next/static/chunks/node_modules_next_dist_compiled_react-server-dom-turbopack_164kp-6._.js:2524:221)
    at progress (http://localhost:3000/_next/static/chunks/node_modules_next_dist_compiled_react-server-dom-turbopack_164kp-6._.js:2698:20) @ http://localhost:3000/_next/static/chunks/node_modules_next_dist_1e8vcs8._.js:1052
[  247410ms] [ERROR] %c%s%c background: #e6e6e6;background: light-dark(rgba(0,0,0,0.1), rgba(255,255,255,0.25));color: #000000;color: light-dark(#000000, #ffffff);border-radius: 2px  Server   Error: MISSING_MESSAGE: Could not resolve `location.missingLocationPreference` in messages for locale `en`.
    at renderMatchMessage (about://React/Server/D:%5C%D0%BF%D1%80%D0%BE%D0%B5%D0%BA%D1%82%D1%8B%5CUnikchoose%5C.next%5Cdev%5Cserver%5Cchunks%5Cssr%5C%5Broot-of-the-server%5D__1622ik9._.js?65:822:12)
    at <anonymous> (about://React/Server/D:%5C%D0%BF%D1%80%D0%BE%D0%B5%D0%BA%D1%82%D1%8B%5CUnikchoose%5C.next%5Cdev%5Cserver%5Cchunks%5Cssr%5C%5Broot-of-the-server%5D__1622ik9._.js?71:1378:227)
    at Array.map (<anonymous>:1:18)
    at ProgrammeCard (about://React/Server/D:%5C%D0%BF%D1%80%D0%BE%D0%B5%D0%BA%D1%82%D1%8B%5CUnikchoose%5C.next%5Cdev%5Cserver%5Cchunks%5Cssr%5C%5Broot-of-the-server%5D__1622ik9._.js?72:1365:64)
    at resolveErrorDev (http://localhost:3000/_next/static/chunks/node_modules_next_dist_compiled_react-server-dom-turbopack_164kp-6._.js:1937:105)
    at getOutlinedModel (http://localhost:3000/_next/static/chunks/node_modules_next_dist_compiled_react-server-dom-turbopack_164kp-6._.js:1487:28)
    at parseModelString (http://localhost:3000/_next/static/chunks/node_modules_next_dist_compiled_react-server-dom-turbopack_164kp-6._.js:1602:50)
    at reviveModel (http://localhost:3000/_next/static/chunks/node_modules_next_dist_compiled_react-server-dom-turbopack_164kp-6._.js:2544:66)
    at parseModel (http://localhost:3000/_next/static/chunks/node_modules_next_dist_compiled_react-server-dom-turbopack_164kp-6._.js:2539:16)
    at initializeModelChunk (http://localhost:3000/_next/static/chunks/node_modules_next_dist_compiled_react-server-dom-turbopack_164kp-6._.js:1100:25)
    at getOutlinedModel (http://localhost:3000/_next/static/chunks/node_modules_next_dist_compiled_react-server-dom-turbopack_164kp-6._.js:1423:17)
    at parseModelString (http://localhost:3000/_next/static/chunks/node_modules_next_dist_compiled_react-server-dom-turbopack_164kp-6._.js:1657:50)
    at reviveModel (http://localhost:3000/_next/static/chunks/node_modules_next_dist_compiled_react-server-dom-turbopack_164kp-6._.js:2544:66)
    at reviveModel (http://localhost:3000/_next/static/chunks/node_modules_next_dist_compiled_react-server-dom-turbopack_164kp-6._.js:2547:61)
    at parseModel (http://localhost:3000/_next/static/chunks/node_modules_next_dist_compiled_react-server-dom-turbopack_164kp-6._.js:2539:16)
    at initializeModelChunk (http://localhost:3000/_next/static/chunks/node_modules_next_dist_compiled_react-server-dom-turbopack_164kp-6._.js:1100:25)
    at resolveConsoleEntry (http://localhost:3000/_next/static/chunks/node_modules_next_dist_compiled_react-server-dom-turbopack_164kp-6._.js:2069:96)
    at processFullStringRow (http://localhost:3000/_next/static/chunks/node_modules_next_dist_compiled_react-server-dom-turbopack_164kp-6._.js:2475:17)
    at processFullBinaryRow (http://localhost:3000/_next/static/chunks/node_modules_next_dist_compiled_react-server-dom-turbopack_164kp-6._.js:2415:9)
    at processBinaryChunk (http://localhost:3000/_next/static/chunks/node_modules_next_dist_compiled_react-server-dom-turbopack_164kp-6._.js:2524:221)
    at progress (http://localhost:3000/_next/static/chunks/node_modules_next_dist_compiled_react-server-dom-turbopack_164kp-6._.js:2698:20) @ http://localhost:3000/_next/static/chunks/node_modules_next_dist_1e8vcs8._.js:1052
[  247410ms] [ERROR] %c%s%c background: #e6e6e6;background: light-dark(rgba(0,0,0,0.1), rgba(255,255,255,0.25));color: #000000;color: light-dark(#000000, #ffffff);border-radius: 2px  Server   Error: MISSING_MESSAGE: Could not resolve `admission.entranceExamRequired` in messages for locale `en`.
    at renderMatchMessage (about://React/Server/D:%5C%D0%BF%D1%80%D0%BE%D0%B5%D0%BA%D1%82%D1%8B%5CUnikchoose%5C.next%5Cdev%5Cserver%5Cchunks%5Cssr%5C%5Broot-of-the-server%5D__1622ik9._.js?65:822:12)
    at <anonymous> (about://React/Server/D:%5C%D0%BF%D1%80%D0%BE%D0%B5%D0%BA%D1%82%D1%8B%5CUnikchoose%5C.next%5Cdev%5Cserver%5Cchunks%5Cssr%5C%5Broot-of-the-server%5D__1622ik9._.js?71:1378:227)
    at Array.map (<anonymous>:1:18)
    at ProgrammeCard (about://React/Server/D:%5C%D0%BF%D1%80%D0%BE%D0%B5%D0%BA%D1%82%D1%8B%5CUnikchoose%5C.next%5Cdev%5Cserver%5Cchunks%5Cssr%5C%5Broot-of-the-server%5D__1622ik9._.js?72:1365:64)
    at resolveErrorDev (http://localhost:3000/_next/static/chunks/node_modules_next_dist_compiled_react-server-dom-turbopack_164kp-6._.js:1937:105)
    at getOutlinedModel (http://localhost:3000/_next/static/chunks/node_modules_next_dist_compiled_react-server-dom-turbopack_164kp-6._.js:1487:28)
    at parseModelString (http://localhost:3000/_next/static/chunks/node_modules_next_dist_compiled_react-server-dom-turbopack_164kp-6._.js:1602:50)
    at reviveModel (http://localhost:3000/_next/static/chunks/node_modules_next_dist_compiled_react-server-dom-turbopack_164kp-6._.js:2544:66)
    at parseModel (http://localhost:3000/_next/static/chunks/node_modules_next_dist_compiled_react-server-dom-turbopack_164kp-6._.js:2539:16)
    at initializeModelChunk (http://localhost:3000/_next/static/chunks/node_modules_next_dist_compiled_react-server-dom-turbopack_164kp-6._.js:1100:25)
    at getOutlinedModel (http://localhost:3000/_next/static/chunks/node_modules_next_dist_compiled_react-server-dom-turbopack_164kp-6._.js:1423:17)
    at parseModelString (http://localhost:3000/_next/static/chunks/node_modules_next_dist_compiled_react-server-dom-turbopack_164kp-6._.js:1657:50)
    at reviveModel (http://localhost:3000/_next/static/chunks/node_modules_next_dist_compiled_react-server-dom-turbopack_164kp-6._.js:2544:66)
    at reviveModel (http://localhost:3000/_next/static/chunks/node_modules_next_dist_compiled_react-server-dom-turbopack_164kp-6._.js:2547:61)
    at parseModel (http://localhost:3000/_next/static/chunks/node_modules_next_dist_compiled_react-server-dom-turbopack_164kp-6._.js:2539:16)
    at initializeModelChunk (http://localhost:3000/_next/static/chunks/node_modules_next_dist_compiled_react-server-dom-turbopack_164kp-6._.js:1100:25)
    at resolveConsoleEntry (http://localhost:3000/_next/static/chunks/node_modules_next_dist_compiled_react-server-dom-turbopack_164kp-6._.js:2069:96)
    at processFullStringRow (http://localhost:3000/_next/static/chunks/node_modules_next_dist_compiled_react-server-dom-turbopack_164kp-6._.js:2475:17)
    at processFullBinaryRow (http://localhost:3000/_next/static/chunks/node_modules_next_dist_compiled_react-server-dom-turbopack_164kp-6._.js:2415:9)
    at processBinaryChunk (http://localhost:3000/_next/static/chunks/node_modules_next_dist_compiled_react-server-dom-turbopack_164kp-6._.js:2524:221)
    at progress (http://localhost:3000/_next/static/chunks/node_modules_next_dist_compiled_react-server-dom-turbopack_164kp-6._.js:2698:20) @ http://localhost:3000/_next/static/chunks/node_modules_next_dist_1e8vcs8._.js:1052
[  247410ms] [ERROR] %c%s%c background: #e6e6e6;background: light-dark(rgba(0,0,0,0.1), rgba(255,255,255,0.25));color: #000000;color: light-dark(#000000, #ffffff);border-radius: 2px  Server   Error: MISSING_MESSAGE: Could not resolve `career.missingData` in messages for locale `en`.
    at renderMatchMessage (about://React/Server/D:%5C%D0%BF%D1%80%D0%BE%D0%B5%D0%BA%D1%82%D1%8B%5CUnikchoose%5C.next%5Cdev%5Cserver%5Cchunks%5Cssr%5C%5Broot-of-the-server%5D__1622ik9._.js?65:822:12)
    at <anonymous> (about://React/Server/D:%5C%D0%BF%D1%80%D0%BE%D0%B5%D0%BA%D1%82%D1%8B%5CUnikchoose%5C.next%5Cdev%5Cserver%5Cchunks%5Cssr%5C%5Broot-of-the-server%5D__1622ik9._.js?71:1378:227)
    at Array.map (<anonymous>:1:18)
    at ProgrammeCard (about://React/Server/D:%5C%D0%BF%D1%80%D0%BE%D0%B5%D0%BA%D1%82%D1%8B%5CUnikchoose%5C.next%5Cdev%5Cserver%5Cchunks%5Cssr%5C%5Broot-of-the-server%5D__1622ik9._.js?72:1365:64)
    at resolveErrorDev (http://localhost:3000/_next/static/chunks/node_modules_next_dist_compiled_react-server-dom-turbopack_164kp-6._.js:1937:105)
    at getOutlinedModel (http://localhost:3000/_next/static/chunks/node_modules_next_dist_compiled_react-server-dom-turbopack_164kp-6._.js:1487:28)
    at parseModelString (http://localhost:3000/_next/static/chunks/node_modules_next_dist_compiled_react-server-dom-turbopack_164kp-6._.js:1602:50)
    at reviveModel (http://localhost:3000/_next/static/chunks/node_modules_next_dist_compiled_react-server-dom-turbopack_164kp-6._.js:2544:66)
    at parseModel (http://localhost:3000/_next/static/chunks/node_modules_next_dist_compiled_react-server-dom-turbopack_164kp-6._.js:2539:16)
    at initializeModelChunk (http://localhost:3000/_next/static/chunks/node_modules_next_dist_compiled_react-server-dom-turbopack_164kp-6._.js:1100:25)
    at getOutlinedModel (http://localhost:3000/_next/static/chunks/node_modules_next_dist_compiled_react-server-dom-turbopack_164kp-6._.js:1423:17)
    at parseModelString (http://localhost:3000/_next/static/chunks/node_modules_next_dist_compiled_react-server-dom-turbopack_164kp-6._.js:1657:50)
    at reviveModel (http://localhost:3000/_next/static/chunks/node_modules_next_dist_compiled_react-server-dom-turbopack_164kp-6._.js:2544:66)
    at reviveModel (http://localhost:3000/_next/static/chunks/node_modules_next_dist_compiled_react-server-dom-turbopack_164kp-6._.js:2547:61)
    at parseModel (http://localhost:3000/_next/static/chunks/node_modules_next_dist_compiled_react-server-dom-turbopack_164kp-6._.js:2539:16)
    at initializeModelChunk (http://localhost:3000/_next/static/chunks/node_modules_next_dist_compiled_react-server-dom-turbopack_164kp-6._.js:1100:25)
    at resolveConsoleEntry (http://localhost:3000/_next/static/chunks/node_modules_next_dist_compiled_react-server-dom-turbopack_164kp-6._.js:2069:96)
    at processFullStringRow (http://localhost:3000/_next/static/chunks/node_modules_next_dist_compiled_react-server-dom-turbopack_164kp-6._.js:2475:17)
    at processFullBinaryRow (http://localhost:3000/_next/static/chunks/node_modules_next_dist_compiled_react-server-dom-turbopack_164kp-6._.js:2415:9)
    at processBinaryChunk (http://localhost:3000/_next/static/chunks/node_modules_next_dist_compiled_react-server-dom-turbopack_164kp-6._.js:2524:221)
    at progress (http://localhost:3000/_next/static/chunks/node_modules_next_dist_compiled_react-server-dom-turbopack_164kp-6._.js:2698:20) @ http://localhost:3000/_next/static/chunks/node_modules_next_dist_1e8vcs8._.js:1052
[  247410ms] [ERROR] %c%s%c background: #e6e6e6;background: light-dark(rgba(0,0,0,0.1), rgba(255,255,255,0.25));color: #000000;color: light-dark(#000000, #ffffff);border-radius: 2px  Server   Error: MISSING_MESSAGE: Could not resolve `format.missingPreference` in messages for locale `en`.
    at renderMatchMessage (about://React/Server/D:%5C%D0%BF%D1%80%D0%BE%D0%B5%D0%BA%D1%82%D1%8B%5CUnikchoose%5C.next%5Cdev%5Cserver%5Cchunks%5Cssr%5C%5Broot-of-the-server%5D__1622ik9._.js?65:822:12)
    at <anonymous> (about://React/Server/D:%5C%D0%BF%D1%80%D0%BE%D0%B5%D0%BA%D1%82%D1%8B%5CUnikchoose%5C.next%5Cdev%5Cserver%5Cchunks%5Cssr%5C%5Broot-of-the-server%5D__1622ik9._.js?71:1378:227)
    at Array.map (<anonymous>:1:18)
    at ProgrammeCard (about://React/Server/D:%5C%D0%BF%D1%80%D0%BE%D0%B5%D0%BA%D1%82%D1%8B%5CUnikchoose%5C.next%5Cdev%5Cserver%5Cchunks%5Cssr%5C%5Broot-of-the-server%5D__1622ik9._.js?72:1365:64)
    at resolveErrorDev (http://localhost:3000/_next/static/chunks/node_modules_next_dist_compiled_react-server-dom-turbopack_164kp-6._.js:1937:105)
    at getOutlinedModel (http://localhost:3000/_next/static/chunks/node_modules_next_dist_compiled_react-server-dom-turbopack_164kp-6._.js:1487:28)
    at parseModelString (http://localhost:3000/_next/static/chunks/node_modules_next_dist_compiled_react-server-dom-turbopack_164kp-6._.js:1602:50)
    at reviveModel (http://localhost:3000/_next/static/chunks/node_modules_next_dist_compiled_react-server-dom-turbopack_164kp-6._.js:2544:66)
    at parseModel (http://localhost:3000/_next/static/chunks/node_modules_next_dist_compiled_react-server-dom-turbopack_164kp-6._.js:2539:16)
    at initializeModelChunk (http://localhost:3000/_next/static/chunks/node_modules_next_dist_compiled_react-server-dom-turbopack_164kp-6._.js:1100:25)
    at getOutlinedModel (http://localhost:3000/_next/static/chunks/node_modules_next_dist_compiled_react-server-dom-turbopack_164kp-6._.js:1423:17)
    at parseModelString (http://localhost:3000/_next/static/chunks/node_modules_next_dist_compiled_react-server-dom-turbopack_164kp-6._.js:1657:50)
    at reviveModel (http://localhost:3000/_next/static/chunks/node_modules_next_dist_compiled_react-server-dom-turbopack_164kp-6._.js:2544:66)
    at reviveModel (http://localhost:3000/_next/static/chunks/node_modules_next_dist_compiled_react-server-dom-turbopack_164kp-6._.js:2547:61)
    at parseModel (http://localhost:3000/_next/static/chunks/node_modules_next_dist_compiled_react-server-dom-turbopack_164kp-6._.js:2539:16)
    at initializeModelChunk (http://localhost:3000/_next/static/chunks/node_modules_next_dist_compiled_react-server-dom-turbopack_164kp-6._.js:1100:25)
    at resolveConsoleEntry (http://localhost:3000/_next/static/chunks/node_modules_next_dist_compiled_react-server-dom-turbopack_164kp-6._.js:2069:96)
    at processFullStringRow (http://localhost:3000/_next/static/chunks/node_modules_next_dist_compiled_react-server-dom-turbopack_164kp-6._.js:2475:17)
    at processFullBinaryRow (http://localhost:3000/_next/static/chunks/node_modules_next_dist_compiled_react-server-dom-turbopack_164kp-6._.js:2415:9)
    at processBinaryChunk (http://localhost:3000/_next/static/chunks/node_modules_next_dist_compiled_react-server-dom-turbopack_164kp-6._.js:2524:221)
    at progress (http://localhost:3000/_next/static/chunks/node_modules_next_dist_compiled_react-server-dom-turbopack_164kp-6._.js:2698:20) @ http://localhost:3000/_next/static/chunks/node_modules_next_dist_1e8vcs8._.js:1052
[  247410ms] [ERROR] %c%s%c background: #e6e6e6;background: light-dark(rgba(0,0,0,0.1), rgba(255,255,255,0.25));color: #000000;color: light-dark(#000000, #ffffff);border-radius: 2px  Server   Error: MISSING_MESSAGE: Could not resolve `lifestyle.missingData` in messages for locale `en`.
    at renderMatchMessage (about://React/Server/D:%5C%D0%BF%D1%80%D0%BE%D0%B5%D0%BA%D1%82%D1%8B%5CUnikchoose%5C.next%5Cdev%5Cserver%5Cchunks%5Cssr%5C%5Broot-of-the-server%5D__1622ik9._.js?65:822:12)
    at <anonymous> (about://React/Server/D:%5C%D0%BF%D1%80%D0%BE%D0%B5%D0%BA%D1%82%D1%8B%5CUnikchoose%5C.next%5Cdev%5Cserver%5Cchunks%5Cssr%5C%5Broot-of-the-server%5D__1622ik9._.js?71:1378:227)
    at Array.map (<anonymous>:1:18)
    at ProgrammeCard (about://React/Server/D:%5C%D0%BF%D1%80%D0%BE%D0%B5%D0%BA%D1%82%D1%8B%5CUnikchoose%5C.next%5Cdev%5Cserver%5Cchunks%5Cssr%5C%5Broot-of-the-server%5D__1622ik9._.js?72:1365:64)
    at resolveErrorDev (http://localhost:3000/_next/static/chunks/node_modules_next_dist_compiled_react-server-dom-turbopack_164kp-6._.js:1937:105)
    at getOutlinedModel (http://localhost:3000/_next/static/chunks/node_modules_next_dist_compiled_react-server-dom-turbopack_164kp-6._.js:1487:28)
    at parseModelString (http://localhost:3000/_next/static/chunks/node_modules_next_dist_compiled_react-server-dom-turbopack_164kp-6._.js:1602:50)
    at reviveModel (http://localhost:3000/_next/static/chunks/node_modules_next_dist_compiled_react-server-dom-turbopack_164kp-6._.js:2544:66)
    at parseModel (http://localhost:3000/_next/static/chunks/node_modules_next_dist_compiled_react-server-dom-turbopack_164kp-6._.js:2539:16)
    at initializeModelChunk (http://localhost:3000/_next/static/chunks/node_modules_next_dist_compiled_react-server-dom-turbopack_164kp-6._.js:1100:25)
    at getOutlinedModel (http://localhost:3000/_next/static/chunks/node_modules_next_dist_compiled_react-server-dom-turbopack_164kp-6._.js:1423:17)
    at parseModelString (http://localhost:3000/_next/static/chunks/node_modules_next_dist_compiled_react-server-dom-turbopack_164kp-6._.js:1657:50)
    at reviveModel (http://localhost:3000/_next/static/chunks/node_modules_next_dist_compiled_react-server-dom-turbopack_164kp-6._.js:2544:66)
    at reviveModel (http://localhost:3000/_next/static/chunks/node_modules_next_dist_compiled_react-server-dom-turbopack_164kp-6._.js:2547:61)
    at parseModel (http://localhost:3000/_next/static/chunks/node_modules_next_dist_compiled_react-server-dom-turbopack_164kp-6._.js:2539:16)
    at initializeModelChunk (http://localhost:3000/_next/static/chunks/node_modules_next_dist_compiled_react-server-dom-turbopack_164kp-6._.js:1100:25)
    at resolveConsoleEntry (http://localhost:3000/_next/static/chunks/node_modules_next_dist_compiled_react-server-dom-turbopack_164kp-6._.js:2069:96)
    at processFullStringRow (http://localhost:3000/_next/static/chunks/node_modules_next_dist_compiled_react-server-dom-turbopack_164kp-6._.js:2475:17)
    at processFullBinaryRow (http://localhost:3000/_next/static/chunks/node_modules_next_dist_compiled_react-server-dom-turbopack_164kp-6._.js:2415:9)
    at processBinaryChunk (http://localhost:3000/_next/static/chunks/node_modules_next_dist_compiled_react-server-dom-turbopack_164kp-6._.js:2524:221)
    at progress (http://localhost:3000/_next/static/chunks/node_modules_next_dist_compiled_react-server-dom-turbopack_164kp-6._.js:2698:20) @ http://localhost:3000/_next/static/chunks/node_modules_next_dist_1e8vcs8._.js:1052
[  247410ms] [ERROR] %c%s%c background: #e6e6e6;background: light-dark(rgba(0,0,0,0.1), rgba(255,255,255,0.25));color: #000000;color: light-dark(#000000, #ffffff);border-radius: 2px  Server   Error: MISSING_MESSAGE: Could not resolve `language.matchesPreferredLanguage` in messages for locale `en`.
    at renderMatchMessage (about://React/Server/D:%5C%D0%BF%D1%80%D0%BE%D0%B5%D0%BA%D1%82%D1%8B%5CUnikchoose%5C.next%5Cdev%5Cserver%5Cchunks%5Cssr%5C%5Broot-of-the-server%5D__1622ik9._.js?65:822:12)
    at <anonymous> (about://React/Server/D:%5C%D0%BF%D1%80%D0%BE%D0%B5%D0%BA%D1%82%D1%8B%5CUnikchoose%5C.next%5Cdev%5Cserver%5Cchunks%5Cssr%5C%5Broot-of-the-server%5D__1622ik9._.js?66:1056:211)
    at Array.map (<anonymous>:1:18)
    at ProgrammeCard (about://React/Server/D:%5C%D0%BF%D1%80%D0%BE%D0%B5%D0%BA%D1%82%D1%8B%5CUnikchoose%5C.next%5Cdev%5Cserver%5Cchunks%5Cssr%5C%5Broot-of-the-server%5D__1622ik9._.js?67:1043:50)
    at resolveErrorDev (http://localhost:3000/_next/static/chunks/node_modules_next_dist_compiled_react-server-dom-turbopack_164kp-6._.js:1937:105)
    at getOutlinedModel (http://localhost:3000/_next/static/chunks/node_modules_next_dist_compiled_react-server-dom-turbopack_164kp-6._.js:1487:28)
    at parseModelString (http://localhost:3000/_next/static/chunks/node_modules_next_dist_compiled_react-server-dom-turbopack_164kp-6._.js:1602:50)
    at reviveModel (http://localhost:3000/_next/static/chunks/node_modules_next_dist_compiled_react-server-dom-turbopack_164kp-6._.js:2544:66)
    at parseModel (http://localhost:3000/_next/static/chunks/node_modules_next_dist_compiled_react-server-dom-turbopack_164kp-6._.js:2539:16)
    at initializeModelChunk (http://localhost:3000/_next/static/chunks/node_modules_next_dist_compiled_react-server-dom-turbopack_164kp-6._.js:1100:25)
    at getOutlinedModel (http://localhost:3000/_next/static/chunks/node_modules_next_dist_compiled_react-server-dom-turbopack_164kp-6._.js:1423:17)
    at parseModelString (http://localhost:3000/_next/static/chunks/node_modules_next_dist_compiled_react-server-dom-turbopack_164kp-6._.js:1657:50)
    at reviveModel (http://localhost:3000/_next/static/chunks/node_modules_next_dist_compiled_react-server-dom-turbopack_164kp-6._.js:2544:66)
    at reviveModel (http://localhost:3000/_next/static/chunks/node_modules_next_dist_compiled_react-server-dom-turbopack_164kp-6._.js:2547:61)
    at parseModel (http://localhost:3000/_next/static/chunks/node_modules_next_dist_compiled_react-server-dom-turbopack_164kp-6._.js:2539:16)
    at initializeModelChunk (http://localhost:3000/_next/static/chunks/node_modules_next_dist_compiled_react-server-dom-turbopack_164kp-6._.js:1100:25)
    at resolveConsoleEntry (http://localhost:3000/_next/static/chunks/node_modules_next_dist_compiled_react-server-dom-turbopack_164kp-6._.js:2069:96)
    at processFullStringRow (http://localhost:3000/_next/static/chunks/node_modules_next_dist_compiled_react-server-dom-turbopack_164kp-6._.js:2475:17)
    at processFullBinaryRow (http://localhost:3000/_next/static/chunks/node_modules_next_dist_compiled_react-server-dom-turbopack_164kp-6._.js:2415:9)
    at processBinaryChunk (http://localhost:3000/_next/static/chunks/node_modules_next_dist_compiled_react-server-dom-turbopack_164kp-6._.js:2524:221)
    at progress (http://localhost:3000/_next/static/chunks/node_modules_next_dist_compiled_react-server-dom-turbopack_164kp-6._.js:2698:20) @ http://localhost:3000/_next/static/chunks/node_modules_next_dist_1e8vcs8._.js:1052
[  247410ms] [ERROR] %c%s%c background: #e6e6e6;background: light-dark(rgba(0,0,0,0.1), rgba(255,255,255,0.25));color: #000000;color: light-dark(#000000, #ffffff);border-radius: 2px  Server   Error: MISSING_MESSAGE: Could not resolve `support.internationalOffice` in messages for locale `en`.
    at renderMatchMessage (about://React/Server/D:%5C%D0%BF%D1%80%D0%BE%D0%B5%D0%BA%D1%82%D1%8B%5CUnikchoose%5C.next%5Cdev%5Cserver%5Cchunks%5Cssr%5C%5Broot-of-the-server%5D__1622ik9._.js?65:822:12)
    at <anonymous> (about://React/Server/D:%5C%D0%BF%D1%80%D0%BE%D0%B5%D0%BA%D1%82%D1%8B%5CUnikchoose%5C.next%5Cdev%5Cserver%5Cchunks%5Cssr%5C%5Broot-of-the-server%5D__1622ik9._.js?66:1056:211)
    at Array.map (<anonymous>:1:18)
    at ProgrammeCard (about://React/Server/D:%5C%D0%BF%D1%80%D0%BE%D0%B5%D0%BA%D1%82%D1%8B%5CUnikchoose%5C.next%5Cdev%5Cserver%5Cchunks%5Cssr%5C%5Broot-of-the-server%5D__1622ik9._.js?67:1043:50)
    at resolveErrorDev (http://localhost:3000/_next/static/chunks/node_modules_next_dist_compiled_react-server-dom-turbopack_164kp-6._.js:1937:105)
    at getOutlinedModel (http://localhost:3000/_next/static/chunks/node_modules_next_dist_compiled_react-server-dom-turbopack_164kp-6._.js:1487:28)
    at parseModelString (http://localhost:3000/_next/static/chunks/node_modules_next_dist_compiled_react-server-dom-turbopack_164kp-6._.js:1602:50)
    at reviveModel (http://localhost:3000/_next/static/chunks/node_modules_next_dist_compiled_react-server-dom-turbopack_164kp-6._.js:2544:66)
    at parseModel (http://localhost:3000/_next/static/chunks/node_modules_next_dist_compiled_react-server-dom-turbopack_164kp-6._.js:2539:16)
    at initializeModelChunk (http://localhost:3000/_next/static/chunks/node_modules_next_dist_compiled_react-server-dom-turbopack_164kp-6._.js:1100:25)
    at getOutlinedModel (http://localhost:3000/_next/static/chunks/node_modules_next_dist_compiled_react-server-dom-turbopack_164kp-6._.js:1423:17)
    at parseModelString (http://localhost:3000/_next/static/chunks/node_modules_next_dist_compiled_react-server-dom-turbopack_164kp-6._.js:1657:50)
    at reviveModel (http://localhost:3000/_next/static/chunks/node_modules_next_dist_compiled_react-server-dom-turbopack_164kp-6._.js:2544:66)
    at reviveModel (http://localhost:3000/_next/static/chunks/node_modules_next_dist_compiled_react-server-dom-turbopack_164kp-6._.js:2547:61)
    at parseModel (http://localhost:3000/_next/static/chunks/node_modules_next_dist_compiled_react-server-dom-turbopack_164kp-6._.js:2539:16)
    at initializeModelChunk (http://localhost:3000/_next/static/chunks/node_modules_next_dist_compiled_react-server-dom-turbopack_164kp-6._.js:1100:25)
    at resolveConsoleEntry (http://localhost:3000/_next/static/chunks/node_modules_next_dist_compiled_react-server-dom-turbopack_164kp-6._.js:2069:96)
    at processFullStringRow (http://localhost:3000/_next/static/chunks/node_modules_next_dist_compiled_react-server-dom-turbopack_164kp-6._.js:2475:17)
    at processFullBinaryRow (http://localhost:3000/_next/static/chunks/node_modules_next_dist_compiled_react-server-dom-turbopack_164kp-6._.js:2415:9)
    at processBinaryChunk (http://localhost:3000/_next/static/chunks/node_modules_next_dist_compiled_react-server-dom-turbopack_164kp-6._.js:2524:221)
    at progress (http://localhost:3000/_next/static/chunks/node_modules_next_dist_compiled_react-server-dom-turbopack_164kp-6._.js:2698:20) @ http://localhost:3000/_next/static/chunks/node_modules_next_dist_1e8vcs8._.js:1052
[  247411ms] [ERROR] %c%s%c background: #e6e6e6;background: light-dark(rgba(0,0,0,0.1), rgba(255,255,255,0.25));color: #000000;color: light-dark(#000000, #ffffff);border-radius: 2px  Server   Error: MISSING_MESSAGE: Could not resolve `support.erasmus` in messages for locale `en`.
    at renderMatchMessage (about://React/Server/D:%5C%D0%BF%D1%80%D0%BE%D0%B5%D0%BA%D1%82%D1%8B%5CUnikchoose%5C.next%5Cdev%5Cserver%5Cchunks%5Cssr%5C%5Broot-of-the-server%5D__1622ik9._.js?65:822:12)
    at <anonymous> (about://React/Server/D:%5C%D0%BF%D1%80%D0%BE%D0%B5%D0%BA%D1%82%D1%8B%5CUnikchoose%5C.next%5Cdev%5Cserver%5Cchunks%5Cssr%5C%5Broot-of-the-server%5D__1622ik9._.js?66:1056:211)
    at Array.map (<anonymous>:1:18)
    at ProgrammeCard (about://React/Server/D:%5C%D0%BF%D1%80%D0%BE%D0%B5%D0%BA%D1%82%D1%8B%5CUnikchoose%5C.next%5Cdev%5Cserver%5Cchunks%5Cssr%5C%5Broot-of-the-server%5D__1622ik9._.js?67:1043:50)
    at resolveErrorDev (http://localhost:3000/_next/static/chunks/node_modules_next_dist_compiled_react-server-dom-turbopack_164kp-6._.js:1937:105)
    at getOutlinedModel (http://localhost:3000/_next/static/chunks/node_modules_next_dist_compiled_react-server-dom-turbopack_164kp-6._.js:1487:28)
    at parseModelString (http://localhost:3000/_next/static/chunks/node_modules_next_dist_compiled_react-server-dom-turbopack_164kp-6._.js:1602:50)
    at reviveModel (http://localhost:3000/_next/static/chunks/node_modules_next_dist_compiled_react-server-dom-turbopack_164kp-6._.js:2544:66)
    at parseModel (http://localhost:3000/_next/static/chunks/node_modules_next_dist_compiled_react-server-dom-turbopack_164kp-6._.js:2539:16)
    at initializeModelChunk (http://localhost:3000/_next/static/chunks/node_modules_next_dist_compiled_react-server-dom-turbopack_164kp-6._.js:1100:25)
    at getOutlinedModel (http://localhost:3000/_next/static/chunks/node_modules_next_dist_compiled_react-server-dom-turbopack_164kp-6._.js:1423:17)
    at parseModelString (http://localhost:3000/_next/static/chunks/node_modules_next_dist_compiled_react-server-dom-turbopack_164kp-6._.js:1657:50)
    at reviveModel (http://localhost:3000/_next/static/chunks/node_modules_next_dist_compiled_react-server-dom-turbopack_164kp-6._.js:2544:66)
    at reviveModel (http://localhost:3000/_next/static/chunks/node_modules_next_dist_compiled_react-server-dom-turbopack_164kp-6._.js:2547:61)
    at parseModel (http://localhost:3000/_next/static/chunks/node_modules_next_dist_compiled_react-server-dom-turbopack_164kp-6._.js:2539:16)
    at initializeModelChunk (http://localhost:3000/_next/static/chunks/node_modules_next_dist_compiled_react-server-dom-turbopack_164kp-6._.js:1100:25)
    at resolveConsoleEntry (http://localhost:3000/_next/static/chunks/node_modules_next_dist_compiled_react-server-dom-turbopack_164kp-6._.js:2069:96)
    at processFullStringRow (http://localhost:3000/_next/static/chunks/node_modules_next_dist_compiled_react-server-dom-turbopack_164kp-6._.js:2475:17)
    at processFullBinaryRow (http://localhost:3000/_next/static/chunks/node_modules_next_dist_compiled_react-server-dom-turbopack_164kp-6._.js:2415:9)
    at processBinaryChunk (http://localhost:3000/_next/static/chunks/node_modules_next_dist_compiled_react-server-dom-turbopack_164kp-6._.js:2524:221)
    at progress (http://localhost:3000/_next/static/chunks/node_modules_next_dist_compiled_react-server-dom-turbopack_164kp-6._.js:2698:20) @ http://localhost:3000/_next/static/chunks/node_modules_next_dist_1e8vcs8._.js:1052
[  247411ms] [ERROR] %c%s%c background: #e6e6e6;background: light-dark(rgba(0,0,0,0.1), rgba(255,255,255,0.25));color: #000000;color: light-dark(#000000, #ffffff);border-radius: 2px  Server   Error: MISSING_MESSAGE: Could not resolve `academic.entranceExamGeneric` in messages for locale `en`.
    at renderMatchMessage (about://React/Server/D:%5C%D0%BF%D1%80%D0%BE%D0%B5%D0%BA%D1%82%D1%8B%5CUnikchoose%5C.next%5Cdev%5Cserver%5Cchunks%5Cssr%5C%5Broot-of-the-server%5D__1622ik9._.js?65:822:12)
    at ProgrammeCard (about://React/Server/D:%5C%D0%BF%D1%80%D0%BE%D0%B5%D0%BA%D1%82%D1%8B%5CUnikchoose%5C.next%5Cdev%5Cserver%5Cchunks%5Cssr%5C%5Broot-of-the-server%5D__1622ik9._.js?70:1102:203)
    at resolveErrorDev (http://localhost:3000/_next/static/chunks/node_modules_next_dist_compiled_react-server-dom-turbopack_164kp-6._.js:1937:105)
    at getOutlinedModel (http://localhost:3000/_next/static/chunks/node_modules_next_dist_compiled_react-server-dom-turbopack_164kp-6._.js:1487:28)
    at parseModelString (http://localhost:3000/_next/static/chunks/node_modules_next_dist_compiled_react-server-dom-turbopack_164kp-6._.js:1602:50)
    at reviveModel (http://localhost:3000/_next/static/chunks/node_modules_next_dist_compiled_react-server-dom-turbopack_164kp-6._.js:2544:66)
    at parseModel (http://localhost:3000/_next/static/chunks/node_modules_next_dist_compiled_react-server-dom-turbopack_164kp-6._.js:2539:16)
    at initializeModelChunk (http://localhost:3000/_next/static/chunks/node_modules_next_dist_compiled_react-server-dom-turbopack_164kp-6._.js:1100:25)
    at getOutlinedModel (http://localhost:3000/_next/static/chunks/node_modules_next_dist_compiled_react-server-dom-turbopack_164kp-6._.js:1423:17)
    at parseModelString (http://localhost:3000/_next/static/chunks/node_modules_next_dist_compiled_react-server-dom-turbopack_164kp-6._.js:1657:50)
    at reviveModel (http://localhost:3000/_next/static/chunks/node_modules_next_dist_compiled_react-server-dom-turbopack_164kp-6._.js:2544:66)
    at reviveModel (http://localhost:3000/_next/static/chunks/node_modules_next_dist_compiled_react-server-dom-turbopack_164kp-6._.js:2547:61)
    at parseModel (http://localhost:3000/_next/static/chunks/node_modules_next_dist_compiled_react-server-dom-turbopack_164kp-6._.js:2539:16)
    at initializeModelChunk (http://localhost:3000/_next/static/chunks/node_modules_next_dist_compiled_react-server-dom-turbopack_164kp-6._.js:1100:25)
    at resolveConsoleEntry (http://localhost:3000/_next/static/chunks/node_modules_next_dist_compiled_react-server-dom-turbopack_164kp-6._.js:2069:96)
    at processFullStringRow (http://localhost:3000/_next/static/chunks/node_modules_next_dist_compiled_react-server-dom-turbopack_164kp-6._.js:2475:17)
    at processFullBinaryRow (http://localhost:3000/_next/static/chunks/node_modules_next_dist_compiled_react-server-dom-turbopack_164kp-6._.js:2415:9)
    at processBinaryChunk (http://localhost:3000/_next/static/chunks/node_modules_next_dist_compiled_react-server-dom-turbopack_164kp-6._.js:2524:221)
    at progress (http://localhost:3000/_next/static/chunks/node_modules_next_dist_compiled_react-server-dom-turbopack_164kp-6._.js:2698:20) @ http://localhost:3000/_next/static/chunks/node_modules_next_dist_1e8vcs8._.js:1052
[  247411ms] [ERROR] %c%s%c background: #e6e6e6;background: light-dark(rgba(0,0,0,0.1), rgba(255,255,255,0.25));color: #000000;color: light-dark(#000000, #ffffff);border-radius: 2px  Server   Error: MISSING_MESSAGE: Could not resolve `budget.missingBudget` in messages for locale `en`.
    at renderMatchMessage (about://React/Server/D:%5C%D0%BF%D1%80%D0%BE%D0%B5%D0%BA%D1%82%D1%8B%5CUnikchoose%5C.next%5Cdev%5Cserver%5Cchunks%5Cssr%5C%5Broot-of-the-server%5D__1622ik9._.js?65:822:12)
    at <anonymous> (about://React/Server/D:%5C%D0%BF%D1%80%D0%BE%D0%B5%D0%BA%D1%82%D1%8B%5CUnikchoose%5C.next%5Cdev%5Cserver%5Cchunks%5Cssr%5C%5Broot-of-the-server%5D__1622ik9._.js?71:1378:227)
    at Array.map (<anonymous>:1:18)
    at ProgrammeCard (about://React/Server/D:%5C%D0%BF%D1%80%D0%BE%D0%B5%D0%BA%D1%82%D1%8B%5CUnikchoose%5C.next%5Cdev%5Cserver%5Cchunks%5Cssr%5C%5Broot-of-the-server%5D__1622ik9._.js?72:1365:64)
    at resolveErrorDev (http://localhost:3000/_next/static/chunks/node_modules_next_dist_compiled_react-server-dom-turbopack_164kp-6._.js:1937:105)
    at getOutlinedModel (http://localhost:3000/_next/static/chunks/node_modules_next_dist_compiled_react-server-dom-turbopack_164kp-6._.js:1487:28)
    at parseModelString (http://localhost:3000/_next/static/chunks/node_modules_next_dist_compiled_react-server-dom-turbopack_164kp-6._.js:1602:50)
    at reviveModel (http://localhost:3000/_next/static/chunks/node_modules_next_dist_compiled_react-server-dom-turbopack_164kp-6._.js:2544:66)
    at parseModel (http://localhost:3000/_next/static/chunks/node_modules_next_dist_compiled_react-server-dom-turbopack_164kp-6._.js:2539:16)
    at initializeModelChunk (http://localhost:3000/_next/static/chunks/node_modules_next_dist_compiled_react-server-dom-turbopack_164kp-6._.js:1100:25)
    at getOutlinedModel (http://localhost:3000/_next/static/chunks/node_modules_next_dist_compiled_react-server-dom-turbopack_164kp-6._.js:1423:17)
    at parseModelString (http://localhost:3000/_next/static/chunks/node_modules_next_dist_compiled_react-server-dom-turbopack_164kp-6._.js:1657:50)
    at reviveModel (http://localhost:3000/_next/static/chunks/node_modules_next_dist_compiled_react-server-dom-turbopack_164kp-6._.js:2544:66)
    at reviveModel (http://localhost:3000/_next/static/chunks/node_modules_next_dist_compiled_react-server-dom-turbopack_164kp-6._.js:2547:61)
    at parseModel (http://localhost:3000/_next/static/chunks/node_modules_next_dist_compiled_react-server-dom-turbopack_164kp-6._.js:2539:16)
    at initializeModelChunk (http://localhost:3000/_next/static/chunks/node_modules_next_dist_compiled_react-server-dom-turbopack_164kp-6._.js:1100:25)
    at resolveConsoleEntry (http://localhost:3000/_next/static/chunks/node_modules_next_dist_compiled_react-server-dom-turbopack_164kp-6._.js:2069:96)
    at processFullStringRow (http://localhost:3000/_next/static/chunks/node_modules_next_dist_compiled_react-server-dom-turbopack_164kp-6._.js:2475:17)
    at processFullBinaryRow (http://localhost:3000/_next/static/chunks/node_modules_next_dist_compiled_react-server-dom-turbopack_164kp-6._.js:2415:9)
    at processBinaryChunk (http://localhost:3000/_next/static/chunks/node_modules_next_dist_compiled_react-server-dom-turbopack_164kp-6._.js:2524:221)
    at progress (http://localhost:3000/_next/static/chunks/node_modules_next_dist_compiled_react-server-dom-turbopack_164kp-6._.js:2698:20) @ http://localhost:3000/_next/static/chunks/node_modules_next_dist_1e8vcs8._.js:1052
[  247411ms] [ERROR] %c%s%c background: #e6e6e6;background: light-dark(rgba(0,0,0,0.1), rgba(255,255,255,0.25));color: #000000;color: light-dark(#000000, #ffffff);border-radius: 2px  Server   Error: MISSING_MESSAGE: Could not resolve `location.missingLocationPreference` in messages for locale `en`.
    at renderMatchMessage (about://React/Server/D:%5C%D0%BF%D1%80%D0%BE%D0%B5%D0%BA%D1%82%D1%8B%5CUnikchoose%5C.next%5Cdev%5Cserver%5Cchunks%5Cssr%5C%5Broot-of-the-server%5D__1622ik9._.js?65:822:12)
    at <anonymous> (about://React/Server/D:%5C%D0%BF%D1%80%D0%BE%D0%B5%D0%BA%D1%82%D1%8B%5CUnikchoose%5C.next%5Cdev%5Cserver%5Cchunks%5Cssr%5C%5Broot-of-the-server%5D__1622ik9._.js?71:1378:227)
    at Array.map (<anonymous>:1:18)
    at ProgrammeCard (about://React/Server/D:%5C%D0%BF%D1%80%D0%BE%D0%B5%D0%BA%D1%82%D1%8B%5CUnikchoose%5C.next%5Cdev%5Cserver%5Cchunks%5Cssr%5C%5Broot-of-the-server%5D__1622ik9._.js?72:1365:64)
    at resolveErrorDev (http://localhost:3000/_next/static/chunks/node_modules_next_dist_compiled_react-server-dom-turbopack_164kp-6._.js:1937:105)
    at getOutlinedModel (http://localhost:3000/_next/static/chunks/node_modules_next_dist_compiled_react-server-dom-turbopack_164kp-6._.js:1487:28)
    at parseModelString (http://localhost:3000/_next/static/chunks/node_modules_next_dist_compiled_react-server-dom-turbopack_164kp-6._.js:1602:50)
    at reviveModel (http://localhost:3000/_next/static/chunks/node_modules_next_dist_compiled_react-server-dom-turbopack_164kp-6._.js:2544:66)
    at parseModel (http://localhost:3000/_next/static/chunks/node_modules_next_dist_compiled_react-server-dom-turbopack_164kp-6._.js:2539:16)
    at initializeModelChunk (http://localhost:3000/_next/static/chunks/node_modules_next_dist_compiled_react-server-dom-turbopack_164kp-6._.js:1100:25)
    at getOutlinedModel (http://localhost:3000/_next/static/chunks/node_modules_next_dist_compiled_react-server-dom-turbopack_164kp-6._.js:1423:17)
    at parseModelString (http://localhost:3000/_next/static/chunks/node_modules_next_dist_compiled_react-server-dom-turbopack_164kp-6._.js:1657:50)
    at reviveModel (http://localhost:3000/_next/static/chunks/node_modules_next_dist_compiled_react-server-dom-turbopack_164kp-6._.js:2544:66)
    at reviveModel (http://localhost:3000/_next/static/chunks/node_modules_next_dist_compiled_react-server-dom-turbopack_164kp-6._.js:2547:61)
    at parseModel (http://localhost:3000/_next/static/chunks/node_modules_next_dist_compiled_react-server-dom-turbopack_164kp-6._.js:2539:16)
    at initializeModelChunk (http://localhost:3000/_next/static/chunks/node_modules_next_dist_compiled_react-server-dom-turbopack_164kp-6._.js:1100:25)
    at resolveConsoleEntry (http://localhost:3000/_next/static/chunks/node_modules_next_dist_compiled_react-server-dom-turbopack_164kp-6._.js:2069:96)
    at processFullStringRow (http://localhost:3000/_next/static/chunks/node_modules_next_dist_compiled_react-server-dom-turbopack_164kp-6._.js:2475:17)
    at processFullBinaryRow (http://localhost:3000/_next/static/chunks/node_modules_next_dist_compiled_react-server-dom-turbopack_164kp-6._.js:2415:9)
    at processBinaryChunk (http://localhost:3000/_next/static/chunks/node_modules_next_dist_compiled_react-server-dom-turbopack_164kp-6._.js:2524:221)
    at progress (http://localhost:3000/_next/static/chunks/node_modules_next_dist_compiled_react-server-dom-turbopack_164kp-6._.js:2698:20) @ http://localhost:3000/_next/static/chunks/node_modules_next_dist_1e8vcs8._.js:1052
[  247411ms] [ERROR] %c%s%c background: #e6e6e6;background: light-dark(rgba(0,0,0,0.1), rgba(255,255,255,0.25));color: #000000;color: light-dark(#000000, #ffffff);border-radius: 2px  Server   Error: MISSING_MESSAGE: Could not resolve `admission.entranceExamRequired` in messages for locale `en`.
    at renderMatchMessage (about://React/Server/D:%5C%D0%BF%D1%80%D0%BE%D0%B5%D0%BA%D1%82%D1%8B%5CUnikchoose%5C.next%5Cdev%5Cserver%5Cchunks%5Cssr%5C%5Broot-of-the-server%5D__1622ik9._.js?65:822:12)
    at <anonymous> (about://React/Server/D:%5C%D0%BF%D1%80%D0%BE%D0%B5%D0%BA%D1%82%D1%8B%5CUnikchoose%5C.next%5Cdev%5Cserver%5Cchunks%5Cssr%5C%5Broot-of-the-server%5D__1622ik9._.js?71:1378:227)
    at Array.map (<anonymous>:1:18)
    at ProgrammeCard (about://React/Server/D:%5C%D0%BF%D1%80%D0%BE%D0%B5%D0%BA%D1%82%D1%8B%5CUnikchoose%5C.next%5Cdev%5Cserver%5Cchunks%5Cssr%5C%5Broot-of-the-server%5D__1622ik9._.js?72:1365:64)
    at resolveErrorDev (http://localhost:3000/_next/static/chunks/node_modules_next_dist_compiled_react-server-dom-turbopack_164kp-6._.js:1937:105)
    at getOutlinedModel (http://localhost:3000/_next/static/chunks/node_modules_next_dist_compiled_react-server-dom-turbopack_164kp-6._.js:1487:28)
    at parseModelString (http://localhost:3000/_next/static/chunks/node_modules_next_dist_compiled_react-server-dom-turbopack_164kp-6._.js:1602:50)
    at reviveModel (http://localhost:3000/_next/static/chunks/node_modules_next_dist_compiled_react-server-dom-turbopack_164kp-6._.js:2544:66)
    at parseModel (http://localhost:3000/_next/static/chunks/node_modules_next_dist_compiled_react-server-dom-turbopack_164kp-6._.js:2539:16)
    at initializeModelChunk (http://localhost:3000/_next/static/chunks/node_modules_next_dist_compiled_react-server-dom-turbopack_164kp-6._.js:1100:25)
    at getOutlinedModel (http://localhost:3000/_next/static/chunks/node_modules_next_dist_compiled_react-server-dom-turbopack_164kp-6._.js:1423:17)
    at parseModelString (http://localhost:3000/_next/static/chunks/node_modules_next_dist_compiled_react-server-dom-turbopack_164kp-6._.js:1657:50)
    at reviveModel (http://localhost:3000/_next/static/chunks/node_modules_next_dist_compiled_react-server-dom-turbopack_164kp-6._.js:2544:66)
    at reviveModel (http://localhost:3000/_next/static/chunks/node_modules_next_dist_compiled_react-server-dom-turbopack_164kp-6._.js:2547:61)
    at parseModel (http://localhost:3000/_next/static/chunks/node_modules_next_dist_compiled_react-server-dom-turbopack_164kp-6._.js:2539:16)
    at initializeModelChunk (http://localhost:3000/_next/static/chunks/node_modules_next_dist_compiled_react-server-dom-turbopack_164kp-6._.js:1100:25)
    at resolveConsoleEntry (http://localhost:3000/_next/static/chunks/node_modules_next_dist_compiled_react-server-dom-turbopack_164kp-6._.js:2069:96)
    at processFullStringRow (http://localhost:3000/_next/static/chunks/node_modules_next_dist_compiled_react-server-dom-turbopack_164kp-6._.js:2475:17)
    at processFullBinaryRow (http://localhost:3000/_next/static/chunks/node_modules_next_dist_compiled_react-server-dom-turbopack_164kp-6._.js:2415:9)
    at processBinaryChunk (http://localhost:3000/_next/static/chunks/node_modules_next_dist_compiled_react-server-dom-turbopack_164kp-6._.js:2524:221)
    at progress (http://localhost:3000/_next/static/chunks/node_modules_next_dist_compiled_react-server-dom-turbopack_164kp-6._.js:2698:20) @ http://localhost:3000/_next/static/chunks/node_modules_next_dist_1e8vcs8._.js:1052
[  247411ms] [ERROR] %c%s%c background: #e6e6e6;background: light-dark(rgba(0,0,0,0.1), rgba(255,255,255,0.25));color: #000000;color: light-dark(#000000, #ffffff);border-radius: 2px  Server   Error: MISSING_MESSAGE: Could not resolve `career.missingData` in messages for locale `en`.
    at renderMatchMessage (about://React/Server/D:%5C%D0%BF%D1%80%D0%BE%D0%B5%D0%BA%D1%82%D1%8B%5CUnikchoose%5C.next%5Cdev%5Cserver%5Cchunks%5Cssr%5C%5Broot-of-the-server%5D__1622ik9._.js?65:822:12)
    at <anonymous> (about://React/Server/D:%5C%D0%BF%D1%80%D0%BE%D0%B5%D0%BA%D1%82%D1%8B%5CUnikchoose%5C.next%5Cdev%5Cserver%5Cchunks%5Cssr%5C%5Broot-of-the-server%5D__1622ik9._.js?71:1378:227)
    at Array.map (<anonymous>:1:18)
    at ProgrammeCard (about://React/Server/D:%5C%D0%BF%D1%80%D0%BE%D0%B5%D0%BA%D1%82%D1%8B%5CUnikchoose%5C.next%5Cdev%5Cserver%5Cchunks%5Cssr%5C%5Broot-of-the-server%5D__1622ik9._.js?72:1365:64)
    at resolveErrorDev (http://localhost:3000/_next/static/chunks/node_modules_next_dist_compiled_react-server-dom-turbopack_164kp-6._.js:1937:105)
    at getOutlinedModel (http://localhost:3000/_next/static/chunks/node_modules_next_dist_compiled_react-server-dom-turbopack_164kp-6._.js:1487:28)
    at parseModelString (http://localhost:3000/_next/static/chunks/node_modules_next_dist_compiled_react-server-dom-turbopack_164kp-6._.js:1602:50)
    at reviveModel (http://localhost:3000/_next/static/chunks/node_modules_next_dist_compiled_react-server-dom-turbopack_164kp-6._.js:2544:66)
    at parseModel (http://localhost:3000/_next/static/chunks/node_modules_next_dist_compiled_react-server-dom-turbopack_164kp-6._.js:2539:16)
    at initializeModelChunk (http://localhost:3000/_next/static/chunks/node_modules_next_dist_compiled_react-server-dom-turbopack_164kp-6._.js:1100:25)
    at getOutlinedModel (http://localhost:3000/_next/static/chunks/node_modules_next_dist_compiled_react-server-dom-turbopack_164kp-6._.js:1423:17)
    at parseModelString (http://localhost:3000/_next/static/chunks/node_modules_next_dist_compiled_react-server-dom-turbopack_164kp-6._.js:1657:50)
    at reviveModel (http://localhost:3000/_next/static/chunks/node_modules_next_dist_compiled_react-server-dom-turbopack_164kp-6._.js:2544:66)
    at reviveModel (http://localhost:3000/_next/static/chunks/node_modules_next_dist_compiled_react-server-dom-turbopack_164kp-6._.js:2547:61)
    at parseModel (http://localhost:3000/_next/static/chunks/node_modules_next_dist_compiled_react-server-dom-turbopack_164kp-6._.js:2539:16)
    at initializeModelChunk (http://localhost:3000/_next/static/chunks/node_modules_next_dist_compiled_react-server-dom-turbopack_164kp-6._.js:1100:25)
    at resolveConsoleEntry (http://localhost:3000/_next/static/chunks/node_modules_next_dist_compiled_react-server-dom-turbopack_164kp-6._.js:2069:96)
    at processFullStringRow (http://localhost:3000/_next/static/chunks/node_modules_next_dist_compiled_react-server-dom-turbopack_164kp-6._.js:2475:17)
    at processFullBinaryRow (http://localhost:3000/_next/static/chunks/node_modules_next_dist_compiled_react-server-dom-turbopack_164kp-6._.js:2415:9)
    at processBinaryChunk (http://localhost:3000/_next/static/chunks/node_modules_next_dist_compiled_react-server-dom-turbopack_164kp-6._.js:2524:221)
    at progress (http://localhost:3000/_next/static/chunks/node_modules_next_dist_compiled_react-server-dom-turbopack_164kp-6._.js:2698:20) @ http://localhost:3000/_next/static/chunks/node_modules_next_dist_1e8vcs8._.js:1052
[  247411ms] [ERROR] %c%s%c background: #e6e6e6;background: light-dark(rgba(0,0,0,0.1), rgba(255,255,255,0.25));color: #000000;color: light-dark(#000000, #ffffff);border-radius: 2px  Server   Error: MISSING_MESSAGE: Could not resolve `format.missingPreference` in messages for locale `en`.
    at renderMatchMessage (about://React/Server/D:%5C%D0%BF%D1%80%D0%BE%D0%B5%D0%BA%D1%82%D1%8B%5CUnikchoose%5C.next%5Cdev%5Cserver%5Cchunks%5Cssr%5C%5Broot-of-the-server%5D__1622ik9._.js?65:822:12)
    at <anonymous> (about://React/Server/D:%5C%D0%BF%D1%80%D0%BE%D0%B5%D0%BA%D1%82%D1%8B%5CUnikchoose%5C.next%5Cdev%5Cserver%5Cchunks%5Cssr%5C%5Broot-of-the-server%5D__1622ik9._.js?71:1378:227)
    at Array.map (<anonymous>:1:18)
    at ProgrammeCard (about://React/Server/D:%5C%D0%BF%D1%80%D0%BE%D0%B5%D0%BA%D1%82%D1%8B%5CUnikchoose%5C.next%5Cdev%5Cserver%5Cchunks%5Cssr%5C%5Broot-of-the-server%5D__1622ik9._.js?72:1365:64)
    at resolveErrorDev (http://localhost:3000/_next/static/chunks/node_modules_next_dist_compiled_react-server-dom-turbopack_164kp-6._.js:1937:105)
    at getOutlinedModel (http://localhost:3000/_next/static/chunks/node_modules_next_dist_compiled_react-server-dom-turbopack_164kp-6._.js:1487:28)
    at parseModelString (http://localhost:3000/_next/static/chunks/node_modules_next_dist_compiled_react-server-dom-turbopack_164kp-6._.js:1602:50)
    at reviveModel (http://localhost:3000/_next/static/chunks/node_modules_next_dist_compiled_react-server-dom-turbopack_164kp-6._.js:2544:66)
    at parseModel (http://localhost:3000/_next/static/chunks/node_modules_next_dist_compiled_react-server-dom-turbopack_164kp-6._.js:2539:16)
    at initializeModelChunk (http://localhost:3000/_next/static/chunks/node_modules_next_dist_compiled_react-server-dom-turbopack_164kp-6._.js:1100:25)
    at getOutlinedModel (http://localhost:3000/_next/static/chunks/node_modules_next_dist_compiled_react-server-dom-turbopack_164kp-6._.js:1423:17)
    at parseModelString (http://localhost:3000/_next/static/chunks/node_modules_next_dist_compiled_react-server-dom-turbopack_164kp-6._.js:1657:50)
    at reviveModel (http://localhost:3000/_next/static/chunks/node_modules_next_dist_compiled_react-server-dom-turbopack_164kp-6._.js:2544:66)
    at reviveModel (http://localhost:3000/_next/static/chunks/node_modules_next_dist_compiled_react-server-dom-turbopack_164kp-6._.js:2547:61)
    at parseModel (http://localhost:3000/_next/static/chunks/node_modules_next_dist_compiled_react-server-dom-turbopack_164kp-6._.js:2539:16)
    at initializeModelChunk (http://localhost:3000/_next/static/chunks/node_modules_next_dist_compiled_react-server-dom-turbopack_164kp-6._.js:1100:25)
    at resolveConsoleEntry (http://localhost:3000/_next/static/chunks/node_modules_next_dist_compiled_react-server-dom-turbopack_164kp-6._.js:2069:96)
    at processFullStringRow (http://localhost:3000/_next/static/chunks/node_modules_next_dist_compiled_react-server-dom-turbopack_164kp-6._.js:2475:17)
    at processFullBinaryRow (http://localhost:3000/_next/static/chunks/node_modules_next_dist_compiled_react-server-dom-turbopack_164kp-6._.js:2415:9)
    at processBinaryChunk (http://localhost:3000/_next/static/chunks/node_modules_next_dist_compiled_react-server-dom-turbopack_164kp-6._.js:2524:221)
    at progress (http://localhost:3000/_next/static/chunks/node_modules_next_dist_compiled_react-server-dom-turbopack_164kp-6._.js:2698:20) @ http://localhost:3000/_next/static/chunks/node_modules_next_dist_1e8vcs8._.js:1052
[  247411ms] [ERROR] %c%s%c background: #e6e6e6;background: light-dark(rgba(0,0,0,0.1), rgba(255,255,255,0.25));color: #000000;color: light-dark(#000000, #ffffff);border-radius: 2px  Server   Error: MISSING_MESSAGE: Could not resolve `lifestyle.missingData` in messages for locale `en`.
    at renderMatchMessage (about://React/Server/D:%5C%D0%BF%D1%80%D0%BE%D0%B5%D0%BA%D1%82%D1%8B%5CUnikchoose%5C.next%5Cdev%5Cserver%5Cchunks%5Cssr%5C%5Broot-of-the-server%5D__1622ik9._.js?65:822:12)
    at <anonymous> (about://React/Server/D:%5C%D0%BF%D1%80%D0%BE%D0%B5%D0%BA%D1%82%D1%8B%5CUnikchoose%5C.next%5Cdev%5Cserver%5Cchunks%5Cssr%5C%5Broot-of-the-server%5D__1622ik9._.js?71:1378:227)
    at Array.map (<anonymous>:1:18)
    at ProgrammeCard (about://React/Server/D:%5C%D0%BF%D1%80%D0%BE%D0%B5%D0%BA%D1%82%D1%8B%5CUnikchoose%5C.next%5Cdev%5Cserver%5Cchunks%5Cssr%5C%5Broot-of-the-server%5D__1622ik9._.js?72:1365:64)
    at resolveErrorDev (http://localhost:3000/_next/static/chunks/node_modules_next_dist_compiled_react-server-dom-turbopack_164kp-6._.js:1937:105)
    at getOutlinedModel (http://localhost:3000/_next/static/chunks/node_modules_next_dist_compiled_react-server-dom-turbopack_164kp-6._.js:1487:28)
    at parseModelString (http://localhost:3000/_next/static/chunks/node_modules_next_dist_compiled_react-server-dom-turbopack_164kp-6._.js:1602:50)
    at reviveModel (http://localhost:3000/_next/static/chunks/node_modules_next_dist_compiled_react-server-dom-turbopack_164kp-6._.js:2544:66)
    at parseModel (http://localhost:3000/_next/static/chunks/node_modules_next_dist_compiled_react-server-dom-turbopack_164kp-6._.js:2539:16)
    at initializeModelChunk (http://localhost:3000/_next/static/chunks/node_modules_next_dist_compiled_react-server-dom-turbopack_164kp-6._.js:1100:25)
    at getOutlinedModel (http://localhost:3000/_next/static/chunks/node_modules_next_dist_compiled_react-server-dom-turbopack_164kp-6._.js:1423:17)
    at parseModelString (http://localhost:3000/_next/static/chunks/node_modules_next_dist_compiled_react-server-dom-turbopack_164kp-6._.js:1657:50)
    at reviveModel (http://localhost:3000/_next/static/chunks/node_modules_next_dist_compiled_react-server-dom-turbopack_164kp-6._.js:2544:66)
    at reviveModel (http://localhost:3000/_next/static/chunks/node_modules_next_dist_compiled_react-server-dom-turbopack_164kp-6._.js:2547:61)
    at parseModel (http://localhost:3000/_next/static/chunks/node_modules_next_dist_compiled_react-server-dom-turbopack_164kp-6._.js:2539:16)
    at initializeModelChunk (http://localhost:3000/_next/static/chunks/node_modules_next_dist_compiled_react-server-dom-turbopack_164kp-6._.js:1100:25)
    at resolveConsoleEntry (http://localhost:3000/_next/static/chunks/node_modules_next_dist_compiled_react-server-dom-turbopack_164kp-6._.js:2069:96)
    at processFullStringRow (http://localhost:3000/_next/static/chunks/node_modules_next_dist_compiled_react-server-dom-turbopack_164kp-6._.js:2475:17)
    at processFullBinaryRow (http://localhost:3000/_next/static/chunks/node_modules_next_dist_compiled_react-server-dom-turbopack_164kp-6._.js:2415:9)
    at processBinaryChunk (http://localhost:3000/_next/static/chunks/node_modules_next_dist_compiled_react-server-dom-turbopack_164kp-6._.js:2524:221)
    at progress (http://localhost:3000/_next/static/chunks/node_modules_next_dist_compiled_react-server-dom-turbopack_164kp-6._.js:2698:20) @ http://localhost:3000/_next/static/chunks/node_modules_next_dist_1e8vcs8._.js:1052
[  247412ms] [ERROR] %c%s%c background: #e6e6e6;background: light-dark(rgba(0,0,0,0.1), rgba(255,255,255,0.25));color: #000000;color: light-dark(#000000, #ffffff);border-radius: 2px  Server   Error: MISSING_MESSAGE: Could not resolve `language.matchesPreferredLanguage` in messages for locale `en`.
    at renderMatchMessage (about://React/Server/D:%5C%D0%BF%D1%80%D0%BE%D0%B5%D0%BA%D1%82%D1%8B%5CUnikchoose%5C.next%5Cdev%5Cserver%5Cchunks%5Cssr%5C%5Broot-of-the-server%5D__1622ik9._.js?65:822:12)
    at <anonymous> (about://React/Server/D:%5C%D0%BF%D1%80%D0%BE%D0%B5%D0%BA%D1%82%D1%8B%5CUnikchoose%5C.next%5Cdev%5Cserver%5Cchunks%5Cssr%5C%5Broot-of-the-server%5D__1622ik9._.js?66:1056:211)
    at Array.map (<anonymous>:1:18)
    at ProgrammeCard (about://React/Server/D:%5C%D0%BF%D1%80%D0%BE%D0%B5%D0%BA%D1%82%D1%8B%5CUnikchoose%5C.next%5Cdev%5Cserver%5Cchunks%5Cssr%5C%5Broot-of-the-server%5D__1622ik9._.js?67:1043:50)
    at resolveErrorDev (http://localhost:3000/_next/static/chunks/node_modules_next_dist_compiled_react-server-dom-turbopack_164kp-6._.js:1937:105)
    at getOutlinedModel (http://localhost:3000/_next/static/chunks/node_modules_next_dist_compiled_react-server-dom-turbopack_164kp-6._.js:1487:28)
    at parseModelString (http://localhost:3000/_next/static/chunks/node_modules_next_dist_compiled_react-server-dom-turbopack_164kp-6._.js:1602:50)
    at reviveModel (http://localhost:3000/_next/static/chunks/node_modules_next_dist_compiled_react-server-dom-turbopack_164kp-6._.js:2544:66)
    at parseModel (http://localhost:3000/_next/static/chunks/node_modules_next_dist_compiled_react-server-dom-turbopack_164kp-6._.js:2539:16)
    at initializeModelChunk (http://localhost:3000/_next/static/chunks/node_modules_next_dist_compiled_react-server-dom-turbopack_164kp-6._.js:1100:25)
    at getOutlinedModel (http://localhost:3000/_next/static/chunks/node_modules_next_dist_compiled_react-server-dom-turbopack_164kp-6._.js:1423:17)
    at parseModelString (http://localhost:3000/_next/static/chunks/node_modules_next_dist_compiled_react-server-dom-turbopack_164kp-6._.js:1657:50)
    at reviveModel (http://localhost:3000/_next/static/chunks/node_modules_next_dist_compiled_react-server-dom-turbopack_164kp-6._.js:2544:66)
    at reviveModel (http://localhost:3000/_next/static/chunks/node_modules_next_dist_compiled_react-server-dom-turbopack_164kp-6._.js:2547:61)
    at parseModel (http://localhost:3000/_next/static/chunks/node_modules_next_dist_compiled_react-server-dom-turbopack_164kp-6._.js:2539:16)
    at initializeModelChunk (http://localhost:3000/_next/static/chunks/node_modules_next_dist_compiled_react-server-dom-turbopack_164kp-6._.js:1100:25)
    at resolveConsoleEntry (http://localhost:3000/_next/static/chunks/node_modules_next_dist_compiled_react-server-dom-turbopack_164kp-6._.js:2069:96)
    at processFullStringRow (http://localhost:3000/_next/static/chunks/node_modules_next_dist_compiled_react-server-dom-turbopack_164kp-6._.js:2475:17)
    at processFullBinaryRow (http://localhost:3000/_next/static/chunks/node_modules_next_dist_compiled_react-server-dom-turbopack_164kp-6._.js:2415:9)
    at processBinaryChunk (http://localhost:3000/_next/static/chunks/node_modules_next_dist_compiled_react-server-dom-turbopack_164kp-6._.js:2524:221)
    at progress (http://localhost:3000/_next/static/chunks/node_modules_next_dist_compiled_react-server-dom-turbopack_164kp-6._.js:2698:20) @ http://localhost:3000/_next/static/chunks/node_modules_next_dist_1e8vcs8._.js:1052
[  247412ms] [ERROR] %c%s%c background: #e6e6e6;background: light-dark(rgba(0,0,0,0.1), rgba(255,255,255,0.25));color: #000000;color: light-dark(#000000, #ffffff);border-radius: 2px  Server   Error: MISSING_MESSAGE: Could not resolve `support.internationalOffice` in messages for locale `en`.
    at renderMatchMessage (about://React/Server/D:%5C%D0%BF%D1%80%D0%BE%D0%B5%D0%BA%D1%82%D1%8B%5CUnikchoose%5C.next%5Cdev%5Cserver%5Cchunks%5Cssr%5C%5Broot-of-the-server%5D__1622ik9._.js?65:822:12)
    at <anonymous> (about://React/Server/D:%5C%D0%BF%D1%80%D0%BE%D0%B5%D0%BA%D1%82%D1%8B%5CUnikchoose%5C.next%5Cdev%5Cserver%5Cchunks%5Cssr%5C%5Broot-of-the-server%5D__1622ik9._.js?66:1056:211)
    at Array.map (<anonymous>:1:18)
    at ProgrammeCard (about://React/Server/D:%5C%D0%BF%D1%80%D0%BE%D0%B5%D0%BA%D1%82%D1%8B%5CUnikchoose%5C.next%5Cdev%5Cserver%5Cchunks%5Cssr%5C%5Broot-of-the-server%5D__1622ik9._.js?67:1043:50)
    at resolveErrorDev (http://localhost:3000/_next/static/chunks/node_modules_next_dist_compiled_react-server-dom-turbopack_164kp-6._.js:1937:105)
    at getOutlinedModel (http://localhost:3000/_next/static/chunks/node_modules_next_dist_compiled_react-server-dom-turbopack_164kp-6._.js:1487:28)
    at parseModelString (http://localhost:3000/_next/static/chunks/node_modules_next_dist_compiled_react-server-dom-turbopack_164kp-6._.js:1602:50)
    at reviveModel (http://localhost:3000/_next/static/chunks/node_modules_next_dist_compiled_react-server-dom-turbopack_164kp-6._.js:2544:66)
    at parseModel (http://localhost:3000/_next/static/chunks/node_modules_next_dist_compiled_react-server-dom-turbopack_164kp-6._.js:2539:16)
    at initializeModelChunk (http://localhost:3000/_next/static/chunks/node_modules_next_dist_compiled_react-server-dom-turbopack_164kp-6._.js:1100:25)
    at getOutlinedModel (http://localhost:3000/_next/static/chunks/node_modules_next_dist_compiled_react-server-dom-turbopack_164kp-6._.js:1423:17)
    at parseModelString (http://localhost:3000/_next/static/chunks/node_modules_next_dist_compiled_react-server-dom-turbopack_164kp-6._.js:1657:50)
    at reviveModel (http://localhost:3000/_next/static/chunks/node_modules_next_dist_compiled_react-server-dom-turbopack_164kp-6._.js:2544:66)
    at reviveModel (http://localhost:3000/_next/static/chunks/node_modules_next_dist_compiled_react-server-dom-turbopack_164kp-6._.js:2547:61)
    at parseModel (http://localhost:3000/_next/static/chunks/node_modules_next_dist_compiled_react-server-dom-turbopack_164kp-6._.js:2539:16)
    at initializeModelChunk (http://localhost:3000/_next/static/chunks/node_modules_next_dist_compiled_react-server-dom-turbopack_164kp-6._.js:1100:25)
    at resolveConsoleEntry (http://localhost:3000/_next/static/chunks/node_modules_next_dist_compiled_react-server-dom-turbopack_164kp-6._.js:2069:96)
    at processFullStringRow (http://localhost:3000/_next/static/chunks/node_modules_next_dist_compiled_react-server-dom-turbopack_164kp-6._.js:2475:17)
    at processFullBinaryRow (http://localhost:3000/_next/static/chunks/node_modules_next_dist_compiled_react-server-dom-turbopack_164kp-6._.js:2415:9)
    at processBinaryChunk (http://localhost:3000/_next/static/chunks/node_modules_next_dist_compiled_react-server-dom-turbopack_164kp-6._.js:2524:221)
    at progress (http://localhost:3000/_next/static/chunks/node_modules_next_dist_compiled_react-server-dom-turbopack_164kp-6._.js:2698:20) @ http://localhost:3000/_next/static/chunks/node_modules_next_dist_1e8vcs8._.js:1052
[  247412ms] [ERROR] %c%s%c background: #e6e6e6;background: light-dark(rgba(0,0,0,0.1), rgba(255,255,255,0.25));color: #000000;color: light-dark(#000000, #ffffff);border-radius: 2px  Server   Error: MISSING_MESSAGE: Could not resolve `support.erasmus` in messages for locale `en`.
    at renderMatchMessage (about://React/Server/D:%5C%D0%BF%D1%80%D0%BE%D0%B5%D0%BA%D1%82%D1%8B%5CUnikchoose%5C.next%5Cdev%5Cserver%5Cchunks%5Cssr%5C%5Broot-of-the-server%5D__1622ik9._.js?65:822:12)
    at <anonymous> (about://React/Server/D:%5C%D0%BF%D1%80%D0%BE%D0%B5%D0%BA%D1%82%D1%8B%5CUnikchoose%5C.next%5Cdev%5Cserver%5Cchunks%5Cssr%5C%5Broot-of-the-server%5D__1622ik9._.js?66:1056:211)
    at Array.map (<anonymous>:1:18)
    at ProgrammeCard (about://React/Server/D:%5C%D0%BF%D1%80%D0%BE%D0%B5%D0%BA%D1%82%D1%8B%5CUnikchoose%5C.next%5Cdev%5Cserver%5Cchunks%5Cssr%5C%5Broot-of-the-server%5D__1622ik9._.js?67:1043:50)
    at resolveErrorDev (http://localhost:3000/_next/static/chunks/node_modules_next_dist_compiled_react-server-dom-turbopack_164kp-6._.js:1937:105)
    at getOutlinedModel (http://localhost:3000/_next/static/chunks/node_modules_next_dist_compiled_react-server-dom-turbopack_164kp-6._.js:1487:28)
    at parseModelString (http://localhost:3000/_next/static/chunks/node_modules_next_dist_compiled_react-server-dom-turbopack_164kp-6._.js:1602:50)
    at reviveModel (http://localhost:3000/_next/static/chunks/node_modules_next_dist_compiled_react-server-dom-turbopack_164kp-6._.js:2544:66)
    at parseModel (http://localhost:3000/_next/static/chunks/node_modules_next_dist_compiled_react-server-dom-turbopack_164kp-6._.js:2539:16)
    at initializeModelChunk (http://localhost:3000/_next/static/chunks/node_modules_next_dist_compiled_react-server-dom-turbopack_164kp-6._.js:1100:25)
    at getOutlinedModel (http://localhost:3000/_next/static/chunks/node_modules_next_dist_compiled_react-server-dom-turbopack_164kp-6._.js:1423:17)
    at parseModelString (http://localhost:3000/_next/static/chunks/node_modules_next_dist_compiled_react-server-dom-turbopack_164kp-6._.js:1657:50)
    at reviveModel (http://localhost:3000/_next/static/chunks/node_modules_next_dist_compiled_react-server-dom-turbopack_164kp-6._.js:2544:66)
    at reviveModel (http://localhost:3000/_next/static/chunks/node_modules_next_dist_compiled_react-server-dom-turbopack_164kp-6._.js:2547:61)
    at parseModel (http://localhost:3000/_next/static/chunks/node_modules_next_dist_compiled_react-server-dom-turbopack_164kp-6._.js:2539:16)
    at initializeModelChunk (http://localhost:3000/_next/static/chunks/node_modules_next_dist_compiled_react-server-dom-turbopack_164kp-6._.js:1100:25)
    at resolveConsoleEntry (http://localhost:3000/_next/static/chunks/node_modules_next_dist_compiled_react-server-dom-turbopack_164kp-6._.js:2069:96)
    at processFullStringRow (http://localhost:3000/_next/static/chunks/node_modules_next_dist_compiled_react-server-dom-turbopack_164kp-6._.js:2475:17)
    at processFullBinaryRow (http://localhost:3000/_next/static/chunks/node_modules_next_dist_compiled_react-server-dom-turbopack_164kp-6._.js:2415:9)
    at processBinaryChunk (http://localhost:3000/_next/static/chunks/node_modules_next_dist_compiled_react-server-dom-turbopack_164kp-6._.js:2524:221)
    at progress (http://localhost:3000/_next/static/chunks/node_modules_next_dist_compiled_react-server-dom-turbopack_164kp-6._.js:2698:20) @ http://localhost:3000/_next/static/chunks/node_modules_next_dist_1e8vcs8._.js:1052
[  247412ms] [ERROR] %c%s%c background: #e6e6e6;background: light-dark(rgba(0,0,0,0.1), rgba(255,255,255,0.25));color: #000000;color: light-dark(#000000, #ffffff);border-radius: 2px  Server   Error: MISSING_MESSAGE: Could not resolve `academic.entranceExamGeneric` in messages for locale `en`.
    at renderMatchMessage (about://React/Server/D:%5C%D0%BF%D1%80%D0%BE%D0%B5%D0%BA%D1%82%D1%8B%5CUnikchoose%5C.next%5Cdev%5Cserver%5Cchunks%5Cssr%5C%5Broot-of-the-server%5D__1622ik9._.js?65:822:12)
    at ProgrammeCard (about://React/Server/D:%5C%D0%BF%D1%80%D0%BE%D0%B5%D0%BA%D1%82%D1%8B%5CUnikchoose%5C.next%5Cdev%5Cserver%5Cchunks%5Cssr%5C%5Broot-of-the-server%5D__1622ik9._.js?70:1102:203)
    at resolveErrorDev (http://localhost:3000/_next/static/chunks/node_modules_next_dist_compiled_react-server-dom-turbopack_164kp-6._.js:1937:105)
    at getOutlinedModel (http://localhost:3000/_next/static/chunks/node_modules_next_dist_compiled_react-server-dom-turbopack_164kp-6._.js:1487:28)
    at parseModelString (http://localhost:3000/_next/static/chunks/node_modules_next_dist_compiled_react-server-dom-turbopack_164kp-6._.js:1602:50)
    at reviveModel (http://localhost:3000/_next/static/chunks/node_modules_next_dist_compiled_react-server-dom-turbopack_164kp-6._.js:2544:66)
    at parseModel (http://localhost:3000/_next/static/chunks/node_modules_next_dist_compiled_react-server-dom-turbopack_164kp-6._.js:2539:16)
    at initializeModelChunk (http://localhost:3000/_next/static/chunks/node_modules_next_dist_compiled_react-server-dom-turbopack_164kp-6._.js:1100:25)
    at getOutlinedModel (http://localhost:3000/_next/static/chunks/node_modules_next_dist_compiled_react-server-dom-turbopack_164kp-6._.js:1423:17)
    at parseModelString (http://localhost:3000/_next/static/chunks/node_modules_next_dist_compiled_react-server-dom-turbopack_164kp-6._.js:1657:50)
    at reviveModel (http://localhost:3000/_next/static/chunks/node_modules_next_dist_compiled_react-server-dom-turbopack_164kp-6._.js:2544:66)
    at reviveModel (http://localhost:3000/_next/static/chunks/node_modules_next_dist_compiled_react-server-dom-turbopack_164kp-6._.js:2547:61)
    at parseModel (http://localhost:3000/_next/static/chunks/node_modules_next_dist_compiled_react-server-dom-turbopack_164kp-6._.js:2539:16)
    at initializeModelChunk (http://localhost:3000/_next/static/chunks/node_modules_next_dist_compiled_react-server-dom-turbopack_164kp-6._.js:1100:25)
    at resolveConsoleEntry (http://localhost:3000/_next/static/chunks/node_modules_next_dist_compiled_react-server-dom-turbopack_164kp-6._.js:2069:96)
    at processFullStringRow (http://localhost:3000/_next/static/chunks/node_modules_next_dist_compiled_react-server-dom-turbopack_164kp-6._.js:2475:17)
    at processFullBinaryRow (http://localhost:3000/_next/static/chunks/node_modules_next_dist_compiled_react-server-dom-turbopack_164kp-6._.js:2415:9)
    at processBinaryChunk (http://localhost:3000/_next/static/chunks/node_modules_next_dist_compiled_react-server-dom-turbopack_164kp-6._.js:2524:221)
    at progress (http://localhost:3000/_next/static/chunks/node_modules_next_dist_compiled_react-server-dom-turbopack_164kp-6._.js:2698:20) @ http://localhost:3000/_next/static/chunks/node_modules_next_dist_1e8vcs8._.js:1052
[  247412ms] [ERROR] %c%s%c background: #e6e6e6;background: light-dark(rgba(0,0,0,0.1), rgba(255,255,255,0.25));color: #000000;color: light-dark(#000000, #ffffff);border-radius: 2px  Server   Error: MISSING_MESSAGE: Could not resolve `budget.missingBudget` in messages for locale `en`.
    at renderMatchMessage (about://React/Server/D:%5C%D0%BF%D1%80%D0%BE%D0%B5%D0%BA%D1%82%D1%8B%5CUnikchoose%5C.next%5Cdev%5Cserver%5Cchunks%5Cssr%5C%5Broot-of-the-server%5D__1622ik9._.js?65:822:12)
    at <anonymous> (about://React/Server/D:%5C%D0%BF%D1%80%D0%BE%D0%B5%D0%BA%D1%82%D1%8B%5CUnikchoose%5C.next%5Cdev%5Cserver%5Cchunks%5Cssr%5C%5Broot-of-the-server%5D__1622ik9._.js?71:1378:227)
    at Array.map (<anonymous>:1:18)
    at ProgrammeCard (about://React/Server/D:%5C%D0%BF%D1%80%D0%BE%D0%B5%D0%BA%D1%82%D1%8B%5CUnikchoose%5C.next%5Cdev%5Cserver%5Cchunks%5Cssr%5C%5Broot-of-the-server%5D__1622ik9._.js?72:1365:64)
    at resolveErrorDev (http://localhost:3000/_next/static/chunks/node_modules_next_dist_compiled_react-server-dom-turbopack_164kp-6._.js:1937:105)
    at getOutlinedModel (http://localhost:3000/_next/static/chunks/node_modules_next_dist_compiled_react-server-dom-turbopack_164kp-6._.js:1487:28)
    at parseModelString (http://localhost:3000/_next/static/chunks/node_modules_next_dist_compiled_react-server-dom-turbopack_164kp-6._.js:1602:50)
    at reviveModel (http://localhost:3000/_next/static/chunks/node_modules_next_dist_compiled_react-server-dom-turbopack_164kp-6._.js:2544:66)
    at parseModel (http://localhost:3000/_next/static/chunks/node_modules_next_dist_compiled_react-server-dom-turbopack_164kp-6._.js:2539:16)
    at initializeModelChunk (http://localhost:3000/_next/static/chunks/node_modules_next_dist_compiled_react-server-dom-turbopack_164kp-6._.js:1100:25)
    at getOutlinedModel (http://localhost:3000/_next/static/chunks/node_modules_next_dist_compiled_react-server-dom-turbopack_164kp-6._.js:1423:17)
    at parseModelString (http://localhost:3000/_next/static/chunks/node_modules_next_dist_compiled_react-server-dom-turbopack_164kp-6._.js:1657:50)
    at reviveModel (http://localhost:3000/_next/static/chunks/node_modules_next_dist_compiled_react-server-dom-turbopack_164kp-6._.js:2544:66)
    at reviveModel (http://localhost:3000/_next/static/chunks/node_modules_next_dist_compiled_react-server-dom-turbopack_164kp-6._.js:2547:61)
    at parseModel (http://localhost:3000/_next/static/chunks/node_modules_next_dist_compiled_react-server-dom-turbopack_164kp-6._.js:2539:16)
    at initializeModelChunk (http://localhost:3000/_next/static/chunks/node_modules_next_dist_compiled_react-server-dom-turbopack_164kp-6._.js:1100:25)
    at resolveConsoleEntry (http://localhost:3000/_next/static/chunks/node_modules_next_dist_compiled_react-server-dom-turbopack_164kp-6._.js:2069:96)
    at processFullStringRow (http://localhost:3000/_next/static/chunks/node_modules_next_dist_compiled_react-server-dom-turbopack_164kp-6._.js:2475:17)
    at processFullBinaryRow (http://localhost:3000/_next/static/chunks/node_modules_next_dist_compiled_react-server-dom-turbopack_164kp-6._.js:2415:9)
    at processBinaryChunk (http://localhost:3000/_next/static/chunks/node_modules_next_dist_compiled_react-server-dom-turbopack_164kp-6._.js:2524:221)
    at progress (http://localhost:3000/_next/static/chunks/node_modules_next_dist_compiled_react-server-dom-turbopack_164kp-6._.js:2698:20) @ http://localhost:3000/_next/static/chunks/node_modules_next_dist_1e8vcs8._.js:1052
[  247412ms] [ERROR] %c%s%c background: #e6e6e6;background: light-dark(rgba(0,0,0,0.1), rgba(255,255,255,0.25));color: #000000;color: light-dark(#000000, #ffffff);border-radius: 2px  Server   Error: MISSING_MESSAGE: Could not resolve `location.missingLocationPreference` in messages for locale `en`.
    at renderMatchMessage (about://React/Server/D:%5C%D0%BF%D1%80%D0%BE%D0%B5%D0%BA%D1%82%D1%8B%5CUnikchoose%5C.next%5Cdev%5Cserver%5Cchunks%5Cssr%5C%5Broot-of-the-server%5D__1622ik9._.js?65:822:12)
    at <anonymous> (about://React/Server/D:%5C%D0%BF%D1%80%D0%BE%D0%B5%D0%BA%D1%82%D1%8B%5CUnikchoose%5C.next%5Cdev%5Cserver%5Cchunks%5Cssr%5C%5Broot-of-the-server%5D__1622ik9._.js?71:1378:227)
    at Array.map (<anonymous>:1:18)
    at ProgrammeCard (about://React/Server/D:%5C%D0%BF%D1%80%D0%BE%D0%B5%D0%BA%D1%82%D1%8B%5CUnikchoose%5C.next%5Cdev%5Cserver%5Cchunks%5Cssr%5C%5Broot-of-the-server%5D__1622ik9._.js?72:1365:64)
    at resolveErrorDev (http://localhost:3000/_next/static/chunks/node_modules_next_dist_compiled_react-server-dom-turbopack_164kp-6._.js:1937:105)
    at getOutlinedModel (http://localhost:3000/_next/static/chunks/node_modules_next_dist_compiled_react-server-dom-turbopack_164kp-6._.js:1487:28)
    at parseModelString (http://localhost:3000/_next/static/chunks/node_modules_next_dist_compiled_react-server-dom-turbopack_164kp-6._.js:1602:50)
    at reviveModel (http://localhost:3000/_next/static/chunks/node_modules_next_dist_compiled_react-server-dom-turbopack_164kp-6._.js:2544:66)
    at parseModel (http://localhost:3000/_next/static/chunks/node_modules_next_dist_compiled_react-server-dom-turbopack_164kp-6._.js:2539:16)
    at initializeModelChunk (http://localhost:3000/_next/static/chunks/node_modules_next_dist_compiled_react-server-dom-turbopack_164kp-6._.js:1100:25)
    at getOutlinedModel (http://localhost:3000/_next/static/chunks/node_modules_next_dist_compiled_react-server-dom-turbopack_164kp-6._.js:1423:17)
    at parseModelString (http://localhost:3000/_next/static/chunks/node_modules_next_dist_compiled_react-server-dom-turbopack_164kp-6._.js:1657:50)
    at reviveModel (http://localhost:3000/_next/static/chunks/node_modules_next_dist_compiled_react-server-dom-turbopack_164kp-6._.js:2544:66)
    at reviveModel (http://localhost:3000/_next/static/chunks/node_modules_next_dist_compiled_react-server-dom-turbopack_164kp-6._.js:2547:61)
    at parseModel (http://localhost:3000/_next/static/chunks/node_modules_next_dist_compiled_react-server-dom-turbopack_164kp-6._.js:2539:16)
    at initializeModelChunk (http://localhost:3000/_next/static/chunks/node_modules_next_dist_compiled_react-server-dom-turbopack_164kp-6._.js:1100:25)
    at resolveConsoleEntry (http://localhost:3000/_next/static/chunks/node_modules_next_dist_compiled_react-server-dom-turbopack_164kp-6._.js:2069:96)
    at processFullStringRow (http://localhost:3000/_next/static/chunks/node_modules_next_dist_compiled_react-server-dom-turbopack_164kp-6._.js:2475:17)
    at processFullBinaryRow (http://localhost:3000/_next/static/chunks/node_modules_next_dist_compiled_react-server-dom-turbopack_164kp-6._.js:2415:9)
    at processBinaryChunk (http://localhost:3000/_next/static/chunks/node_modules_next_dist_compiled_react-server-dom-turbopack_164kp-6._.js:2524:221)
    at progress (http://localhost:3000/_next/static/chunks/node_modules_next_dist_compiled_react-server-dom-turbopack_164kp-6._.js:2698:20) @ http://localhost:3000/_next/static/chunks/node_modules_next_dist_1e8vcs8._.js:1052
[  247412ms] [ERROR] %c%s%c background: #e6e6e6;background: light-dark(rgba(0,0,0,0.1), rgba(255,255,255,0.25));color: #000000;color: light-dark(#000000, #ffffff);border-radius: 2px  Server   Error: MISSING_MESSAGE: Could not resolve `admission.entranceExamRequired` in messages for locale `en`.
    at renderMatchMessage (about://React/Server/D:%5C%D0%BF%D1%80%D0%BE%D0%B5%D0%BA%D1%82%D1%8B%5CUnikchoose%5C.next%5Cdev%5Cserver%5Cchunks%5Cssr%5C%5Broot-of-the-server%5D__1622ik9._.js?65:822:12)
    at <anonymous> (about://React/Server/D:%5C%D0%BF%D1%80%D0%BE%D0%B5%D0%BA%D1%82%D1%8B%5CUnikchoose%5C.next%5Cdev%5Cserver%5Cchunks%5Cssr%5C%5Broot-of-the-server%5D__1622ik9._.js?71:1378:227)
    at Array.map (<anonymous>:1:18)
    at ProgrammeCard (about://React/Server/D:%5C%D0%BF%D1%80%D0%BE%D0%B5%D0%BA%D1%82%D1%8B%5CUnikchoose%5C.next%5Cdev%5Cserver%5Cchunks%5Cssr%5C%5Broot-of-the-server%5D__1622ik9._.js?72:1365:64)
    at resolveErrorDev (http://localhost:3000/_next/static/chunks/node_modules_next_dist_compiled_react-server-dom-turbopack_164kp-6._.js:1937:105)
    at getOutlinedModel (http://localhost:3000/_next/static/chunks/node_modules_next_dist_compiled_react-server-dom-turbopack_164kp-6._.js:1487:28)
    at parseModelString (http://localhost:3000/_next/static/chunks/node_modules_next_dist_compiled_react-server-dom-turbopack_164kp-6._.js:1602:50)
    at reviveModel (http://localhost:3000/_next/static/chunks/node_modules_next_dist_compiled_react-server-dom-turbopack_164kp-6._.js:2544:66)
    at parseModel (http://localhost:3000/_next/static/chunks/node_modules_next_dist_compiled_react-server-dom-turbopack_164kp-6._.js:2539:16)
    at initializeModelChunk (http://localhost:3000/_next/static/chunks/node_modules_next_dist_compiled_react-server-dom-turbopack_164kp-6._.js:1100:25)
    at getOutlinedModel (http://localhost:3000/_next/static/chunks/node_modules_next_dist_compiled_react-server-dom-turbopack_164kp-6._.js:1423:17)
    at parseModelString (http://localhost:3000/_next/static/chunks/node_modules_next_dist_compiled_react-server-dom-turbopack_164kp-6._.js:1657:50)
    at reviveModel (http://localhost:3000/_next/static/chunks/node_modules_next_dist_compiled_react-server-dom-turbopack_164kp-6._.js:2544:66)
    at reviveModel (http://localhost:3000/_next/static/chunks/node_modules_next_dist_compiled_react-server-dom-turbopack_164kp-6._.js:2547:61)
    at parseModel (http://localhost:3000/_next/static/chunks/node_modules_next_dist_compiled_react-server-dom-turbopack_164kp-6._.js:2539:16)
    at initializeModelChunk (http://localhost:3000/_next/static/chunks/node_modules_next_dist_compiled_react-server-dom-turbopack_164kp-6._.js:1100:25)
    at resolveConsoleEntry (http://localhost:3000/_next/static/chunks/node_modules_next_dist_compiled_react-server-dom-turbopack_164kp-6._.js:2069:96)
    at processFullStringRow (http://localhost:3000/_next/static/chunks/node_modules_next_dist_compiled_react-server-dom-turbopack_164kp-6._.js:2475:17)
    at processFullBinaryRow (http://localhost:3000/_next/static/chunks/node_modules_next_dist_compiled_react-server-dom-turbopack_164kp-6._.js:2415:9)
    at processBinaryChunk (http://localhost:3000/_next/static/chunks/node_modules_next_dist_compiled_react-server-dom-turbopack_164kp-6._.js:2524:221)
    at progress (http://localhost:3000/_next/static/chunks/node_modules_next_dist_compiled_react-server-dom-turbopack_164kp-6._.js:2698:20) @ http://localhost:3000/_next/static/chunks/node_modules_next_dist_1e8vcs8._.js:1052
[  247413ms] [ERROR] %c%s%c background: #e6e6e6;background: light-dark(rgba(0,0,0,0.1), rgba(255,255,255,0.25));color: #000000;color: light-dark(#000000, #ffffff);border-radius: 2px  Server   Error: MISSING_MESSAGE: Could not resolve `career.missingData` in messages for locale `en`.
    at renderMatchMessage (about://React/Server/D:%5C%D0%BF%D1%80%D0%BE%D0%B5%D0%BA%D1%82%D1%8B%5CUnikchoose%5C.next%5Cdev%5Cserver%5Cchunks%5Cssr%5C%5Broot-of-the-server%5D__1622ik9._.js?65:822:12)
    at <anonymous> (about://React/Server/D:%5C%D0%BF%D1%80%D0%BE%D0%B5%D0%BA%D1%82%D1%8B%5CUnikchoose%5C.next%5Cdev%5Cserver%5Cchunks%5Cssr%5C%5Broot-of-the-server%5D__1622ik9._.js?71:1378:227)
    at Array.map (<anonymous>:1:18)
    at ProgrammeCard (about://React/Server/D:%5C%D0%BF%D1%80%D0%BE%D0%B5%D0%BA%D1%82%D1%8B%5CUnikchoose%5C.next%5Cdev%5Cserver%5Cchunks%5Cssr%5C%5Broot-of-the-server%5D__1622ik9._.js?72:1365:64)
    at resolveErrorDev (http://localhost:3000/_next/static/chunks/node_modules_next_dist_compiled_react-server-dom-turbopack_164kp-6._.js:1937:105)
    at getOutlinedModel (http://localhost:3000/_next/static/chunks/node_modules_next_dist_compiled_react-server-dom-turbopack_164kp-6._.js:1487:28)
    at parseModelString (http://localhost:3000/_next/static/chunks/node_modules_next_dist_compiled_react-server-dom-turbopack_164kp-6._.js:1602:50)
    at reviveModel (http://localhost:3000/_next/static/chunks/node_modules_next_dist_compiled_react-server-dom-turbopack_164kp-6._.js:2544:66)
    at parseModel (http://localhost:3000/_next/static/chunks/node_modules_next_dist_compiled_react-server-dom-turbopack_164kp-6._.js:2539:16)
    at initializeModelChunk (http://localhost:3000/_next/static/chunks/node_modules_next_dist_compiled_react-server-dom-turbopack_164kp-6._.js:1100:25)
    at getOutlinedModel (http://localhost:3000/_next/static/chunks/node_modules_next_dist_compiled_react-server-dom-turbopack_164kp-6._.js:1423:17)
    at parseModelString (http://localhost:3000/_next/static/chunks/node_modules_next_dist_compiled_react-server-dom-turbopack_164kp-6._.js:1657:50)
    at reviveModel (http://localhost:3000/_next/static/chunks/node_modules_next_dist_compiled_react-server-dom-turbopack_164kp-6._.js:2544:66)
    at reviveModel (http://localhost:3000/_next/static/chunks/node_modules_next_dist_compiled_react-server-dom-turbopack_164kp-6._.js:2547:61)
    at parseModel (http://localhost:3000/_next/static/chunks/node_modules_next_dist_compiled_react-server-dom-turbopack_164kp-6._.js:2539:16)
    at initializeModelChunk (http://localhost:3000/_next/static/chunks/node_modules_next_dist_compiled_react-server-dom-turbopack_164kp-6._.js:1100:25)
    at resolveConsoleEntry (http://localhost:3000/_next/static/chunks/node_modules_next_dist_compiled_react-server-dom-turbopack_164kp-6._.js:2069:96)
    at processFullStringRow (http://localhost:3000/_next/static/chunks/node_modules_next_dist_compiled_react-server-dom-turbopack_164kp-6._.js:2475:17)
    at processFullBinaryRow (http://localhost:3000/_next/static/chunks/node_modules_next_dist_compiled_react-server-dom-turbopack_164kp-6._.js:2415:9)
    at processBinaryChunk (http://localhost:3000/_next/static/chunks/node_modules_next_dist_compiled_react-server-dom-turbopack_164kp-6._.js:2524:221)
    at progress (http://localhost:3000/_next/static/chunks/node_modules_next_dist_compiled_react-server-dom-turbopack_164kp-6._.js:2698:20) @ http://localhost:3000/_next/static/chunks/node_modules_next_dist_1e8vcs8._.js:1052
[  247413ms] [ERROR] %c%s%c background: #e6e6e6;background: light-dark(rgba(0,0,0,0.1), rgba(255,255,255,0.25));color: #000000;color: light-dark(#000000, #ffffff);border-radius: 2px  Server   Error: MISSING_MESSAGE: Could not resolve `format.missingData` in messages for locale `en`.
    at renderMatchMessage (about://React/Server/D:%5C%D0%BF%D1%80%D0%BE%D0%B5%D0%BA%D1%82%D1%8B%5CUnikchoose%5C.next%5Cdev%5Cserver%5Cchunks%5Cssr%5C%5Broot-of-the-server%5D__1622ik9._.js?65:822:12)
    at <anonymous> (about://React/Server/D:%5C%D0%BF%D1%80%D0%BE%D0%B5%D0%BA%D1%82%D1%8B%5CUnikchoose%5C.next%5Cdev%5Cserver%5Cchunks%5Cssr%5C%5Broot-of-the-server%5D__1622ik9._.js?71:1378:227)
    at Array.map (<anonymous>:1:18)
    at ProgrammeCard (about://React/Server/D:%5C%D0%BF%D1%80%D0%BE%D0%B5%D0%BA%D1%82%D1%8B%5CUnikchoose%5C.next%5Cdev%5Cserver%5Cchunks%5Cssr%5C%5Broot-of-the-server%5D__1622ik9._.js?72:1365:64)
    at resolveErrorDev (http://localhost:3000/_next/static/chunks/node_modules_next_dist_compiled_react-server-dom-turbopack_164kp-6._.js:1937:105)
    at getOutlinedModel (http://localhost:3000/_next/static/chunks/node_modules_next_dist_compiled_react-server-dom-turbopack_164kp-6._.js:1487:28)
    at parseModelString (http://localhost:3000/_next/static/chunks/node_modules_next_dist_compiled_react-server-dom-turbopack_164kp-6._.js:1602:50)
    at reviveModel (http://localhost:3000/_next/static/chunks/node_modules_next_dist_compiled_react-server-dom-turbopack_164kp-6._.js:2544:66)
    at parseModel (http://localhost:3000/_next/static/chunks/node_modules_next_dist_compiled_react-server-dom-turbopack_164kp-6._.js:2539:16)
    at initializeModelChunk (http://localhost:3000/_next/static/chunks/node_modules_next_dist_compiled_react-server-dom-turbopack_164kp-6._.js:1100:25)
    at getOutlinedModel (http://localhost:3000/_next/static/chunks/node_modules_next_dist_compiled_react-server-dom-turbopack_164kp-6._.js:1423:17)
    at parseModelString (http://localhost:3000/_next/static/chunks/node_modules_next_dist_compiled_react-server-dom-turbopack_164kp-6._.js:1657:50)
    at reviveModel (http://localhost:3000/_next/static/chunks/node_modules_next_dist_compiled_react-server-dom-turbopack_164kp-6._.js:2544:66)
    at reviveModel (http://localhost:3000/_next/static/chunks/node_modules_next_dist_compiled_react-server-dom-turbopack_164kp-6._.js:2547:61)
    at parseModel (http://localhost:3000/_next/static/chunks/node_modules_next_dist_compiled_react-server-dom-turbopack_164kp-6._.js:2539:16)
    at initializeModelChunk (http://localhost:3000/_next/static/chunks/node_modules_next_dist_compiled_react-server-dom-turbopack_164kp-6._.js:1100:25)
    at resolveConsoleEntry (http://localhost:3000/_next/static/chunks/node_modules_next_dist_compiled_react-server-dom-turbopack_164kp-6._.js:2069:96)
    at processFullStringRow (http://localhost:3000/_next/static/chunks/node_modules_next_dist_compiled_react-server-dom-turbopack_164kp-6._.js:2475:17)
    at processFullBinaryRow (http://localhost:3000/_next/static/chunks/node_modules_next_dist_compiled_react-server-dom-turbopack_164kp-6._.js:2415:9)
    at processBinaryChunk (http://localhost:3000/_next/static/chunks/node_modules_next_dist_compiled_react-server-dom-turbopack_164kp-6._.js:2524:221)
    at progress (http://localhost:3000/_next/static/chunks/node_modules_next_dist_compiled_react-server-dom-turbopack_164kp-6._.js:2698:20) @ http://localhost:3000/_next/static/chunks/node_modules_next_dist_1e8vcs8._.js:1052
[  247414ms] [ERROR] %c%s%c background: #e6e6e6;background: light-dark(rgba(0,0,0,0.1), rgba(255,255,255,0.25));color: #000000;color: light-dark(#000000, #ffffff);border-radius: 2px  Server   Error: MISSING_MESSAGE: Could not resolve `lifestyle.missingData` in messages for locale `en`.
    at renderMatchMessage (about://React/Server/D:%5C%D0%BF%D1%80%D0%BE%D0%B5%D0%BA%D1%82%D1%8B%5CUnikchoose%5C.next%5Cdev%5Cserver%5Cchunks%5Cssr%5C%5Broot-of-the-server%5D__1622ik9._.js?65:822:12)
    at <anonymous> (about://React/Server/D:%5C%D0%BF%D1%80%D0%BE%D0%B5%D0%BA%D1%82%D1%8B%5CUnikchoose%5C.next%5Cdev%5Cserver%5Cchunks%5Cssr%5C%5Broot-of-the-server%5D__1622ik9._.js?71:1378:227)
    at Array.map (<anonymous>:1:18)
    at ProgrammeCard (about://React/Server/D:%5C%D0%BF%D1%80%D0%BE%D0%B5%D0%BA%D1%82%D1%8B%5CUnikchoose%5C.next%5Cdev%5Cserver%5Cchunks%5Cssr%5C%5Broot-of-the-server%5D__1622ik9._.js?72:1365:64)
    at resolveErrorDev (http://localhost:3000/_next/static/chunks/node_modules_next_dist_compiled_react-server-dom-turbopack_164kp-6._.js:1937:105)
    at getOutlinedModel (http://localhost:3000/_next/static/chunks/node_modules_next_dist_compiled_react-server-dom-turbopack_164kp-6._.js:1487:28)
    at parseModelString (http://localhost:3000/_next/static/chunks/node_modules_next_dist_compiled_react-server-dom-turbopack_164kp-6._.js:1602:50)
    at reviveModel (http://localhost:3000/_next/static/chunks/node_modules_next_dist_compiled_react-server-dom-turbopack_164kp-6._.js:2544:66)
    at parseModel (http://localhost:3000/_next/static/chunks/node_modules_next_dist_compiled_react-server-dom-turbopack_164kp-6._.js:2539:16)
    at initializeModelChunk (http://localhost:3000/_next/static/chunks/node_modules_next_dist_compiled_react-server-dom-turbopack_164kp-6._.js:1100:25)
    at getOutlinedModel (http://localhost:3000/_next/static/chunks/node_modules_next_dist_compiled_react-server-dom-turbopack_164kp-6._.js:1423:17)
    at parseModelString (http://localhost:3000/_next/static/chunks/node_modules_next_dist_compiled_react-server-dom-turbopack_164kp-6._.js:1657:50)
    at reviveModel (http://localhost:3000/_next/static/chunks/node_modules_next_dist_compiled_react-server-dom-turbopack_164kp-6._.js:2544:66)
    at reviveModel (http://localhost:3000/_next/static/chunks/node_modules_next_dist_compiled_react-server-dom-turbopack_164kp-6._.js:2547:61)
    at parseModel (http://localhost:3000/_next/static/chunks/node_modules_next_dist_compiled_react-server-dom-turbopack_164kp-6._.js:2539:16)
    at initializeModelChunk (http://localhost:3000/_next/static/chunks/node_modules_next_dist_compiled_react-server-dom-turbopack_164kp-6._.js:1100:25)
    at resolveConsoleEntry (http://localhost:3000/_next/static/chunks/node_modules_next_dist_compiled_react-server-dom-turbopack_164kp-6._.js:2069:96)
    at processFullStringRow (http://localhost:3000/_next/static/chunks/node_modules_next_dist_compiled_react-server-dom-turbopack_164kp-6._.js:2475:17)
    at processFullBinaryRow (http://localhost:3000/_next/static/chunks/node_modules_next_dist_compiled_react-server-dom-turbopack_164kp-6._.js:2415:9)
    at processBinaryChunk (http://localhost:3000/_next/static/chunks/node_modules_next_dist_compiled_react-server-dom-turbopack_164kp-6._.js:2524:221)
    at progress (http://localhost:3000/_next/static/chunks/node_modules_next_dist_compiled_react-server-dom-turbopack_164kp-6._.js:2698:20) @ http://localhost:3000/_next/static/chunks/node_modules_next_dist_1e8vcs8._.js:1052
[  247414ms] [ERROR] %c%s%c background: #e6e6e6;background: light-dark(rgba(0,0,0,0.1), rgba(255,255,255,0.25));color: #000000;color: light-dark(#000000, #ffffff);border-radius: 2px  Server   Error: MISSING_MESSAGE: Could not resolve `language.matchesPreferredLanguage` in messages for locale `en`.
    at renderMatchMessage (about://React/Server/D:%5C%D0%BF%D1%80%D0%BE%D0%B5%D0%BA%D1%82%D1%8B%5CUnikchoose%5C.next%5Cdev%5Cserver%5Cchunks%5Cssr%5C%5Broot-of-the-server%5D__1622ik9._.js?65:822:12)
    at <anonymous> (about://React/Server/D:%5C%D0%BF%D1%80%D0%BE%D0%B5%D0%BA%D1%82%D1%8B%5CUnikchoose%5C.next%5Cdev%5Cserver%5Cchunks%5Cssr%5C%5Broot-of-the-server%5D__1622ik9._.js?66:1056:211)
    at Array.map (<anonymous>:1:18)
    at ProgrammeCard (about://React/Server/D:%5C%D0%BF%D1%80%D0%BE%D0%B5%D0%BA%D1%82%D1%8B%5CUnikchoose%5C.next%5Cdev%5Cserver%5Cchunks%5Cssr%5C%5Broot-of-the-server%5D__1622ik9._.js?67:1043:50)
    at resolveErrorDev (http://localhost:3000/_next/static/chunks/node_modules_next_dist_compiled_react-server-dom-turbopack_164kp-6._.js:1937:105)
    at getOutlinedModel (http://localhost:3000/_next/static/chunks/node_modules_next_dist_compiled_react-server-dom-turbopack_164kp-6._.js:1487:28)
    at parseModelString (http://localhost:3000/_next/static/chunks/node_modules_next_dist_compiled_react-server-dom-turbopack_164kp-6._.js:1602:50)
    at reviveModel (http://localhost:3000/_next/static/chunks/node_modules_next_dist_compiled_react-server-dom-turbopack_164kp-6._.js:2544:66)
    at parseModel (http://localhost:3000/_next/static/chunks/node_modules_next_dist_compiled_react-server-dom-turbopack_164kp-6._.js:2539:16)
    at initializeModelChunk (http://localhost:3000/_next/static/chunks/node_modules_next_dist_compiled_react-server-dom-turbopack_164kp-6._.js:1100:25)
    at getOutlinedModel (http://localhost:3000/_next/static/chunks/node_modules_next_dist_compiled_react-server-dom-turbopack_164kp-6._.js:1423:17)
    at parseModelString (http://localhost:3000/_next/static/chunks/node_modules_next_dist_compiled_react-server-dom-turbopack_164kp-6._.js:1657:50)
    at reviveModel (http://localhost:3000/_next/static/chunks/node_modules_next_dist_compiled_react-server-dom-turbopack_164kp-6._.js:2544:66)
    at reviveModel (http://localhost:3000/_next/static/chunks/node_modules_next_dist_compiled_react-server-dom-turbopack_164kp-6._.js:2547:61)
    at parseModel (http://localhost:3000/_next/static/chunks/node_modules_next_dist_compiled_react-server-dom-turbopack_164kp-6._.js:2539:16)
    at initializeModelChunk (http://localhost:3000/_next/static/chunks/node_modules_next_dist_compiled_react-server-dom-turbopack_164kp-6._.js:1100:25)
    at resolveConsoleEntry (http://localhost:3000/_next/static/chunks/node_modules_next_dist_compiled_react-server-dom-turbopack_164kp-6._.js:2069:96)
    at processFullStringRow (http://localhost:3000/_next/static/chunks/node_modules_next_dist_compiled_react-server-dom-turbopack_164kp-6._.js:2475:17)
    at processFullBinaryRow (http://localhost:3000/_next/static/chunks/node_modules_next_dist_compiled_react-server-dom-turbopack_164kp-6._.js:2415:9)
    at processBinaryChunk (http://localhost:3000/_next/static/chunks/node_modules_next_dist_compiled_react-server-dom-turbopack_164kp-6._.js:2524:221)
    at progress (http://localhost:3000/_next/static/chunks/node_modules_next_dist_compiled_react-server-dom-turbopack_164kp-6._.js:2698:20) @ http://localhost:3000/_next/static/chunks/node_modules_next_dist_1e8vcs8._.js:1052
[  247414ms] [ERROR] %c%s%c background: #e6e6e6;background: light-dark(rgba(0,0,0,0.1), rgba(255,255,255,0.25));color: #000000;color: light-dark(#000000, #ffffff);border-radius: 2px  Server   Error: MISSING_MESSAGE: Could not resolve `support.internationalOffice` in messages for locale `en`.
    at renderMatchMessage (about://React/Server/D:%5C%D0%BF%D1%80%D0%BE%D0%B5%D0%BA%D1%82%D1%8B%5CUnikchoose%5C.next%5Cdev%5Cserver%5Cchunks%5Cssr%5C%5Broot-of-the-server%5D__1622ik9._.js?65:822:12)
    at <anonymous> (about://React/Server/D:%5C%D0%BF%D1%80%D0%BE%D0%B5%D0%BA%D1%82%D1%8B%5CUnikchoose%5C.next%5Cdev%5Cserver%5Cchunks%5Cssr%5C%5Broot-of-the-server%5D__1622ik9._.js?66:1056:211)
    at Array.map (<anonymous>:1:18)
    at ProgrammeCard (about://React/Server/D:%5C%D0%BF%D1%80%D0%BE%D0%B5%D0%BA%D1%82%D1%8B%5CUnikchoose%5C.next%5Cdev%5Cserver%5Cchunks%5Cssr%5C%5Broot-of-the-server%5D__1622ik9._.js?67:1043:50)
    at resolveErrorDev (http://localhost:3000/_next/static/chunks/node_modules_next_dist_compiled_react-server-dom-turbopack_164kp-6._.js:1937:105)
    at getOutlinedModel (http://localhost:3000/_next/static/chunks/node_modules_next_dist_compiled_react-server-dom-turbopack_164kp-6._.js:1487:28)
    at parseModelString (http://localhost:3000/_next/static/chunks/node_modules_next_dist_compiled_react-server-dom-turbopack_164kp-6._.js:1602:50)
    at reviveModel (http://localhost:3000/_next/static/chunks/node_modules_next_dist_compiled_react-server-dom-turbopack_164kp-6._.js:2544:66)
    at parseModel (http://localhost:3000/_next/static/chunks/node_modules_next_dist_compiled_react-server-dom-turbopack_164kp-6._.js:2539:16)
    at initializeModelChunk (http://localhost:3000/_next/static/chunks/node_modules_next_dist_compiled_react-server-dom-turbopack_164kp-6._.js:1100:25)
    at getOutlinedModel (http://localhost:3000/_next/static/chunks/node_modules_next_dist_compiled_react-server-dom-turbopack_164kp-6._.js:1423:17)
    at parseModelString (http://localhost:3000/_next/static/chunks/node_modules_next_dist_compiled_react-server-dom-turbopack_164kp-6._.js:1657:50)
    at reviveModel (http://localhost:3000/_next/static/chunks/node_modules_next_dist_compiled_react-server-dom-turbopack_164kp-6._.js:2544:66)
    at reviveModel (http://localhost:3000/_next/static/chunks/node_modules_next_dist_compiled_react-server-dom-turbopack_164kp-6._.js:2547:61)
    at parseModel (http://localhost:3000/_next/static/chunks/node_modules_next_dist_compiled_react-server-dom-turbopack_164kp-6._.js:2539:16)
    at initializeModelChunk (http://localhost:3000/_next/static/chunks/node_modules_next_dist_compiled_react-server-dom-turbopack_164kp-6._.js:1100:25)
    at resolveConsoleEntry (http://localhost:3000/_next/static/chunks/node_modules_next_dist_compiled_react-server-dom-turbopack_164kp-6._.js:2069:96)
    at processFullStringRow (http://localhost:3000/_next/static/chunks/node_modules_next_dist_compiled_react-server-dom-turbopack_164kp-6._.js:2475:17)
    at processFullBinaryRow (http://localhost:3000/_next/static/chunks/node_modules_next_dist_compiled_react-server-dom-turbopack_164kp-6._.js:2415:9)
    at processBinaryChunk (http://localhost:3000/_next/static/chunks/node_modules_next_dist_compiled_react-server-dom-turbopack_164kp-6._.js:2524:221)
    at progress (http://localhost:3000/_next/static/chunks/node_modules_next_dist_compiled_react-server-dom-turbopack_164kp-6._.js:2698:20) @ http://localhost:3000/_next/static/chunks/node_modules_next_dist_1e8vcs8._.js:1052
[  247414ms] [ERROR] %c%s%c background: #e6e6e6;background: light-dark(rgba(0,0,0,0.1), rgba(255,255,255,0.25));color: #000000;color: light-dark(#000000, #ffffff);border-radius: 2px  Server   Error: MISSING_MESSAGE: Could not resolve `support.erasmus` in messages for locale `en`.
    at renderMatchMessage (about://React/Server/D:%5C%D0%BF%D1%80%D0%BE%D0%B5%D0%BA%D1%82%D1%8B%5CUnikchoose%5C.next%5Cdev%5Cserver%5Cchunks%5Cssr%5C%5Broot-of-the-server%5D__1622ik9._.js?65:822:12)
    at <anonymous> (about://React/Server/D:%5C%D0%BF%D1%80%D0%BE%D0%B5%D0%BA%D1%82%D1%8B%5CUnikchoose%5C.next%5Cdev%5Cserver%5Cchunks%5Cssr%5C%5Broot-of-the-server%5D__1622ik9._.js?66:1056:211)
    at Array.map (<anonymous>:1:18)
    at ProgrammeCard (about://React/Server/D:%5C%D0%BF%D1%80%D0%BE%D0%B5%D0%BA%D1%82%D1%8B%5CUnikchoose%5C.next%5Cdev%5Cserver%5Cchunks%5Cssr%5C%5Broot-of-the-server%5D__1622ik9._.js?67:1043:50)
    at resolveErrorDev (http://localhost:3000/_next/static/chunks/node_modules_next_dist_compiled_react-server-dom-turbopack_164kp-6._.js:1937:105)
    at getOutlinedModel (http://localhost:3000/_next/static/chunks/node_modules_next_dist_compiled_react-server-dom-turbopack_164kp-6._.js:1487:28)
    at parseModelString (http://localhost:3000/_next/static/chunks/node_modules_next_dist_compiled_react-server-dom-turbopack_164kp-6._.js:1602:50)
    at reviveModel (http://localhost:3000/_next/static/chunks/node_modules_next_dist_compiled_react-server-dom-turbopack_164kp-6._.js:2544:66)
    at parseModel (http://localhost:3000/_next/static/chunks/node_modules_next_dist_compiled_react-server-dom-turbopack_164kp-6._.js:2539:16)
    at initializeModelChunk (http://localhost:3000/_next/static/chunks/node_modules_next_dist_compiled_react-server-dom-turbopack_164kp-6._.js:1100:25)
    at getOutlinedModel (http://localhost:3000/_next/static/chunks/node_modules_next_dist_compiled_react-server-dom-turbopack_164kp-6._.js:1423:17)
    at parseModelString (http://localhost:3000/_next/static/chunks/node_modules_next_dist_compiled_react-server-dom-turbopack_164kp-6._.js:1657:50)
    at reviveModel (http://localhost:3000/_next/static/chunks/node_modules_next_dist_compiled_react-server-dom-turbopack_164kp-6._.js:2544:66)
    at reviveModel (http://localhost:3000/_next/static/chunks/node_modules_next_dist_compiled_react-server-dom-turbopack_164kp-6._.js:2547:61)
    at parseModel (http://localhost:3000/_next/static/chunks/node_modules_next_dist_compiled_react-server-dom-turbopack_164kp-6._.js:2539:16)
    at initializeModelChunk (http://localhost:3000/_next/static/chunks/node_modules_next_dist_compiled_react-server-dom-turbopack_164kp-6._.js:1100:25)
    at resolveConsoleEntry (http://localhost:3000/_next/static/chunks/node_modules_next_dist_compiled_react-server-dom-turbopack_164kp-6._.js:2069:96)
    at processFullStringRow (http://localhost:3000/_next/static/chunks/node_modules_next_dist_compiled_react-server-dom-turbopack_164kp-6._.js:2475:17)
    at processFullBinaryRow (http://localhost:3000/_next/static/chunks/node_modules_next_dist_compiled_react-server-dom-turbopack_164kp-6._.js:2415:9)
    at processBinaryChunk (http://localhost:3000/_next/static/chunks/node_modules_next_dist_compiled_react-server-dom-turbopack_164kp-6._.js:2524:221)
    at progress (http://localhost:3000/_next/static/chunks/node_modules_next_dist_compiled_react-server-dom-turbopack_164kp-6._.js:2698:20) @ http://localhost:3000/_next/static/chunks/node_modules_next_dist_1e8vcs8._.js:1052
[  247414ms] [ERROR] %c%s%c background: #e6e6e6;background: light-dark(rgba(0,0,0,0.1), rgba(255,255,255,0.25));color: #000000;color: light-dark(#000000, #ffffff);border-radius: 2px  Server   Error: MISSING_MESSAGE: Could not resolve `academic.entranceExamGeneric` in messages for locale `en`.
    at renderMatchMessage (about://React/Server/D:%5C%D0%BF%D1%80%D0%BE%D0%B5%D0%BA%D1%82%D1%8B%5CUnikchoose%5C.next%5Cdev%5Cserver%5Cchunks%5Cssr%5C%5Broot-of-the-server%5D__1622ik9._.js?65:822:12)
    at ProgrammeCard (about://React/Server/D:%5C%D0%BF%D1%80%D0%BE%D0%B5%D0%BA%D1%82%D1%8B%5CUnikchoose%5C.next%5Cdev%5Cserver%5Cchunks%5Cssr%5C%5Broot-of-the-server%5D__1622ik9._.js?70:1102:203)
    at resolveErrorDev (http://localhost:3000/_next/static/chunks/node_modules_next_dist_compiled_react-server-dom-turbopack_164kp-6._.js:1937:105)
    at getOutlinedModel (http://localhost:3000/_next/static/chunks/node_modules_next_dist_compiled_react-server-dom-turbopack_164kp-6._.js:1487:28)
    at parseModelString (http://localhost:3000/_next/static/chunks/node_modules_next_dist_compiled_react-server-dom-turbopack_164kp-6._.js:1602:50)
    at reviveModel (http://localhost:3000/_next/static/chunks/node_modules_next_dist_compiled_react-server-dom-turbopack_164kp-6._.js:2544:66)
    at parseModel (http://localhost:3000/_next/static/chunks/node_modules_next_dist_compiled_react-server-dom-turbopack_164kp-6._.js:2539:16)
    at initializeModelChunk (http://localhost:3000/_next/static/chunks/node_modules_next_dist_compiled_react-server-dom-turbopack_164kp-6._.js:1100:25)
    at getOutlinedModel (http://localhost:3000/_next/static/chunks/node_modules_next_dist_compiled_react-server-dom-turbopack_164kp-6._.js:1423:17)
    at parseModelString (http://localhost:3000/_next/static/chunks/node_modules_next_dist_compiled_react-server-dom-turbopack_164kp-6._.js:1657:50)
    at reviveModel (http://localhost:3000/_next/static/chunks/node_modules_next_dist_compiled_react-server-dom-turbopack_164kp-6._.js:2544:66)
    at reviveModel (http://localhost:3000/_next/static/chunks/node_modules_next_dist_compiled_react-server-dom-turbopack_164kp-6._.js:2547:61)
    at parseModel (http://localhost:3000/_next/static/chunks/node_modules_next_dist_compiled_react-server-dom-turbopack_164kp-6._.js:2539:16)
    at initializeModelChunk (http://localhost:3000/_next/static/chunks/node_modules_next_dist_compiled_react-server-dom-turbopack_164kp-6._.js:1100:25)
    at resolveConsoleEntry (http://localhost:3000/_next/static/chunks/node_modules_next_dist_compiled_react-server-dom-turbopack_164kp-6._.js:2069:96)
    at processFullStringRow (http://localhost:3000/_next/static/chunks/node_modules_next_dist_compiled_react-server-dom-turbopack_164kp-6._.js:2475:17)
    at processFullBinaryRow (http://localhost:3000/_next/static/chunks/node_modules_next_dist_compiled_react-server-dom-turbopack_164kp-6._.js:2415:9)
    at processBinaryChunk (http://localhost:3000/_next/static/chunks/node_modules_next_dist_compiled_react-server-dom-turbopack_164kp-6._.js:2524:221)
    at progress (http://localhost:3000/_next/static/chunks/node_modules_next_dist_compiled_react-server-dom-turbopack_164kp-6._.js:2698:20) @ http://localhost:3000/_next/static/chunks/node_modules_next_dist_1e8vcs8._.js:1052
[  247414ms] [ERROR] %c%s%c background: #e6e6e6;background: light-dark(rgba(0,0,0,0.1), rgba(255,255,255,0.25));color: #000000;color: light-dark(#000000, #ffffff);border-radius: 2px  Server   Error: MISSING_MESSAGE: Could not resolve `budget.missingBudget` in messages for locale `en`.
    at renderMatchMessage (about://React/Server/D:%5C%D0%BF%D1%80%D0%BE%D0%B5%D0%BA%D1%82%D1%8B%5CUnikchoose%5C.next%5Cdev%5Cserver%5Cchunks%5Cssr%5C%5Broot-of-the-server%5D__1622ik9._.js?65:822:12)
    at <anonymous> (about://React/Server/D:%5C%D0%BF%D1%80%D0%BE%D0%B5%D0%BA%D1%82%D1%8B%5CUnikchoose%5C.next%5Cdev%5Cserver%5Cchunks%5Cssr%5C%5Broot-of-the-server%5D__1622ik9._.js?71:1378:227)
    at Array.map (<anonymous>:1:18)
    at ProgrammeCard (about://React/Server/D:%5C%D0%BF%D1%80%D0%BE%D0%B5%D0%BA%D1%82%D1%8B%5CUnikchoose%5C.next%5Cdev%5Cserver%5Cchunks%5Cssr%5C%5Broot-of-the-server%5D__1622ik9._.js?72:1365:64)
    at resolveErrorDev (http://localhost:3000/_next/static/chunks/node_modules_next_dist_compiled_react-server-dom-turbopack_164kp-6._.js:1937:105)
    at getOutlinedModel (http://localhost:3000/_next/static/chunks/node_modules_next_dist_compiled_react-server-dom-turbopack_164kp-6._.js:1487:28)
    at parseModelString (http://localhost:3000/_next/static/chunks/node_modules_next_dist_compiled_react-server-dom-turbopack_164kp-6._.js:1602:50)
    at reviveModel (http://localhost:3000/_next/static/chunks/node_modules_next_dist_compiled_react-server-dom-turbopack_164kp-6._.js:2544:66)
    at parseModel (http://localhost:3000/_next/static/chunks/node_modules_next_dist_compiled_react-server-dom-turbopack_164kp-6._.js:2539:16)
    at initializeModelChunk (http://localhost:3000/_next/static/chunks/node_modules_next_dist_compiled_react-server-dom-turbopack_164kp-6._.js:1100:25)
    at getOutlinedModel (http://localhost:3000/_next/static/chunks/node_modules_next_dist_compiled_react-server-dom-turbopack_164kp-6._.js:1423:17)
    at parseModelString (http://localhost:3000/_next/static/chunks/node_modules_next_dist_compiled_react-server-dom-turbopack_164kp-6._.js:1657:50)
    at reviveModel (http://localhost:3000/_next/static/chunks/node_modules_next_dist_compiled_react-server-dom-turbopack_164kp-6._.js:2544:66)
    at reviveModel (http://localhost:3000/_next/static/chunks/node_modules_next_dist_compiled_react-server-dom-turbopack_164kp-6._.js:2547:61)
    at parseModel (http://localhost:3000/_next/static/chunks/node_modules_next_dist_compiled_react-server-dom-turbopack_164kp-6._.js:2539:16)
    at initializeModelChunk (http://localhost:3000/_next/static/chunks/node_modules_next_dist_compiled_react-server-dom-turbopack_164kp-6._.js:1100:25)
    at resolveConsoleEntry (http://localhost:3000/_next/static/chunks/node_modules_next_dist_compiled_react-server-dom-turbopack_164kp-6._.js:2069:96)
    at processFullStringRow (http://localhost:3000/_next/static/chunks/node_modules_next_dist_compiled_react-server-dom-turbopack_164kp-6._.js:2475:17)
    at processFullBinaryRow (http://localhost:3000/_next/static/chunks/node_modules_next_dist_compiled_react-server-dom-turbopack_164kp-6._.js:2415:9)
    at processBinaryChunk (http://localhost:3000/_next/static/chunks/node_modules_next_dist_compiled_react-server-dom-turbopack_164kp-6._.js:2524:221)
    at progress (http://localhost:3000/_next/static/chunks/node_modules_next_dist_compiled_react-server-dom-turbopack_164kp-6._.js:2698:20) @ http://localhost:3000/_next/static/chunks/node_modules_next_dist_1e8vcs8._.js:1052
[  247414ms] [ERROR] %c%s%c background: #e6e6e6;background: light-dark(rgba(0,0,0,0.1), rgba(255,255,255,0.25));color: #000000;color: light-dark(#000000, #ffffff);border-radius: 2px  Server   Error: MISSING_MESSAGE: Could not resolve `location.missingLocationPreference` in messages for locale `en`.
    at renderMatchMessage (about://React/Server/D:%5C%D0%BF%D1%80%D0%BE%D0%B5%D0%BA%D1%82%D1%8B%5CUnikchoose%5C.next%5Cdev%5Cserver%5Cchunks%5Cssr%5C%5Broot-of-the-server%5D__1622ik9._.js?65:822:12)
    at <anonymous> (about://React/Server/D:%5C%D0%BF%D1%80%D0%BE%D0%B5%D0%BA%D1%82%D1%8B%5CUnikchoose%5C.next%5Cdev%5Cserver%5Cchunks%5Cssr%5C%5Broot-of-the-server%5D__1622ik9._.js?71:1378:227)
    at Array.map (<anonymous>:1:18)
    at ProgrammeCard (about://React/Server/D:%5C%D0%BF%D1%80%D0%BE%D0%B5%D0%BA%D1%82%D1%8B%5CUnikchoose%5C.next%5Cdev%5Cserver%5Cchunks%5Cssr%5C%5Broot-of-the-server%5D__1622ik9._.js?72:1365:64)
    at resolveErrorDev (http://localhost:3000/_next/static/chunks/node_modules_next_dist_compiled_react-server-dom-turbopack_164kp-6._.js:1937:105)
    at getOutlinedModel (http://localhost:3000/_next/static/chunks/node_modules_next_dist_compiled_react-server-dom-turbopack_164kp-6._.js:1487:28)
    at parseModelString (http://localhost:3000/_next/static/chunks/node_modules_next_dist_compiled_react-server-dom-turbopack_164kp-6._.js:1602:50)
    at reviveModel (http://localhost:3000/_next/static/chunks/node_modules_next_dist_compiled_react-server-dom-turbopack_164kp-6._.js:2544:66)
    at parseModel (http://localhost:3000/_next/static/chunks/node_modules_next_dist_compiled_react-server-dom-turbopack_164kp-6._.js:2539:16)
    at initializeModelChunk (http://localhost:3000/_next/static/chunks/node_modules_next_dist_compiled_react-server-dom-turbopack_164kp-6._.js:1100:25)
    at getOutlinedModel (http://localhost:3000/_next/static/chunks/node_modules_next_dist_compiled_react-server-dom-turbopack_164kp-6._.js:1423:17)
    at parseModelString (http://localhost:3000/_next/static/chunks/node_modules_next_dist_compiled_react-server-dom-turbopack_164kp-6._.js:1657:50)
    at reviveModel (http://localhost:3000/_next/static/chunks/node_modules_next_dist_compiled_react-server-dom-turbopack_164kp-6._.js:2544:66)
    at reviveModel (http://localhost:3000/_next/static/chunks/node_modules_next_dist_compiled_react-server-dom-turbopack_164kp-6._.js:2547:61)
    at parseModel (http://localhost:3000/_next/static/chunks/node_modules_next_dist_compiled_react-server-dom-turbopack_164kp-6._.js:2539:16)
    at initializeModelChunk (http://localhost:3000/_next/static/chunks/node_modules_next_dist_compiled_react-server-dom-turbopack_164kp-6._.js:1100:25)
    at resolveConsoleEntry (http://localhost:3000/_next/static/chunks/node_modules_next_dist_compiled_react-server-dom-turbopack_164kp-6._.js:2069:96)
    at processFullStringRow (http://localhost:3000/_next/static/chunks/node_modules_next_dist_compiled_react-server-dom-turbopack_164kp-6._.js:2475:17)
    at processFullBinaryRow (http://localhost:3000/_next/static/chunks/node_modules_next_dist_compiled_react-server-dom-turbopack_164kp-6._.js:2415:9)
    at processBinaryChunk (http://localhost:3000/_next/static/chunks/node_modules_next_dist_compiled_react-server-dom-turbopack_164kp-6._.js:2524:221)
    at progress (http://localhost:3000/_next/static/chunks/node_modules_next_dist_compiled_react-server-dom-turbopack_164kp-6._.js:2698:20) @ http://localhost:3000/_next/static/chunks/node_modules_next_dist_1e8vcs8._.js:1052
[  247414ms] [ERROR] %c%s%c background: #e6e6e6;background: light-dark(rgba(0,0,0,0.1), rgba(255,255,255,0.25));color: #000000;color: light-dark(#000000, #ffffff);border-radius: 2px  Server   Error: MISSING_MESSAGE: Could not resolve `admission.entranceExamRequired` in messages for locale `en`.
    at renderMatchMessage (about://React/Server/D:%5C%D0%BF%D1%80%D0%BE%D0%B5%D0%BA%D1%82%D1%8B%5CUnikchoose%5C.next%5Cdev%5Cserver%5Cchunks%5Cssr%5C%5Broot-of-the-server%5D__1622ik9._.js?65:822:12)
    at <anonymous> (about://React/Server/D:%5C%D0%BF%D1%80%D0%BE%D0%B5%D0%BA%D1%82%D1%8B%5CUnikchoose%5C.next%5Cdev%5Cserver%5Cchunks%5Cssr%5C%5Broot-of-the-server%5D__1622ik9._.js?71:1378:227)
    at Array.map (<anonymous>:1:18)
    at ProgrammeCard (about://React/Server/D:%5C%D0%BF%D1%80%D0%BE%D0%B5%D0%BA%D1%82%D1%8B%5CUnikchoose%5C.next%5Cdev%5Cserver%5Cchunks%5Cssr%5C%5Broot-of-the-server%5D__1622ik9._.js?72:1365:64)
    at resolveErrorDev (http://localhost:3000/_next/static/chunks/node_modules_next_dist_compiled_react-server-dom-turbopack_164kp-6._.js:1937:105)
    at getOutlinedModel (http://localhost:3000/_next/static/chunks/node_modules_next_dist_compiled_react-server-dom-turbopack_164kp-6._.js:1487:28)
    at parseModelString (http://localhost:3000/_next/static/chunks/node_modules_next_dist_compiled_react-server-dom-turbopack_164kp-6._.js:1602:50)
    at reviveModel (http://localhost:3000/_next/static/chunks/node_modules_next_dist_compiled_react-server-dom-turbopack_164kp-6._.js:2544:66)
    at parseModel (http://localhost:3000/_next/static/chunks/node_modules_next_dist_compiled_react-server-dom-turbopack_164kp-6._.js:2539:16)
    at initializeModelChunk (http://localhost:3000/_next/static/chunks/node_modules_next_dist_compiled_react-server-dom-turbopack_164kp-6._.js:1100:25)
    at getOutlinedModel (http://localhost:3000/_next/static/chunks/node_modules_next_dist_compiled_react-server-dom-turbopack_164kp-6._.js:1423:17)
    at parseModelString (http://localhost:3000/_next/static/chunks/node_modules_next_dist_compiled_react-server-dom-turbopack_164kp-6._.js:1657:50)
    at reviveModel (http://localhost:3000/_next/static/chunks/node_modules_next_dist_compiled_react-server-dom-turbopack_164kp-6._.js:2544:66)
    at reviveModel (http://localhost:3000/_next/static/chunks/node_modules_next_dist_compiled_react-server-dom-turbopack_164kp-6._.js:2547:61)
    at parseModel (http://localhost:3000/_next/static/chunks/node_modules_next_dist_compiled_react-server-dom-turbopack_164kp-6._.js:2539:16)
    at initializeModelChunk (http://localhost:3000/_next/static/chunks/node_modules_next_dist_compiled_react-server-dom-turbopack_164kp-6._.js:1100:25)
    at resolveConsoleEntry (http://localhost:3000/_next/static/chunks/node_modules_next_dist_compiled_react-server-dom-turbopack_164kp-6._.js:2069:96)
    at processFullStringRow (http://localhost:3000/_next/static/chunks/node_modules_next_dist_compiled_react-server-dom-turbopack_164kp-6._.js:2475:17)
    at processFullBinaryRow (http://localhost:3000/_next/static/chunks/node_modules_next_dist_compiled_react-server-dom-turbopack_164kp-6._.js:2415:9)
    at processBinaryChunk (http://localhost:3000/_next/static/chunks/node_modules_next_dist_compiled_react-server-dom-turbopack_164kp-6._.js:2524:221)
    at progress (http://localhost:3000/_next/static/chunks/node_modules_next_dist_compiled_react-server-dom-turbopack_164kp-6._.js:2698:20) @ http://localhost:3000/_next/static/chunks/node_modules_next_dist_1e8vcs8._.js:1052
[  247415ms] [ERROR] %c%s%c background: #e6e6e6;background: light-dark(rgba(0,0,0,0.1), rgba(255,255,255,0.25));color: #000000;color: light-dark(#000000, #ffffff);border-radius: 2px  Server   Error: MISSING_MESSAGE: Could not resolve `career.missingData` in messages for locale `en`.
    at renderMatchMessage (about://React/Server/D:%5C%D0%BF%D1%80%D0%BE%D0%B5%D0%BA%D1%82%D1%8B%5CUnikchoose%5C.next%5Cdev%5Cserver%5Cchunks%5Cssr%5C%5Broot-of-the-server%5D__1622ik9._.js?65:822:12)
    at <anonymous> (about://React/Server/D:%5C%D0%BF%D1%80%D0%BE%D0%B5%D0%BA%D1%82%D1%8B%5CUnikchoose%5C.next%5Cdev%5Cserver%5Cchunks%5Cssr%5C%5Broot-of-the-server%5D__1622ik9._.js?71:1378:227)
    at Array.map (<anonymous>:1:18)
    at ProgrammeCard (about://React/Server/D:%5C%D0%BF%D1%80%D0%BE%D0%B5%D0%BA%D1%82%D1%8B%5CUnikchoose%5C.next%5Cdev%5Cserver%5Cchunks%5Cssr%5C%5Broot-of-the-server%5D__1622ik9._.js?72:1365:64)
    at resolveErrorDev (http://localhost:3000/_next/static/chunks/node_modules_next_dist_compiled_react-server-dom-turbopack_164kp-6._.js:1937:105)
    at getOutlinedModel (http://localhost:3000/_next/static/chunks/node_modules_next_dist_compiled_react-server-dom-turbopack_164kp-6._.js:1487:28)
    at parseModelString (http://localhost:3000/_next/static/chunks/node_modules_next_dist_compiled_react-server-dom-turbopack_164kp-6._.js:1602:50)
    at reviveModel (http://localhost:3000/_next/static/chunks/node_modules_next_dist_compiled_react-server-dom-turbopack_164kp-6._.js:2544:66)
    at parseModel (http://localhost:3000/_next/static/chunks/node_modules_next_dist_compiled_react-server-dom-turbopack_164kp-6._.js:2539:16)
    at initializeModelChunk (http://localhost:3000/_next/static/chunks/node_modules_next_dist_compiled_react-server-dom-turbopack_164kp-6._.js:1100:25)
    at getOutlinedModel (http://localhost:3000/_next/static/chunks/node_modules_next_dist_compiled_react-server-dom-turbopack_164kp-6._.js:1423:17)
    at parseModelString (http://localhost:3000/_next/static/chunks/node_modules_next_dist_compiled_react-server-dom-turbopack_164kp-6._.js:1657:50)
    at reviveModel (http://localhost:3000/_next/static/chunks/node_modules_next_dist_compiled_react-server-dom-turbopack_164kp-6._.js:2544:66)
    at reviveModel (http://localhost:3000/_next/static/chunks/node_modules_next_dist_compiled_react-server-dom-turbopack_164kp-6._.js:2547:61)
    at parseModel (http://localhost:3000/_next/static/chunks/node_modules_next_dist_compiled_react-server-dom-turbopack_164kp-6._.js:2539:16)
    at initializeModelChunk (http://localhost:3000/_next/static/chunks/node_modules_next_dist_compiled_react-server-dom-turbopack_164kp-6._.js:1100:25)
    at resolveConsoleEntry (http://localhost:3000/_next/static/chunks/node_modules_next_dist_compiled_react-server-dom-turbopack_164kp-6._.js:2069:96)
    at processFullStringRow (http://localhost:3000/_next/static/chunks/node_modules_next_dist_compiled_react-server-dom-turbopack_164kp-6._.js:2475:17)
    at processFullBinaryRow (http://localhost:3000/_next/static/chunks/node_modules_next_dist_compiled_react-server-dom-turbopack_164kp-6._.js:2415:9)
    at processBinaryChunk (http://localhost:3000/_next/static/chunks/node_modules_next_dist_compiled_react-server-dom-turbopack_164kp-6._.js:2524:221)
    at progress (http://localhost:3000/_next/static/chunks/node_modules_next_dist_compiled_react-server-dom-turbopack_164kp-6._.js:2698:20) @ http://localhost:3000/_next/static/chunks/node_modules_next_dist_1e8vcs8._.js:1052
[  247415ms] [ERROR] %c%s%c background: #e6e6e6;background: light-dark(rgba(0,0,0,0.1), rgba(255,255,255,0.25));color: #000000;color: light-dark(#000000, #ffffff);border-radius: 2px  Server   Error: MISSING_MESSAGE: Could not resolve `format.missingData` in messages for locale `en`.
    at renderMatchMessage (about://React/Server/D:%5C%D0%BF%D1%80%D0%BE%D0%B5%D0%BA%D1%82%D1%8B%5CUnikchoose%5C.next%5Cdev%5Cserver%5Cchunks%5Cssr%5C%5Broot-of-the-server%5D__1622ik9._.js?65:822:12)
    at <anonymous> (about://React/Server/D:%5C%D0%BF%D1%80%D0%BE%D0%B5%D0%BA%D1%82%D1%8B%5CUnikchoose%5C.next%5Cdev%5Cserver%5Cchunks%5Cssr%5C%5Broot-of-the-server%5D__1622ik9._.js?71:1378:227)
    at Array.map (<anonymous>:1:18)
    at ProgrammeCard (about://React/Server/D:%5C%D0%BF%D1%80%D0%BE%D0%B5%D0%BA%D1%82%D1%8B%5CUnikchoose%5C.next%5Cdev%5Cserver%5Cchunks%5Cssr%5C%5Broot-of-the-server%5D__1622ik9._.js?72:1365:64)
    at resolveErrorDev (http://localhost:3000/_next/static/chunks/node_modules_next_dist_compiled_react-server-dom-turbopack_164kp-6._.js:1937:105)
    at getOutlinedModel (http://localhost:3000/_next/static/chunks/node_modules_next_dist_compiled_react-server-dom-turbopack_164kp-6._.js:1487:28)
    at parseModelString (http://localhost:3000/_next/static/chunks/node_modules_next_dist_compiled_react-server-dom-turbopack_164kp-6._.js:1602:50)
    at reviveModel (http://localhost:3000/_next/static/chunks/node_modules_next_dist_compiled_react-server-dom-turbopack_164kp-6._.js:2544:66)
    at parseModel (http://localhost:3000/_next/static/chunks/node_modules_next_dist_compiled_react-server-dom-turbopack_164kp-6._.js:2539:16)
    at initializeModelChunk (http://localhost:3000/_next/static/chunks/node_modules_next_dist_compiled_react-server-dom-turbopack_164kp-6._.js:1100:25)
    at getOutlinedModel (http://localhost:3000/_next/static/chunks/node_modules_next_dist_compiled_react-server-dom-turbopack_164kp-6._.js:1423:17)
    at parseModelString (http://localhost:3000/_next/static/chunks/node_modules_next_dist_compiled_react-server-dom-turbopack_164kp-6._.js:1657:50)
    at reviveModel (http://localhost:3000/_next/static/chunks/node_modules_next_dist_compiled_react-server-dom-turbopack_164kp-6._.js:2544:66)
    at reviveModel (http://localhost:3000/_next/static/chunks/node_modules_next_dist_compiled_react-server-dom-turbopack_164kp-6._.js:2547:61)
    at parseModel (http://localhost:3000/_next/static/chunks/node_modules_next_dist_compiled_react-server-dom-turbopack_164kp-6._.js:2539:16)
    at initializeModelChunk (http://localhost:3000/_next/static/chunks/node_modules_next_dist_compiled_react-server-dom-turbopack_164kp-6._.js:1100:25)
    at resolveConsoleEntry (http://localhost:3000/_next/static/chunks/node_modules_next_dist_compiled_react-server-dom-turbopack_164kp-6._.js:2069:96)
    at processFullStringRow (http://localhost:3000/_next/static/chunks/node_modules_next_dist_compiled_react-server-dom-turbopack_164kp-6._.js:2475:17)
    at processFullBinaryRow (http://localhost:3000/_next/static/chunks/node_modules_next_dist_compiled_react-server-dom-turbopack_164kp-6._.js:2415:9)
    at processBinaryChunk (http://localhost:3000/_next/static/chunks/node_modules_next_dist_compiled_react-server-dom-turbopack_164kp-6._.js:2524:221)
    at progress (http://localhost:3000/_next/static/chunks/node_modules_next_dist_compiled_react-server-dom-turbopack_164kp-6._.js:2698:20) @ http://localhost:3000/_next/static/chunks/node_modules_next_dist_1e8vcs8._.js:1052
[  247415ms] [ERROR] %c%s%c background: #e6e6e6;background: light-dark(rgba(0,0,0,0.1), rgba(255,255,255,0.25));color: #000000;color: light-dark(#000000, #ffffff);border-radius: 2px  Server   Error: MISSING_MESSAGE: Could not resolve `lifestyle.missingData` in messages for locale `en`.
    at renderMatchMessage (about://React/Server/D:%5C%D0%BF%D1%80%D0%BE%D0%B5%D0%BA%D1%82%D1%8B%5CUnikchoose%5C.next%5Cdev%5Cserver%5Cchunks%5Cssr%5C%5Broot-of-the-server%5D__1622ik9._.js?65:822:12)
    at <anonymous> (about://React/Server/D:%5C%D0%BF%D1%80%D0%BE%D0%B5%D0%BA%D1%82%D1%8B%5CUnikchoose%5C.next%5Cdev%5Cserver%5Cchunks%5Cssr%5C%5Broot-of-the-server%5D__1622ik9._.js?71:1378:227)
    at Array.map (<anonymous>:1:18)
    at ProgrammeCard (about://React/Server/D:%5C%D0%BF%D1%80%D0%BE%D0%B5%D0%BA%D1%82%D1%8B%5CUnikchoose%5C.next%5Cdev%5Cserver%5Cchunks%5Cssr%5C%5Broot-of-the-server%5D__1622ik9._.js?72:1365:64)
    at resolveErrorDev (http://localhost:3000/_next/static/chunks/node_modules_next_dist_compiled_react-server-dom-turbopack_164kp-6._.js:1937:105)
    at getOutlinedModel (http://localhost:3000/_next/static/chunks/node_modules_next_dist_compiled_react-server-dom-turbopack_164kp-6._.js:1487:28)
    at parseModelString (http://localhost:3000/_next/static/chunks/node_modules_next_dist_compiled_react-server-dom-turbopack_164kp-6._.js:1602:50)
    at reviveModel (http://localhost:3000/_next/static/chunks/node_modules_next_dist_compiled_react-server-dom-turbopack_164kp-6._.js:2544:66)
    at parseModel (http://localhost:3000/_next/static/chunks/node_modules_next_dist_compiled_react-server-dom-turbopack_164kp-6._.js:2539:16)
    at initializeModelChunk (http://localhost:3000/_next/static/chunks/node_modules_next_dist_compiled_react-server-dom-turbopack_164kp-6._.js:1100:25)
    at getOutlinedModel (http://localhost:3000/_next/static/chunks/node_modules_next_dist_compiled_react-server-dom-turbopack_164kp-6._.js:1423:17)
    at parseModelString (http://localhost:3000/_next/static/chunks/node_modules_next_dist_compiled_react-server-dom-turbopack_164kp-6._.js:1657:50)
    at reviveModel (http://localhost:3000/_next/static/chunks/node_modules_next_dist_compiled_react-server-dom-turbopack_164kp-6._.js:2544:66)
    at reviveModel (http://localhost:3000/_next/static/chunks/node_modules_next_dist_compiled_react-server-dom-turbopack_164kp-6._.js:2547:61)
    at parseModel (http://localhost:3000/_next/static/chunks/node_modules_next_dist_compiled_react-server-dom-turbopack_164kp-6._.js:2539:16)
    at initializeModelChunk (http://localhost:3000/_next/static/chunks/node_modules_next_dist_compiled_react-server-dom-turbopack_164kp-6._.js:1100:25)
    at resolveConsoleEntry (http://localhost:3000/_next/static/chunks/node_modules_next_dist_compiled_react-server-dom-turbopack_164kp-6._.js:2069:96)
    at processFullStringRow (http://localhost:3000/_next/static/chunks/node_modules_next_dist_compiled_react-server-dom-turbopack_164kp-6._.js:2475:17)
    at processFullBinaryRow (http://localhost:3000/_next/static/chunks/node_modules_next_dist_compiled_react-server-dom-turbopack_164kp-6._.js:2415:9)
    at processBinaryChunk (http://localhost:3000/_next/static/chunks/node_modules_next_dist_compiled_react-server-dom-turbopack_164kp-6._.js:2524:221)
    at progress (http://localhost:3000/_next/static/chunks/node_modules_next_dist_compiled_react-server-dom-turbopack_164kp-6._.js:2698:20) @ http://localhost:3000/_next/static/chunks/node_modules_next_dist_1e8vcs8._.js:1052
[  247415ms] [ERROR] %c%s%c background: #e6e6e6;background: light-dark(rgba(0,0,0,0.1), rgba(255,255,255,0.25));color: #000000;color: light-dark(#000000, #ffffff);border-radius: 2px  Server   Error: MISSING_MESSAGE: Could not resolve `language.matchesPreferredLanguage` in messages for locale `en`.
    at renderMatchMessage (about://React/Server/D:%5C%D0%BF%D1%80%D0%BE%D0%B5%D0%BA%D1%82%D1%8B%5CUnikchoose%5C.next%5Cdev%5Cserver%5Cchunks%5Cssr%5C%5Broot-of-the-server%5D__1622ik9._.js?65:822:12)
    at <anonymous> (about://React/Server/D:%5C%D0%BF%D1%80%D0%BE%D0%B5%D0%BA%D1%82%D1%8B%5CUnikchoose%5C.next%5Cdev%5Cserver%5Cchunks%5Cssr%5C%5Broot-of-the-server%5D__1622ik9._.js?66:1056:211)
    at Array.map (<anonymous>:1:18)
    at ProgrammeCard (about://React/Server/D:%5C%D0%BF%D1%80%D0%BE%D0%B5%D0%BA%D1%82%D1%8B%5CUnikchoose%5C.next%5Cdev%5Cserver%5Cchunks%5Cssr%5C%5Broot-of-the-server%5D__1622ik9._.js?67:1043:50)
    at resolveErrorDev (http://localhost:3000/_next/static/chunks/node_modules_next_dist_compiled_react-server-dom-turbopack_164kp-6._.js:1937:105)
    at getOutlinedModel (http://localhost:3000/_next/static/chunks/node_modules_next_dist_compiled_react-server-dom-turbopack_164kp-6._.js:1487:28)
    at parseModelString (http://localhost:3000/_next/static/chunks/node_modules_next_dist_compiled_react-server-dom-turbopack_164kp-6._.js:1602:50)
    at reviveModel (http://localhost:3000/_next/static/chunks/node_modules_next_dist_compiled_react-server-dom-turbopack_164kp-6._.js:2544:66)
    at parseModel (http://localhost:3000/_next/static/chunks/node_modules_next_dist_compiled_react-server-dom-turbopack_164kp-6._.js:2539:16)
    at initializeModelChunk (http://localhost:3000/_next/static/chunks/node_modules_next_dist_compiled_react-server-dom-turbopack_164kp-6._.js:1100:25)
    at getOutlinedModel (http://localhost:3000/_next/static/chunks/node_modules_next_dist_compiled_react-server-dom-turbopack_164kp-6._.js:1423:17)
    at parseModelString (http://localhost:3000/_next/static/chunks/node_modules_next_dist_compiled_react-server-dom-turbopack_164kp-6._.js:1657:50)
    at reviveModel (http://localhost:3000/_next/static/chunks/node_modules_next_dist_compiled_react-server-dom-turbopack_164kp-6._.js:2544:66)
    at reviveModel (http://localhost:3000/_next/static/chunks/node_modules_next_dist_compiled_react-server-dom-turbopack_164kp-6._.js:2547:61)
    at parseModel (http://localhost:3000/_next/static/chunks/node_modules_next_dist_compiled_react-server-dom-turbopack_164kp-6._.js:2539:16)
    at initializeModelChunk (http://localhost:3000/_next/static/chunks/node_modules_next_dist_compiled_react-server-dom-turbopack_164kp-6._.js:1100:25)
    at resolveConsoleEntry (http://localhost:3000/_next/static/chunks/node_modules_next_dist_compiled_react-server-dom-turbopack_164kp-6._.js:2069:96)
    at processFullStringRow (http://localhost:3000/_next/static/chunks/node_modules_next_dist_compiled_react-server-dom-turbopack_164kp-6._.js:2475:17)
    at processFullBinaryRow (http://localhost:3000/_next/static/chunks/node_modules_next_dist_compiled_react-server-dom-turbopack_164kp-6._.js:2415:9)
    at processBinaryChunk (http://localhost:3000/_next/static/chunks/node_modules_next_dist_compiled_react-server-dom-turbopack_164kp-6._.js:2524:221)
    at progress (http://localhost:3000/_next/static/chunks/node_modules_next_dist_compiled_react-server-dom-turbopack_164kp-6._.js:2698:20) @ http://localhost:3000/_next/static/chunks/node_modules_next_dist_1e8vcs8._.js:1052
[  247415ms] [ERROR] %c%s%c background: #e6e6e6;background: light-dark(rgba(0,0,0,0.1), rgba(255,255,255,0.25));color: #000000;color: light-dark(#000000, #ffffff);border-radius: 2px  Server   Error: MISSING_MESSAGE: Could not resolve `support.internationalOffice` in messages for locale `en`.
    at renderMatchMessage (about://React/Server/D:%5C%D0%BF%D1%80%D0%BE%D0%B5%D0%BA%D1%82%D1%8B%5CUnikchoose%5C.next%5Cdev%5Cserver%5Cchunks%5Cssr%5C%5Broot-of-the-server%5D__1622ik9._.js?65:822:12)
    at <anonymous> (about://React/Server/D:%5C%D0%BF%D1%80%D0%BE%D0%B5%D0%BA%D1%82%D1%8B%5CUnikchoose%5C.next%5Cdev%5Cserver%5Cchunks%5Cssr%5C%5Broot-of-the-server%5D__1622ik9._.js?66:1056:211)
    at Array.map (<anonymous>:1:18)
    at ProgrammeCard (about://React/Server/D:%5C%D0%BF%D1%80%D0%BE%D0%B5%D0%BA%D1%82%D1%8B%5CUnikchoose%5C.next%5Cdev%5Cserver%5Cchunks%5Cssr%5C%5Broot-of-the-server%5D__1622ik9._.js?67:1043:50)
    at resolveErrorDev (http://localhost:3000/_next/static/chunks/node_modules_next_dist_compiled_react-server-dom-turbopack_164kp-6._.js:1937:105)
    at getOutlinedModel (http://localhost:3000/_next/static/chunks/node_modules_next_dist_compiled_react-server-dom-turbopack_164kp-6._.js:1487:28)
    at parseModelString (http://localhost:3000/_next/static/chunks/node_modules_next_dist_compiled_react-server-dom-turbopack_164kp-6._.js:1602:50)
    at reviveModel (http://localhost:3000/_next/static/chunks/node_modules_next_dist_compiled_react-server-dom-turbopack_164kp-6._.js:2544:66)
    at parseModel (http://localhost:3000/_next/static/chunks/node_modules_next_dist_compiled_react-server-dom-turbopack_164kp-6._.js:2539:16)
    at initializeModelChunk (http://localhost:3000/_next/static/chunks/node_modules_next_dist_compiled_react-server-dom-turbopack_164kp-6._.js:1100:25)
    at getOutlinedModel (http://localhost:3000/_next/static/chunks/node_modules_next_dist_compiled_react-server-dom-turbopack_164kp-6._.js:1423:17)
    at parseModelString (http://localhost:3000/_next/static/chunks/node_modules_next_dist_compiled_react-server-dom-turbopack_164kp-6._.js:1657:50)
    at reviveModel (http://localhost:3000/_next/static/chunks/node_modules_next_dist_compiled_react-server-dom-turbopack_164kp-6._.js:2544:66)
    at reviveModel (http://localhost:3000/_next/static/chunks/node_modules_next_dist_compiled_react-server-dom-turbopack_164kp-6._.js:2547:61)
    at parseModel (http://localhost:3000/_next/static/chunks/node_modules_next_dist_compiled_react-server-dom-turbopack_164kp-6._.js:2539:16)
    at initializeModelChunk (http://localhost:3000/_next/static/chunks/node_modules_next_dist_compiled_react-server-dom-turbopack_164kp-6._.js:1100:25)
    at resolveConsoleEntry (http://localhost:3000/_next/static/chunks/node_modules_next_dist_compiled_react-server-dom-turbopack_164kp-6._.js:2069:96)
    at processFullStringRow (http://localhost:3000/_next/static/chunks/node_modules_next_dist_compiled_react-server-dom-turbopack_164kp-6._.js:2475:17)
    at processFullBinaryRow (http://localhost:3000/_next/static/chunks/node_modules_next_dist_compiled_react-server-dom-turbopack_164kp-6._.js:2415:9)
    at processBinaryChunk (http://localhost:3000/_next/static/chunks/node_modules_next_dist_compiled_react-server-dom-turbopack_164kp-6._.js:2524:221)
    at progress (http://localhost:3000/_next/static/chunks/node_modules_next_dist_compiled_react-server-dom-turbopack_164kp-6._.js:2698:20) @ http://localhost:3000/_next/static/chunks/node_modules_next_dist_1e8vcs8._.js:1052
[  247415ms] [ERROR] %c%s%c background: #e6e6e6;background: light-dark(rgba(0,0,0,0.1), rgba(255,255,255,0.25));color: #000000;color: light-dark(#000000, #ffffff);border-radius: 2px  Server   Error: MISSING_MESSAGE: Could not resolve `support.erasmus` in messages for locale `en`.
    at renderMatchMessage (about://React/Server/D:%5C%D0%BF%D1%80%D0%BE%D0%B5%D0%BA%D1%82%D1%8B%5CUnikchoose%5C.next%5Cdev%5Cserver%5Cchunks%5Cssr%5C%5Broot-of-the-server%5D__1622ik9._.js?65:822:12)
    at <anonymous> (about://React/Server/D:%5C%D0%BF%D1%80%D0%BE%D0%B5%D0%BA%D1%82%D1%8B%5CUnikchoose%5C.next%5Cdev%5Cserver%5Cchunks%5Cssr%5C%5Broot-of-the-server%5D__1622ik9._.js?66:1056:211)
    at Array.map (<anonymous>:1:18)
    at ProgrammeCard (about://React/Server/D:%5C%D0%BF%D1%80%D0%BE%D0%B5%D0%BA%D1%82%D1%8B%5CUnikchoose%5C.next%5Cdev%5Cserver%5Cchunks%5Cssr%5C%5Broot-of-the-server%5D__1622ik9._.js?67:1043:50)
    at resolveErrorDev (http://localhost:3000/_next/static/chunks/node_modules_next_dist_compiled_react-server-dom-turbopack_164kp-6._.js:1937:105)
    at getOutlinedModel (http://localhost:3000/_next/static/chunks/node_modules_next_dist_compiled_react-server-dom-turbopack_164kp-6._.js:1487:28)
    at parseModelString (http://localhost:3000/_next/static/chunks/node_modules_next_dist_compiled_react-server-dom-turbopack_164kp-6._.js:1602:50)
    at reviveModel (http://localhost:3000/_next/static/chunks/node_modules_next_dist_compiled_react-server-dom-turbopack_164kp-6._.js:2544:66)
    at parseModel (http://localhost:3000/_next/static/chunks/node_modules_next_dist_compiled_react-server-dom-turbopack_164kp-6._.js:2539:16)
    at initializeModelChunk (http://localhost:3000/_next/static/chunks/node_modules_next_dist_compiled_react-server-dom-turbopack_164kp-6._.js:1100:25)
    at getOutlinedModel (http://localhost:3000/_next/static/chunks/node_modules_next_dist_compiled_react-server-dom-turbopack_164kp-6._.js:1423:17)
    at parseModelString (http://localhost:3000/_next/static/chunks/node_modules_next_dist_compiled_react-server-dom-turbopack_164kp-6._.js:1657:50)
    at reviveModel (http://localhost:3000/_next/static/chunks/node_modules_next_dist_compiled_react-server-dom-turbopack_164kp-6._.js:2544:66)
    at reviveModel (http://localhost:3000/_next/static/chunks/node_modules_next_dist_compiled_react-server-dom-turbopack_164kp-6._.js:2547:61)
    at parseModel (http://localhost:3000/_next/static/chunks/node_modules_next_dist_compiled_react-server-dom-turbopack_164kp-6._.js:2539:16)
    at initializeModelChunk (http://localhost:3000/_next/static/chunks/node_modules_next_dist_compiled_react-server-dom-turbopack_164kp-6._.js:1100:25)
    at resolveConsoleEntry (http://localhost:3000/_next/static/chunks/node_modules_next_dist_compiled_react-server-dom-turbopack_164kp-6._.js:2069:96)
    at processFullStringRow (http://localhost:3000/_next/static/chunks/node_modules_next_dist_compiled_react-server-dom-turbopack_164kp-6._.js:2475:17)
    at processFullBinaryRow (http://localhost:3000/_next/static/chunks/node_modules_next_dist_compiled_react-server-dom-turbopack_164kp-6._.js:2415:9)
    at processBinaryChunk (http://localhost:3000/_next/static/chunks/node_modules_next_dist_compiled_react-server-dom-turbopack_164kp-6._.js:2524:221)
    at progress (http://localhost:3000/_next/static/chunks/node_modules_next_dist_compiled_react-server-dom-turbopack_164kp-6._.js:2698:20) @ http://localhost:3000/_next/static/chunks/node_modules_next_dist_1e8vcs8._.js:1052
[  247415ms] [ERROR] %c%s%c background: #e6e6e6;background: light-dark(rgba(0,0,0,0.1), rgba(255,255,255,0.25));color: #000000;color: light-dark(#000000, #ffffff);border-radius: 2px  Server   Error: MISSING_MESSAGE: Could not resolve `academic.entranceExamGeneric` in messages for locale `en`.
    at renderMatchMessage (about://React/Server/D:%5C%D0%BF%D1%80%D0%BE%D0%B5%D0%BA%D1%82%D1%8B%5CUnikchoose%5C.next%5Cdev%5Cserver%5Cchunks%5Cssr%5C%5Broot-of-the-server%5D__1622ik9._.js?65:822:12)
    at ProgrammeCard (about://React/Server/D:%5C%D0%BF%D1%80%D0%BE%D0%B5%D0%BA%D1%82%D1%8B%5CUnikchoose%5C.next%5Cdev%5Cserver%5Cchunks%5Cssr%5C%5Broot-of-the-server%5D__1622ik9._.js?70:1102:203)
    at resolveErrorDev (http://localhost:3000/_next/static/chunks/node_modules_next_dist_compiled_react-server-dom-turbopack_164kp-6._.js:1937:105)
    at getOutlinedModel (http://localhost:3000/_next/static/chunks/node_modules_next_dist_compiled_react-server-dom-turbopack_164kp-6._.js:1487:28)
    at parseModelString (http://localhost:3000/_next/static/chunks/node_modules_next_dist_compiled_react-server-dom-turbopack_164kp-6._.js:1602:50)
    at reviveModel (http://localhost:3000/_next/static/chunks/node_modules_next_dist_compiled_react-server-dom-turbopack_164kp-6._.js:2544:66)
    at parseModel (http://localhost:3000/_next/static/chunks/node_modules_next_dist_compiled_react-server-dom-turbopack_164kp-6._.js:2539:16)
    at initializeModelChunk (http://localhost:3000/_next/static/chunks/node_modules_next_dist_compiled_react-server-dom-turbopack_164kp-6._.js:1100:25)
    at getOutlinedModel (http://localhost:3000/_next/static/chunks/node_modules_next_dist_compiled_react-server-dom-turbopack_164kp-6._.js:1423:17)
    at parseModelString (http://localhost:3000/_next/static/chunks/node_modules_next_dist_compiled_react-server-dom-turbopack_164kp-6._.js:1657:50)
    at reviveModel (http://localhost:3000/_next/static/chunks/node_modules_next_dist_compiled_react-server-dom-turbopack_164kp-6._.js:2544:66)
    at reviveModel (http://localhost:3000/_next/static/chunks/node_modules_next_dist_compiled_react-server-dom-turbopack_164kp-6._.js:2547:61)
    at parseModel (http://localhost:3000/_next/static/chunks/node_modules_next_dist_compiled_react-server-dom-turbopack_164kp-6._.js:2539:16)
    at initializeModelChunk (http://localhost:3000/_next/static/chunks/node_modules_next_dist_compiled_react-server-dom-turbopack_164kp-6._.js:1100:25)
    at resolveConsoleEntry (http://localhost:3000/_next/static/chunks/node_modules_next_dist_compiled_react-server-dom-turbopack_164kp-6._.js:2069:96)
    at processFullStringRow (http://localhost:3000/_next/static/chunks/node_modules_next_dist_compiled_react-server-dom-turbopack_164kp-6._.js:2475:17)
    at processFullBinaryRow (http://localhost:3000/_next/static/chunks/node_modules_next_dist_compiled_react-server-dom-turbopack_164kp-6._.js:2415:9)
    at processBinaryChunk (http://localhost:3000/_next/static/chunks/node_modules_next_dist_compiled_react-server-dom-turbopack_164kp-6._.js:2524:221)
    at progress (http://localhost:3000/_next/static/chunks/node_modules_next_dist_compiled_react-server-dom-turbopack_164kp-6._.js:2698:20) @ http://localhost:3000/_next/static/chunks/node_modules_next_dist_1e8vcs8._.js:1052
[  247415ms] [ERROR] %c%s%c background: #e6e6e6;background: light-dark(rgba(0,0,0,0.1), rgba(255,255,255,0.25));color: #000000;color: light-dark(#000000, #ffffff);border-radius: 2px  Server   Error: MISSING_MESSAGE: Could not resolve `budget.missingBudget` in messages for locale `en`.
    at renderMatchMessage (about://React/Server/D:%5C%D0%BF%D1%80%D0%BE%D0%B5%D0%BA%D1%82%D1%8B%5CUnikchoose%5C.next%5Cdev%5Cserver%5Cchunks%5Cssr%5C%5Broot-of-the-server%5D__1622ik9._.js?65:822:12)
    at <anonymous> (about://React/Server/D:%5C%D0%BF%D1%80%D0%BE%D0%B5%D0%BA%D1%82%D1%8B%5CUnikchoose%5C.next%5Cdev%5Cserver%5Cchunks%5Cssr%5C%5Broot-of-the-server%5D__1622ik9._.js?71:1378:227)
    at Array.map (<anonymous>:1:18)
    at ProgrammeCard (about://React/Server/D:%5C%D0%BF%D1%80%D0%BE%D0%B5%D0%BA%D1%82%D1%8B%5CUnikchoose%5C.next%5Cdev%5Cserver%5Cchunks%5Cssr%5C%5Broot-of-the-server%5D__1622ik9._.js?72:1365:64)
    at resolveErrorDev (http://localhost:3000/_next/static/chunks/node_modules_next_dist_compiled_react-server-dom-turbopack_164kp-6._.js:1937:105)
    at getOutlinedModel (http://localhost:3000/_next/static/chunks/node_modules_next_dist_compiled_react-server-dom-turbopack_164kp-6._.js:1487:28)
    at parseModelString (http://localhost:3000/_next/static/chunks/node_modules_next_dist_compiled_react-server-dom-turbopack_164kp-6._.js:1602:50)
    at reviveModel (http://localhost:3000/_next/static/chunks/node_modules_next_dist_compiled_react-server-dom-turbopack_164kp-6._.js:2544:66)
    at parseModel (http://localhost:3000/_next/static/chunks/node_modules_next_dist_compiled_react-server-dom-turbopack_164kp-6._.js:2539:16)
    at initializeModelChunk (http://localhost:3000/_next/static/chunks/node_modules_next_dist_compiled_react-server-dom-turbopack_164kp-6._.js:1100:25)
    at getOutlinedModel (http://localhost:3000/_next/static/chunks/node_modules_next_dist_compiled_react-server-dom-turbopack_164kp-6._.js:1423:17)
    at parseModelString (http://localhost:3000/_next/static/chunks/node_modules_next_dist_compiled_react-server-dom-turbopack_164kp-6._.js:1657:50)
    at reviveModel (http://localhost:3000/_next/static/chunks/node_modules_next_dist_compiled_react-server-dom-turbopack_164kp-6._.js:2544:66)
    at reviveModel (http://localhost:3000/_next/static/chunks/node_modules_next_dist_compiled_react-server-dom-turbopack_164kp-6._.js:2547:61)
    at parseModel (http://localhost:3000/_next/static/chunks/node_modules_next_dist_compiled_react-server-dom-turbopack_164kp-6._.js:2539:16)
    at initializeModelChunk (http://localhost:3000/_next/static/chunks/node_modules_next_dist_compiled_react-server-dom-turbopack_164kp-6._.js:1100:25)
    at resolveConsoleEntry (http://localhost:3000/_next/static/chunks/node_modules_next_dist_compiled_react-server-dom-turbopack_164kp-6._.js:2069:96)
    at processFullStringRow (http://localhost:3000/_next/static/chunks/node_modules_next_dist_compiled_react-server-dom-turbopack_164kp-6._.js:2475:17)
    at processFullBinaryRow (http://localhost:3000/_next/static/chunks/node_modules_next_dist_compiled_react-server-dom-turbopack_164kp-6._.js:2415:9)
    at processBinaryChunk (http://localhost:3000/_next/static/chunks/node_modules_next_dist_compiled_react-server-dom-turbopack_164kp-6._.js:2524:221)
    at progress (http://localhost:3000/_next/static/chunks/node_modules_next_dist_compiled_react-server-dom-turbopack_164kp-6._.js:2698:20) @ http://localhost:3000/_next/static/chunks/node_modules_next_dist_1e8vcs8._.js:1052
[  247416ms] [ERROR] %c%s%c background: #e6e6e6;background: light-dark(rgba(0,0,0,0.1), rgba(255,255,255,0.25));color: #000000;color: light-dark(#000000, #ffffff);border-radius: 2px  Server   Error: MISSING_MESSAGE: Could not resolve `location.missingLocationPreference` in messages for locale `en`.
    at renderMatchMessage (about://React/Server/D:%5C%D0%BF%D1%80%D0%BE%D0%B5%D0%BA%D1%82%D1%8B%5CUnikchoose%5C.next%5Cdev%5Cserver%5Cchunks%5Cssr%5C%5Broot-of-the-server%5D__1622ik9._.js?65:822:12)
    at <anonymous> (about://React/Server/D:%5C%D0%BF%D1%80%D0%BE%D0%B5%D0%BA%D1%82%D1%8B%5CUnikchoose%5C.next%5Cdev%5Cserver%5Cchunks%5Cssr%5C%5Broot-of-the-server%5D__1622ik9._.js?71:1378:227)
    at Array.map (<anonymous>:1:18)
    at ProgrammeCard (about://React/Server/D:%5C%D0%BF%D1%80%D0%BE%D0%B5%D0%BA%D1%82%D1%8B%5CUnikchoose%5C.next%5Cdev%5Cserver%5Cchunks%5Cssr%5C%5Broot-of-the-server%5D__1622ik9._.js?72:1365:64)
    at resolveErrorDev (http://localhost:3000/_next/static/chunks/node_modules_next_dist_compiled_react-server-dom-turbopack_164kp-6._.js:1937:105)
    at getOutlinedModel (http://localhost:3000/_next/static/chunks/node_modules_next_dist_compiled_react-server-dom-turbopack_164kp-6._.js:1487:28)
    at parseModelString (http://localhost:3000/_next/static/chunks/node_modules_next_dist_compiled_react-server-dom-turbopack_164kp-6._.js:1602:50)
    at reviveModel (http://localhost:3000/_next/static/chunks/node_modules_next_dist_compiled_react-server-dom-turbopack_164kp-6._.js:2544:66)
    at parseModel (http://localhost:3000/_next/static/chunks/node_modules_next_dist_compiled_react-server-dom-turbopack_164kp-6._.js:2539:16)
    at initializeModelChunk (http://localhost:3000/_next/static/chunks/node_modules_next_dist_compiled_react-server-dom-turbopack_164kp-6._.js:1100:25)
    at getOutlinedModel (http://localhost:3000/_next/static/chunks/node_modules_next_dist_compiled_react-server-dom-turbopack_164kp-6._.js:1423:17)
    at parseModelString (http://localhost:3000/_next/static/chunks/node_modules_next_dist_compiled_react-server-dom-turbopack_164kp-6._.js:1657:50)
    at reviveModel (http://localhost:3000/_next/static/chunks/node_modules_next_dist_compiled_react-server-dom-turbopack_164kp-6._.js:2544:66)
    at reviveModel (http://localhost:3000/_next/static/chunks/node_modules_next_dist_compiled_react-server-dom-turbopack_164kp-6._.js:2547:61)
    at parseModel (http://localhost:3000/_next/static/chunks/node_modules_next_dist_compiled_react-server-dom-turbopack_164kp-6._.js:2539:16)
    at initializeModelChunk (http://localhost:3000/_next/static/chunks/node_modules_next_dist_compiled_react-server-dom-turbopack_164kp-6._.js:1100:25)
    at resolveConsoleEntry (http://localhost:3000/_next/static/chunks/node_modules_next_dist_compiled_react-server-dom-turbopack_164kp-6._.js:2069:96)
    at processFullStringRow (http://localhost:3000/_next/static/chunks/node_modules_next_dist_compiled_react-server-dom-turbopack_164kp-6._.js:2475:17)
    at processFullBinaryRow (http://localhost:3000/_next/static/chunks/node_modules_next_dist_compiled_react-server-dom-turbopack_164kp-6._.js:2415:9)
    at processBinaryChunk (http://localhost:3000/_next/static/chunks/node_modules_next_dist_compiled_react-server-dom-turbopack_164kp-6._.js:2524:221)
    at progress (http://localhost:3000/_next/static/chunks/node_modules_next_dist_compiled_react-server-dom-turbopack_164kp-6._.js:2698:20) @ http://localhost:3000/_next/static/chunks/node_modules_next_dist_1e8vcs8._.js:1052
[  247416ms] [ERROR] %c%s%c background: #e6e6e6;background: light-dark(rgba(0,0,0,0.1), rgba(255,255,255,0.25));color: #000000;color: light-dark(#000000, #ffffff);border-radius: 2px  Server   Error: MISSING_MESSAGE: Could not resolve `admission.entranceExamRequired` in messages for locale `en`.
    at renderMatchMessage (about://React/Server/D:%5C%D0%BF%D1%80%D0%BE%D0%B5%D0%BA%D1%82%D1%8B%5CUnikchoose%5C.next%5Cdev%5Cserver%5Cchunks%5Cssr%5C%5Broot-of-the-server%5D__1622ik9._.js?65:822:12)
    at <anonymous> (about://React/Server/D:%5C%D0%BF%D1%80%D0%BE%D0%B5%D0%BA%D1%82%D1%8B%5CUnikchoose%5C.next%5Cdev%5Cserver%5Cchunks%5Cssr%5C%5Broot-of-the-server%5D__1622ik9._.js?71:1378:227)
    at Array.map (<anonymous>:1:18)
    at ProgrammeCard (about://React/Server/D:%5C%D0%BF%D1%80%D0%BE%D0%B5%D0%BA%D1%82%D1%8B%5CUnikchoose%5C.next%5Cdev%5Cserver%5Cchunks%5Cssr%5C%5Broot-of-the-server%5D__1622ik9._.js?72:1365:64)
    at resolveErrorDev (http://localhost:3000/_next/static/chunks/node_modules_next_dist_compiled_react-server-dom-turbopack_164kp-6._.js:1937:105)
    at getOutlinedModel (http://localhost:3000/_next/static/chunks/node_modules_next_dist_compiled_react-server-dom-turbopack_164kp-6._.js:1487:28)
    at parseModelString (http://localhost:3000/_next/static/chunks/node_modules_next_dist_compiled_react-server-dom-turbopack_164kp-6._.js:1602:50)
    at reviveModel (http://localhost:3000/_next/static/chunks/node_modules_next_dist_compiled_react-server-dom-turbopack_164kp-6._.js:2544:66)
    at parseModel (http://localhost:3000/_next/static/chunks/node_modules_next_dist_compiled_react-server-dom-turbopack_164kp-6._.js:2539:16)
    at initializeModelChunk (http://localhost:3000/_next/static/chunks/node_modules_next_dist_compiled_react-server-dom-turbopack_164kp-6._.js:1100:25)
    at getOutlinedModel (http://localhost:3000/_next/static/chunks/node_modules_next_dist_compiled_react-server-dom-turbopack_164kp-6._.js:1423:17)
    at parseModelString (http://localhost:3000/_next/static/chunks/node_modules_next_dist_compiled_react-server-dom-turbopack_164kp-6._.js:1657:50)
    at reviveModel (http://localhost:3000/_next/static/chunks/node_modules_next_dist_compiled_react-server-dom-turbopack_164kp-6._.js:2544:66)
    at reviveModel (http://localhost:3000/_next/static/chunks/node_modules_next_dist_compiled_react-server-dom-turbopack_164kp-6._.js:2547:61)
    at parseModel (http://localhost:3000/_next/static/chunks/node_modules_next_dist_compiled_react-server-dom-turbopack_164kp-6._.js:2539:16)
    at initializeModelChunk (http://localhost:3000/_next/static/chunks/node_modules_next_dist_compiled_react-server-dom-turbopack_164kp-6._.js:1100:25)
    at resolveConsoleEntry (http://localhost:3000/_next/static/chunks/node_modules_next_dist_compiled_react-server-dom-turbopack_164kp-6._.js:2069:96)
    at processFullStringRow (http://localhost:3000/_next/static/chunks/node_modules_next_dist_compiled_react-server-dom-turbopack_164kp-6._.js:2475:17)
    at processFullBinaryRow (http://localhost:3000/_next/static/chunks/node_modules_next_dist_compiled_react-server-dom-turbopack_164kp-6._.js:2415:9)
    at processBinaryChunk (http://localhost:3000/_next/static/chunks/node_modules_next_dist_compiled_react-server-dom-turbopack_164kp-6._.js:2524:221)
    at progress (http://localhost:3000/_next/static/chunks/node_modules_next_dist_compiled_react-server-dom-turbopack_164kp-6._.js:2698:20) @ http://localhost:3000/_next/static/chunks/node_modules_next_dist_1e8vcs8._.js:1052
[  247416ms] [ERROR] %c%s%c background: #e6e6e6;background: light-dark(rgba(0,0,0,0.1), rgba(255,255,255,0.25));color: #000000;color: light-dark(#000000, #ffffff);border-radius: 2px  Server   Error: MISSING_MESSAGE: Could not resolve `career.missingData` in messages for locale `en`.
    at renderMatchMessage (about://React/Server/D:%5C%D0%BF%D1%80%D0%BE%D0%B5%D0%BA%D1%82%D1%8B%5CUnikchoose%5C.next%5Cdev%5Cserver%5Cchunks%5Cssr%5C%5Broot-of-the-server%5D__1622ik9._.js?65:822:12)
    at <anonymous> (about://React/Server/D:%5C%D0%BF%D1%80%D0%BE%D0%B5%D0%BA%D1%82%D1%8B%5CUnikchoose%5C.next%5Cdev%5Cserver%5Cchunks%5Cssr%5C%5Broot-of-the-server%5D__1622ik9._.js?71:1378:227)
    at Array.map (<anonymous>:1:18)
    at ProgrammeCard (about://React/Server/D:%5C%D0%BF%D1%80%D0%BE%D0%B5%D0%BA%D1%82%D1%8B%5CUnikchoose%5C.next%5Cdev%5Cserver%5Cchunks%5Cssr%5C%5Broot-of-the-server%5D__1622ik9._.js?72:1365:64)
    at resolveErrorDev (http://localhost:3000/_next/static/chunks/node_modules_next_dist_compiled_react-server-dom-turbopack_164kp-6._.js:1937:105)
    at getOutlinedModel (http://localhost:3000/_next/static/chunks/node_modules_next_dist_compiled_react-server-dom-turbopack_164kp-6._.js:1487:28)
    at parseModelString (http://localhost:3000/_next/static/chunks/node_modules_next_dist_compiled_react-server-dom-turbopack_164kp-6._.js:1602:50)
    at reviveModel (http://localhost:3000/_next/static/chunks/node_modules_next_dist_compiled_react-server-dom-turbopack_164kp-6._.js:2544:66)
    at parseModel (http://localhost:3000/_next/static/chunks/node_modules_next_dist_compiled_react-server-dom-turbopack_164kp-6._.js:2539:16)
    at initializeModelChunk (http://localhost:3000/_next/static/chunks/node_modules_next_dist_compiled_react-server-dom-turbopack_164kp-6._.js:1100:25)
    at getOutlinedModel (http://localhost:3000/_next/static/chunks/node_modules_next_dist_compiled_react-server-dom-turbopack_164kp-6._.js:1423:17)
    at parseModelString (http://localhost:3000/_next/static/chunks/node_modules_next_dist_compiled_react-server-dom-turbopack_164kp-6._.js:1657:50)
    at reviveModel (http://localhost:3000/_next/static/chunks/node_modules_next_dist_compiled_react-server-dom-turbopack_164kp-6._.js:2544:66)
    at reviveModel (http://localhost:3000/_next/static/chunks/node_modules_next_dist_compiled_react-server-dom-turbopack_164kp-6._.js:2547:61)
    at parseModel (http://localhost:3000/_next/static/chunks/node_modules_next_dist_compiled_react-server-dom-turbopack_164kp-6._.js:2539:16)
    at initializeModelChunk (http://localhost:3000/_next/static/chunks/node_modules_next_dist_compiled_react-server-dom-turbopack_164kp-6._.js:1100:25)
    at resolveConsoleEntry (http://localhost:3000/_next/static/chunks/node_modules_next_dist_compiled_react-server-dom-turbopack_164kp-6._.js:2069:96)
    at processFullStringRow (http://localhost:3000/_next/static/chunks/node_modules_next_dist_compiled_react-server-dom-turbopack_164kp-6._.js:2475:17)
    at processFullBinaryRow (http://localhost:3000/_next/static/chunks/node_modules_next_dist_compiled_react-server-dom-turbopack_164kp-6._.js:2415:9)
    at processBinaryChunk (http://localhost:3000/_next/static/chunks/node_modules_next_dist_compiled_react-server-dom-turbopack_164kp-6._.js:2524:221)
    at progress (http://localhost:3000/_next/static/chunks/node_modules_next_dist_compiled_react-server-dom-turbopack_164kp-6._.js:2698:20) @ http://localhost:3000/_next/static/chunks/node_modules_next_dist_1e8vcs8._.js:1052
[  247416ms] [ERROR] %c%s%c background: #e6e6e6;background: light-dark(rgba(0,0,0,0.1), rgba(255,255,255,0.25));color: #000000;color: light-dark(#000000, #ffffff);border-radius: 2px  Server   Error: MISSING_MESSAGE: Could not resolve `format.missingData` in messages for locale `en`.
    at renderMatchMessage (about://React/Server/D:%5C%D0%BF%D1%80%D0%BE%D0%B5%D0%BA%D1%82%D1%8B%5CUnikchoose%5C.next%5Cdev%5Cserver%5Cchunks%5Cssr%5C%5Broot-of-the-server%5D__1622ik9._.js?65:822:12)
    at <anonymous> (about://React/Server/D:%5C%D0%BF%D1%80%D0%BE%D0%B5%D0%BA%D1%82%D1%8B%5CUnikchoose%5C.next%5Cdev%5Cserver%5Cchunks%5Cssr%5C%5Broot-of-the-server%5D__1622ik9._.js?71:1378:227)
    at Array.map (<anonymous>:1:18)
    at ProgrammeCard (about://React/Server/D:%5C%D0%BF%D1%80%D0%BE%D0%B5%D0%BA%D1%82%D1%8B%5CUnikchoose%5C.next%5Cdev%5Cserver%5Cchunks%5Cssr%5C%5Broot-of-the-server%5D__1622ik9._.js?72:1365:64)
    at resolveErrorDev (http://localhost:3000/_next/static/chunks/node_modules_next_dist_compiled_react-server-dom-turbopack_164kp-6._.js:1937:105)
    at getOutlinedModel (http://localhost:3000/_next/static/chunks/node_modules_next_dist_compiled_react-server-dom-turbopack_164kp-6._.js:1487:28)
    at parseModelString (http://localhost:3000/_next/static/chunks/node_modules_next_dist_compiled_react-server-dom-turbopack_164kp-6._.js:1602:50)
    at reviveModel (http://localhost:3000/_next/static/chunks/node_modules_next_dist_compiled_react-server-dom-turbopack_164kp-6._.js:2544:66)
    at parseModel (http://localhost:3000/_next/static/chunks/node_modules_next_dist_compiled_react-server-dom-turbopack_164kp-6._.js:2539:16)
    at initializeModelChunk (http://localhost:3000/_next/static/chunks/node_modules_next_dist_compiled_react-server-dom-turbopack_164kp-6._.js:1100:25)
    at getOutlinedModel (http://localhost:3000/_next/static/chunks/node_modules_next_dist_compiled_react-server-dom-turbopack_164kp-6._.js:1423:17)
    at parseModelString (http://localhost:3000/_next/static/chunks/node_modules_next_dist_compiled_react-server-dom-turbopack_164kp-6._.js:1657:50)
    at reviveModel (http://localhost:3000/_next/static/chunks/node_modules_next_dist_compiled_react-server-dom-turbopack_164kp-6._.js:2544:66)
    at reviveModel (http://localhost:3000/_next/static/chunks/node_modules_next_dist_compiled_react-server-dom-turbopack_164kp-6._.js:2547:61)
    at parseModel (http://localhost:3000/_next/static/chunks/node_modules_next_dist_compiled_react-server-dom-turbopack_164kp-6._.js:2539:16)
    at initializeModelChunk (http://localhost:3000/_next/static/chunks/node_modules_next_dist_compiled_react-server-dom-turbopack_164kp-6._.js:1100:25)
    at resolveConsoleEntry (http://localhost:3000/_next/static/chunks/node_modules_next_dist_compiled_react-server-dom-turbopack_164kp-6._.js:2069:96)
    at processFullStringRow (http://localhost:3000/_next/static/chunks/node_modules_next_dist_compiled_react-server-dom-turbopack_164kp-6._.js:2475:17)
    at processFullBinaryRow (http://localhost:3000/_next/static/chunks/node_modules_next_dist_compiled_react-server-dom-turbopack_164kp-6._.js:2415:9)
    at processBinaryChunk (http://localhost:3000/_next/static/chunks/node_modules_next_dist_compiled_react-server-dom-turbopack_164kp-6._.js:2524:221)
    at progress (http://localhost:3000/_next/static/chunks/node_modules_next_dist_compiled_react-server-dom-turbopack_164kp-6._.js:2698:20) @ http://localhost:3000/_next/static/chunks/node_modules_next_dist_1e8vcs8._.js:1052
[  247416ms] [ERROR] %c%s%c background: #e6e6e6;background: light-dark(rgba(0,0,0,0.1), rgba(255,255,255,0.25));color: #000000;color: light-dark(#000000, #ffffff);border-radius: 2px  Server   Error: MISSING_MESSAGE: Could not resolve `lifestyle.missingData` in messages for locale `en`.
    at renderMatchMessage (about://React/Server/D:%5C%D0%BF%D1%80%D0%BE%D0%B5%D0%BA%D1%82%D1%8B%5CUnikchoose%5C.next%5Cdev%5Cserver%5Cchunks%5Cssr%5C%5Broot-of-the-server%5D__1622ik9._.js?65:822:12)
    at <anonymous> (about://React/Server/D:%5C%D0%BF%D1%80%D0%BE%D0%B5%D0%BA%D1%82%D1%8B%5CUnikchoose%5C.next%5Cdev%5Cserver%5Cchunks%5Cssr%5C%5Broot-of-the-server%5D__1622ik9._.js?71:1378:227)
    at Array.map (<anonymous>:1:18)
    at ProgrammeCard (about://React/Server/D:%5C%D0%BF%D1%80%D0%BE%D0%B5%D0%BA%D1%82%D1%8B%5CUnikchoose%5C.next%5Cdev%5Cserver%5Cchunks%5Cssr%5C%5Broot-of-the-server%5D__1622ik9._.js?72:1365:64)
    at resolveErrorDev (http://localhost:3000/_next/static/chunks/node_modules_next_dist_compiled_react-server-dom-turbopack_164kp-6._.js:1937:105)
    at getOutlinedModel (http://localhost:3000/_next/static/chunks/node_modules_next_dist_compiled_react-server-dom-turbopack_164kp-6._.js:1487:28)
    at parseModelString (http://localhost:3000/_next/static/chunks/node_modules_next_dist_compiled_react-server-dom-turbopack_164kp-6._.js:1602:50)
    at reviveModel (http://localhost:3000/_next/static/chunks/node_modules_next_dist_compiled_react-server-dom-turbopack_164kp-6._.js:2544:66)
    at parseModel (http://localhost:3000/_next/static/chunks/node_modules_next_dist_compiled_react-server-dom-turbopack_164kp-6._.js:2539:16)
    at initializeModelChunk (http://localhost:3000/_next/static/chunks/node_modules_next_dist_compiled_react-server-dom-turbopack_164kp-6._.js:1100:25)
    at getOutlinedModel (http://localhost:3000/_next/static/chunks/node_modules_next_dist_compiled_react-server-dom-turbopack_164kp-6._.js:1423:17)
    at parseModelString (http://localhost:3000/_next/static/chunks/node_modules_next_dist_compiled_react-server-dom-turbopack_164kp-6._.js:1657:50)
    at reviveModel (http://localhost:3000/_next/static/chunks/node_modules_next_dist_compiled_react-server-dom-turbopack_164kp-6._.js:2544:66)
    at reviveModel (http://localhost:3000/_next/static/chunks/node_modules_next_dist_compiled_react-server-dom-turbopack_164kp-6._.js:2547:61)
    at parseModel (http://localhost:3000/_next/static/chunks/node_modules_next_dist_compiled_react-server-dom-turbopack_164kp-6._.js:2539:16)
    at initializeModelChunk (http://localhost:3000/_next/static/chunks/node_modules_next_dist_compiled_react-server-dom-turbopack_164kp-6._.js:1100:25)
    at resolveConsoleEntry (http://localhost:3000/_next/static/chunks/node_modules_next_dist_compiled_react-server-dom-turbopack_164kp-6._.js:2069:96)
    at processFullStringRow (http://localhost:3000/_next/static/chunks/node_modules_next_dist_compiled_react-server-dom-turbopack_164kp-6._.js:2475:17)
    at processFullBinaryRow (http://localhost:3000/_next/static/chunks/node_modules_next_dist_compiled_react-server-dom-turbopack_164kp-6._.js:2415:9)
    at processBinaryChunk (http://localhost:3000/_next/static/chunks/node_modules_next_dist_compiled_react-server-dom-turbopack_164kp-6._.js:2524:221)
    at progress (http://localhost:3000/_next/static/chunks/node_modules_next_dist_compiled_react-server-dom-turbopack_164kp-6._.js:2698:20) @ http://localhost:3000/_next/static/chunks/node_modules_next_dist_1e8vcs8._.js:1052
[  247416ms] [ERROR] %c%s%c background: #e6e6e6;background: light-dark(rgba(0,0,0,0.1), rgba(255,255,255,0.25));color: #000000;color: light-dark(#000000, #ffffff);border-radius: 2px  Server   Error: MISSING_MESSAGE: Could not resolve `language.matchesPreferredLanguage` in messages for locale `en`.
    at renderMatchMessage (about://React/Server/D:%5C%D0%BF%D1%80%D0%BE%D0%B5%D0%BA%D1%82%D1%8B%5CUnikchoose%5C.next%5Cdev%5Cserver%5Cchunks%5Cssr%5C%5Broot-of-the-server%5D__1622ik9._.js?65:822:12)
    at <anonymous> (about://React/Server/D:%5C%D0%BF%D1%80%D0%BE%D0%B5%D0%BA%D1%82%D1%8B%5CUnikchoose%5C.next%5Cdev%5Cserver%5Cchunks%5Cssr%5C%5Broot-of-the-server%5D__1622ik9._.js?66:1056:211)
    at Array.map (<anonymous>:1:18)
    at ProgrammeCard (about://React/Server/D:%5C%D0%BF%D1%80%D0%BE%D0%B5%D0%BA%D1%82%D1%8B%5CUnikchoose%5C.next%5Cdev%5Cserver%5Cchunks%5Cssr%5C%5Broot-of-the-server%5D__1622ik9._.js?67:1043:50)
    at resolveErrorDev (http://localhost:3000/_next/static/chunks/node_modules_next_dist_compiled_react-server-dom-turbopack_164kp-6._.js:1937:105)
    at getOutlinedModel (http://localhost:3000/_next/static/chunks/node_modules_next_dist_compiled_react-server-dom-turbopack_164kp-6._.js:1487:28)
    at parseModelString (http://localhost:3000/_next/static/chunks/node_modules_next_dist_compiled_react-server-dom-turbopack_164kp-6._.js:1602:50)
    at reviveModel (http://localhost:3000/_next/static/chunks/node_modules_next_dist_compiled_react-server-dom-turbopack_164kp-6._.js:2544:66)
    at parseModel (http://localhost:3000/_next/static/chunks/node_modules_next_dist_compiled_react-server-dom-turbopack_164kp-6._.js:2539:16)
    at initializeModelChunk (http://localhost:3000/_next/static/chunks/node_modules_next_dist_compiled_react-server-dom-turbopack_164kp-6._.js:1100:25)
    at getOutlinedModel (http://localhost:3000/_next/static/chunks/node_modules_next_dist_compiled_react-server-dom-turbopack_164kp-6._.js:1423:17)
    at parseModelString (http://localhost:3000/_next/static/chunks/node_modules_next_dist_compiled_react-server-dom-turbopack_164kp-6._.js:1657:50)
    at reviveModel (http://localhost:3000/_next/static/chunks/node_modules_next_dist_compiled_react-server-dom-turbopack_164kp-6._.js:2544:66)
    at reviveModel (http://localhost:3000/_next/static/chunks/node_modules_next_dist_compiled_react-server-dom-turbopack_164kp-6._.js:2547:61)
    at parseModel (http://localhost:3000/_next/static/chunks/node_modules_next_dist_compiled_react-server-dom-turbopack_164kp-6._.js:2539:16)
    at initializeModelChunk (http://localhost:3000/_next/static/chunks/node_modules_next_dist_compiled_react-server-dom-turbopack_164kp-6._.js:1100:25)
    at resolveConsoleEntry (http://localhost:3000/_next/static/chunks/node_modules_next_dist_compiled_react-server-dom-turbopack_164kp-6._.js:2069:96)
    at processFullStringRow (http://localhost:3000/_next/static/chunks/node_modules_next_dist_compiled_react-server-dom-turbopack_164kp-6._.js:2475:17)
    at processFullBinaryRow (http://localhost:3000/_next/static/chunks/node_modules_next_dist_compiled_react-server-dom-turbopack_164kp-6._.js:2415:9)
    at processBinaryChunk (http://localhost:3000/_next/static/chunks/node_modules_next_dist_compiled_react-server-dom-turbopack_164kp-6._.js:2524:221)
    at progress (http://localhost:3000/_next/static/chunks/node_modules_next_dist_compiled_react-server-dom-turbopack_164kp-6._.js:2698:20) @ http://localhost:3000/_next/static/chunks/node_modules_next_dist_1e8vcs8._.js:1052
[  247416ms] [ERROR] %c%s%c background: #e6e6e6;background: light-dark(rgba(0,0,0,0.1), rgba(255,255,255,0.25));color: #000000;color: light-dark(#000000, #ffffff);border-radius: 2px  Server   Error: MISSING_MESSAGE: Could not resolve `support.internationalOffice` in messages for locale `en`.
    at renderMatchMessage (about://React/Server/D:%5C%D0%BF%D1%80%D0%BE%D0%B5%D0%BA%D1%82%D1%8B%5CUnikchoose%5C.next%5Cdev%5Cserver%5Cchunks%5Cssr%5C%5Broot-of-the-server%5D__1622ik9._.js?65:822:12)
    at <anonymous> (about://React/Server/D:%5C%D0%BF%D1%80%D0%BE%D0%B5%D0%BA%D1%82%D1%8B%5CUnikchoose%5C.next%5Cdev%5Cserver%5Cchunks%5Cssr%5C%5Broot-of-the-server%5D__1622ik9._.js?66:1056:211)
    at Array.map (<anonymous>:1:18)
    at ProgrammeCard (about://React/Server/D:%5C%D0%BF%D1%80%D0%BE%D0%B5%D0%BA%D1%82%D1%8B%5CUnikchoose%5C.next%5Cdev%5Cserver%5Cchunks%5Cssr%5C%5Broot-of-the-server%5D__1622ik9._.js?67:1043:50)
    at resolveErrorDev (http://localhost:3000/_next/static/chunks/node_modules_next_dist_compiled_react-server-dom-turbopack_164kp-6._.js:1937:105)
    at getOutlinedModel (http://localhost:3000/_next/static/chunks/node_modules_next_dist_compiled_react-server-dom-turbopack_164kp-6._.js:1487:28)
    at parseModelString (http://localhost:3000/_next/static/chunks/node_modules_next_dist_compiled_react-server-dom-turbopack_164kp-6._.js:1602:50)
    at reviveModel (http://localhost:3000/_next/static/chunks/node_modules_next_dist_compiled_react-server-dom-turbopack_164kp-6._.js:2544:66)
    at parseModel (http://localhost:3000/_next/static/chunks/node_modules_next_dist_compiled_react-server-dom-turbopack_164kp-6._.js:2539:16)
    at initializeModelChunk (http://localhost:3000/_next/static/chunks/node_modules_next_dist_compiled_react-server-dom-turbopack_164kp-6._.js:1100:25)
    at getOutlinedModel (http://localhost:3000/_next/static/chunks/node_modules_next_dist_compiled_react-server-dom-turbopack_164kp-6._.js:1423:17)
    at parseModelString (http://localhost:3000/_next/static/chunks/node_modules_next_dist_compiled_react-server-dom-turbopack_164kp-6._.js:1657:50)
    at reviveModel (http://localhost:3000/_next/static/chunks/node_modules_next_dist_compiled_react-server-dom-turbopack_164kp-6._.js:2544:66)
    at reviveModel (http://localhost:3000/_next/static/chunks/node_modules_next_dist_compiled_react-server-dom-turbopack_164kp-6._.js:2547:61)
    at parseModel (http://localhost:3000/_next/static/chunks/node_modules_next_dist_compiled_react-server-dom-turbopack_164kp-6._.js:2539:16)
    at initializeModelChunk (http://localhost:3000/_next/static/chunks/node_modules_next_dist_compiled_react-server-dom-turbopack_164kp-6._.js:1100:25)
    at resolveConsoleEntry (http://localhost:3000/_next/static/chunks/node_modules_next_dist_compiled_react-server-dom-turbopack_164kp-6._.js:2069:96)
    at processFullStringRow (http://localhost:3000/_next/static/chunks/node_modules_next_dist_compiled_react-server-dom-turbopack_164kp-6._.js:2475:17)
    at processFullBinaryRow (http://localhost:3000/_next/static/chunks/node_modules_next_dist_compiled_react-server-dom-turbopack_164kp-6._.js:2415:9)
    at processBinaryChunk (http://localhost:3000/_next/static/chunks/node_modules_next_dist_compiled_react-server-dom-turbopack_164kp-6._.js:2524:221)
    at progress (http://localhost:3000/_next/static/chunks/node_modules_next_dist_compiled_react-server-dom-turbopack_164kp-6._.js:2698:20) @ http://localhost:3000/_next/static/chunks/node_modules_next_dist_1e8vcs8._.js:1052
[  247416ms] [ERROR] %c%s%c background: #e6e6e6;background: light-dark(rgba(0,0,0,0.1), rgba(255,255,255,0.25));color: #000000;color: light-dark(#000000, #ffffff);border-radius: 2px  Server   Error: MISSING_MESSAGE: Could not resolve `support.erasmus` in messages for locale `en`.
    at renderMatchMessage (about://React/Server/D:%5C%D0%BF%D1%80%D0%BE%D0%B5%D0%BA%D1%82%D1%8B%5CUnikchoose%5C.next%5Cdev%5Cserver%5Cchunks%5Cssr%5C%5Broot-of-the-server%5D__1622ik9._.js?65:822:12)
    at <anonymous> (about://React/Server/D:%5C%D0%BF%D1%80%D0%BE%D0%B5%D0%BA%D1%82%D1%8B%5CUnikchoose%5C.next%5Cdev%5Cserver%5Cchunks%5Cssr%5C%5Broot-of-the-server%5D__1622ik9._.js?66:1056:211)
    at Array.map (<anonymous>:1:18)
    at ProgrammeCard (about://React/Server/D:%5C%D0%BF%D1%80%D0%BE%D0%B5%D0%BA%D1%82%D1%8B%5CUnikchoose%5C.next%5Cdev%5Cserver%5Cchunks%5Cssr%5C%5Broot-of-the-server%5D__1622ik9._.js?67:1043:50)
    at resolveErrorDev (http://localhost:3000/_next/static/chunks/node_modules_next_dist_compiled_react-server-dom-turbopack_164kp-6._.js:1937:105)
    at getOutlinedModel (http://localhost:3000/_next/static/chunks/node_modules_next_dist_compiled_react-server-dom-turbopack_164kp-6._.js:1487:28)
    at parseModelString (http://localhost:3000/_next/static/chunks/node_modules_next_dist_compiled_react-server-dom-turbopack_164kp-6._.js:1602:50)
    at reviveModel (http://localhost:3000/_next/static/chunks/node_modules_next_dist_compiled_react-server-dom-turbopack_164kp-6._.js:2544:66)
    at parseModel (http://localhost:3000/_next/static/chunks/node_modules_next_dist_compiled_react-server-dom-turbopack_164kp-6._.js:2539:16)
    at initializeModelChunk (http://localhost:3000/_next/static/chunks/node_modules_next_dist_compiled_react-server-dom-turbopack_164kp-6._.js:1100:25)
    at getOutlinedModel (http://localhost:3000/_next/static/chunks/node_modules_next_dist_compiled_react-server-dom-turbopack_164kp-6._.js:1423:17)
    at parseModelString (http://localhost:3000/_next/static/chunks/node_modules_next_dist_compiled_react-server-dom-turbopack_164kp-6._.js:1657:50)
    at reviveModel (http://localhost:3000/_next/static/chunks/node_modules_next_dist_compiled_react-server-dom-turbopack_164kp-6._.js:2544:66)
    at reviveModel (http://localhost:3000/_next/static/chunks/node_modules_next_dist_compiled_react-server-dom-turbopack_164kp-6._.js:2547:61)
    at parseModel (http://localhost:3000/_next/static/chunks/node_modules_next_dist_compiled_react-server-dom-turbopack_164kp-6._.js:2539:16)
    at initializeModelChunk (http://localhost:3000/_next/static/chunks/node_modules_next_dist_compiled_react-server-dom-turbopack_164kp-6._.js:1100:25)
    at resolveConsoleEntry (http://localhost:3000/_next/static/chunks/node_modules_next_dist_compiled_react-server-dom-turbopack_164kp-6._.js:2069:96)
    at processFullStringRow (http://localhost:3000/_next/static/chunks/node_modules_next_dist_compiled_react-server-dom-turbopack_164kp-6._.js:2475:17)
    at processFullBinaryRow (http://localhost:3000/_next/static/chunks/node_modules_next_dist_compiled_react-server-dom-turbopack_164kp-6._.js:2415:9)
    at processBinaryChunk (http://localhost:3000/_next/static/chunks/node_modules_next_dist_compiled_react-server-dom-turbopack_164kp-6._.js:2524:221)
    at progress (http://localhost:3000/_next/static/chunks/node_modules_next_dist_compiled_react-server-dom-turbopack_164kp-6._.js:2698:20) @ http://localhost:3000/_next/static/chunks/node_modules_next_dist_1e8vcs8._.js:1052
[  247416ms] [ERROR] %c%s%c background: #e6e6e6;background: light-dark(rgba(0,0,0,0.1), rgba(255,255,255,0.25));color: #000000;color: light-dark(#000000, #ffffff);border-radius: 2px  Server   Error: MISSING_MESSAGE: Could not resolve `academic.entranceExamGeneric` in messages for locale `en`.
    at renderMatchMessage (about://React/Server/D:%5C%D0%BF%D1%80%D0%BE%D0%B5%D0%BA%D1%82%D1%8B%5CUnikchoose%5C.next%5Cdev%5Cserver%5Cchunks%5Cssr%5C%5Broot-of-the-server%5D__1622ik9._.js?65:822:12)
    at ProgrammeCard (about://React/Server/D:%5C%D0%BF%D1%80%D0%BE%D0%B5%D0%BA%D1%82%D1%8B%5CUnikchoose%5C.next%5Cdev%5Cserver%5Cchunks%5Cssr%5C%5Broot-of-the-server%5D__1622ik9._.js?70:1102:203)
    at resolveErrorDev (http://localhost:3000/_next/static/chunks/node_modules_next_dist_compiled_react-server-dom-turbopack_164kp-6._.js:1937:105)
    at getOutlinedModel (http://localhost:3000/_next/static/chunks/node_modules_next_dist_compiled_react-server-dom-turbopack_164kp-6._.js:1487:28)
    at parseModelString (http://localhost:3000/_next/static/chunks/node_modules_next_dist_compiled_react-server-dom-turbopack_164kp-6._.js:1602:50)
    at reviveModel (http://localhost:3000/_next/static/chunks/node_modules_next_dist_compiled_react-server-dom-turbopack_164kp-6._.js:2544:66)
    at parseModel (http://localhost:3000/_next/static/chunks/node_modules_next_dist_compiled_react-server-dom-turbopack_164kp-6._.js:2539:16)
    at initializeModelChunk (http://localhost:3000/_next/static/chunks/node_modules_next_dist_compiled_react-server-dom-turbopack_164kp-6._.js:1100:25)
    at getOutlinedModel (http://localhost:3000/_next/static/chunks/node_modules_next_dist_compiled_react-server-dom-turbopack_164kp-6._.js:1423:17)
    at parseModelString (http://localhost:3000/_next/static/chunks/node_modules_next_dist_compiled_react-server-dom-turbopack_164kp-6._.js:1657:50)
    at reviveModel (http://localhost:3000/_next/static/chunks/node_modules_next_dist_compiled_react-server-dom-turbopack_164kp-6._.js:2544:66)
    at reviveModel (http://localhost:3000/_next/static/chunks/node_modules_next_dist_compiled_react-server-dom-turbopack_164kp-6._.js:2547:61)
    at parseModel (http://localhost:3000/_next/static/chunks/node_modules_next_dist_compiled_react-server-dom-turbopack_164kp-6._.js:2539:16)
    at initializeModelChunk (http://localhost:3000/_next/static/chunks/node_modules_next_dist_compiled_react-server-dom-turbopack_164kp-6._.js:1100:25)
    at resolveConsoleEntry (http://localhost:3000/_next/static/chunks/node_modules_next_dist_compiled_react-server-dom-turbopack_164kp-6._.js:2069:96)
    at processFullStringRow (http://localhost:3000/_next/static/chunks/node_modules_next_dist_compiled_react-server-dom-turbopack_164kp-6._.js:2475:17)
    at processFullBinaryRow (http://localhost:3000/_next/static/chunks/node_modules_next_dist_compiled_react-server-dom-turbopack_164kp-6._.js:2415:9)
    at processBinaryChunk (http://localhost:3000/_next/static/chunks/node_modules_next_dist_compiled_react-server-dom-turbopack_164kp-6._.js:2524:221)
    at progress (http://localhost:3000/_next/static/chunks/node_modules_next_dist_compiled_react-server-dom-turbopack_164kp-6._.js:2698:20) @ http://localhost:3000/_next/static/chunks/node_modules_next_dist_1e8vcs8._.js:1052
[  247417ms] [ERROR] %c%s%c background: #e6e6e6;background: light-dark(rgba(0,0,0,0.1), rgba(255,255,255,0.25));color: #000000;color: light-dark(#000000, #ffffff);border-radius: 2px  Server   Error: MISSING_MESSAGE: Could not resolve `budget.missingBudget` in messages for locale `en`.
    at renderMatchMessage (about://React/Server/D:%5C%D0%BF%D1%80%D0%BE%D0%B5%D0%BA%D1%82%D1%8B%5CUnikchoose%5C.next%5Cdev%5Cserver%5Cchunks%5Cssr%5C%5Broot-of-the-server%5D__1622ik9._.js?65:822:12)
    at <anonymous> (about://React/Server/D:%5C%D0%BF%D1%80%D0%BE%D0%B5%D0%BA%D1%82%D1%8B%5CUnikchoose%5C.next%5Cdev%5Cserver%5Cchunks%5Cssr%5C%5Broot-of-the-server%5D__1622ik9._.js?71:1378:227)
    at Array.map (<anonymous>:1:18)
    at ProgrammeCard (about://React/Server/D:%5C%D0%BF%D1%80%D0%BE%D0%B5%D0%BA%D1%82%D1%8B%5CUnikchoose%5C.next%5Cdev%5Cserver%5Cchunks%5Cssr%5C%5Broot-of-the-server%5D__1622ik9._.js?72:1365:64)
    at resolveErrorDev (http://localhost:3000/_next/static/chunks/node_modules_next_dist_compiled_react-server-dom-turbopack_164kp-6._.js:1937:105)
    at getOutlinedModel (http://localhost:3000/_next/static/chunks/node_modules_next_dist_compiled_react-server-dom-turbopack_164kp-6._.js:1487:28)
    at parseModelString (http://localhost:3000/_next/static/chunks/node_modules_next_dist_compiled_react-server-dom-turbopack_164kp-6._.js:1602:50)
    at reviveModel (http://localhost:3000/_next/static/chunks/node_modules_next_dist_compiled_react-server-dom-turbopack_164kp-6._.js:2544:66)
    at parseModel (http://localhost:3000/_next/static/chunks/node_modules_next_dist_compiled_react-server-dom-turbopack_164kp-6._.js:2539:16)
    at initializeModelChunk (http://localhost:3000/_next/static/chunks/node_modules_next_dist_compiled_react-server-dom-turbopack_164kp-6._.js:1100:25)
    at getOutlinedModel (http://localhost:3000/_next/static/chunks/node_modules_next_dist_compiled_react-server-dom-turbopack_164kp-6._.js:1423:17)
    at parseModelString (http://localhost:3000/_next/static/chunks/node_modules_next_dist_compiled_react-server-dom-turbopack_164kp-6._.js:1657:50)
    at reviveModel (http://localhost:3000/_next/static/chunks/node_modules_next_dist_compiled_react-server-dom-turbopack_164kp-6._.js:2544:66)
    at reviveModel (http://localhost:3000/_next/static/chunks/node_modules_next_dist_compiled_react-server-dom-turbopack_164kp-6._.js:2547:61)
    at parseModel (http://localhost:3000/_next/static/chunks/node_modules_next_dist_compiled_react-server-dom-turbopack_164kp-6._.js:2539:16)
    at initializeModelChunk (http://localhost:3000/_next/static/chunks/node_modules_next_dist_compiled_react-server-dom-turbopack_164kp-6._.js:1100:25)
    at resolveConsoleEntry (http://localhost:3000/_next/static/chunks/node_modules_next_dist_compiled_react-server-dom-turbopack_164kp-6._.js:2069:96)
    at processFullStringRow (http://localhost:3000/_next/static/chunks/node_modules_next_dist_compiled_react-server-dom-turbopack_164kp-6._.js:2475:17)
    at processFullBinaryRow (http://localhost:3000/_next/static/chunks/node_modules_next_dist_compiled_react-server-dom-turbopack_164kp-6._.js:2415:9)
    at processBinaryChunk (http://localhost:3000/_next/static/chunks/node_modules_next_dist_compiled_react-server-dom-turbopack_164kp-6._.js:2524:221)
    at progress (http://localhost:3000/_next/static/chunks/node_modules_next_dist_compiled_react-server-dom-turbopack_164kp-6._.js:2698:20) @ http://localhost:3000/_next/static/chunks/node_modules_next_dist_1e8vcs8._.js:1052
[  247417ms] [ERROR] %c%s%c background: #e6e6e6;background: light-dark(rgba(0,0,0,0.1), rgba(255,255,255,0.25));color: #000000;color: light-dark(#000000, #ffffff);border-radius: 2px  Server   Error: MISSING_MESSAGE: Could not resolve `location.missingLocationPreference` in messages for locale `en`.
    at renderMatchMessage (about://React/Server/D:%5C%D0%BF%D1%80%D0%BE%D0%B5%D0%BA%D1%82%D1%8B%5CUnikchoose%5C.next%5Cdev%5Cserver%5Cchunks%5Cssr%5C%5Broot-of-the-server%5D__1622ik9._.js?65:822:12)
    at <anonymous> (about://React/Server/D:%5C%D0%BF%D1%80%D0%BE%D0%B5%D0%BA%D1%82%D1%8B%5CUnikchoose%5C.next%5Cdev%5Cserver%5Cchunks%5Cssr%5C%5Broot-of-the-server%5D__1622ik9._.js?71:1378:227)
    at Array.map (<anonymous>:1:18)
    at ProgrammeCard (about://React/Server/D:%5C%D0%BF%D1%80%D0%BE%D0%B5%D0%BA%D1%82%D1%8B%5CUnikchoose%5C.next%5Cdev%5Cserver%5Cchunks%5Cssr%5C%5Broot-of-the-server%5D__1622ik9._.js?72:1365:64)
    at resolveErrorDev (http://localhost:3000/_next/static/chunks/node_modules_next_dist_compiled_react-server-dom-turbopack_164kp-6._.js:1937:105)
    at getOutlinedModel (http://localhost:3000/_next/static/chunks/node_modules_next_dist_compiled_react-server-dom-turbopack_164kp-6._.js:1487:28)
    at parseModelString (http://localhost:3000/_next/static/chunks/node_modules_next_dist_compiled_react-server-dom-turbopack_164kp-6._.js:1602:50)
    at reviveModel (http://localhost:3000/_next/static/chunks/node_modules_next_dist_compiled_react-server-dom-turbopack_164kp-6._.js:2544:66)
    at parseModel (http://localhost:3000/_next/static/chunks/node_modules_next_dist_compiled_react-server-dom-turbopack_164kp-6._.js:2539:16)
    at initializeModelChunk (http://localhost:3000/_next/static/chunks/node_modules_next_dist_compiled_react-server-dom-turbopack_164kp-6._.js:1100:25)
    at getOutlinedModel (http://localhost:3000/_next/static/chunks/node_modules_next_dist_compiled_react-server-dom-turbopack_164kp-6._.js:1423:17)
    at parseModelString (http://localhost:3000/_next/static/chunks/node_modules_next_dist_compiled_react-server-dom-turbopack_164kp-6._.js:1657:50)
    at reviveModel (http://localhost:3000/_next/static/chunks/node_modules_next_dist_compiled_react-server-dom-turbopack_164kp-6._.js:2544:66)
    at reviveModel (http://localhost:3000/_next/static/chunks/node_modules_next_dist_compiled_react-server-dom-turbopack_164kp-6._.js:2547:61)
    at parseModel (http://localhost:3000/_next/static/chunks/node_modules_next_dist_compiled_react-server-dom-turbopack_164kp-6._.js:2539:16)
    at initializeModelChunk (http://localhost:3000/_next/static/chunks/node_modules_next_dist_compiled_react-server-dom-turbopack_164kp-6._.js:1100:25)
    at resolveConsoleEntry (http://localhost:3000/_next/static/chunks/node_modules_next_dist_compiled_react-server-dom-turbopack_164kp-6._.js:2069:96)
    at processFullStringRow (http://localhost:3000/_next/static/chunks/node_modules_next_dist_compiled_react-server-dom-turbopack_164kp-6._.js:2475:17)
    at processFullBinaryRow (http://localhost:3000/_next/static/chunks/node_modules_next_dist_compiled_react-server-dom-turbopack_164kp-6._.js:2415:9)
    at processBinaryChunk (http://localhost:3000/_next/static/chunks/node_modules_next_dist_compiled_react-server-dom-turbopack_164kp-6._.js:2524:221)
    at progress (http://localhost:3000/_next/static/chunks/node_modules_next_dist_compiled_react-server-dom-turbopack_164kp-6._.js:2698:20) @ http://localhost:3000/_next/static/chunks/node_modules_next_dist_1e8vcs8._.js:1052
[  247417ms] [ERROR] %c%s%c background: #e6e6e6;background: light-dark(rgba(0,0,0,0.1), rgba(255,255,255,0.25));color: #000000;color: light-dark(#000000, #ffffff);border-radius: 2px  Server   Error: MISSING_MESSAGE: Could not resolve `admission.entranceExamRequired` in messages for locale `en`.
    at renderMatchMessage (about://React/Server/D:%5C%D0%BF%D1%80%D0%BE%D0%B5%D0%BA%D1%82%D1%8B%5CUnikchoose%5C.next%5Cdev%5Cserver%5Cchunks%5Cssr%5C%5Broot-of-the-server%5D__1622ik9._.js?65:822:12)
    at <anonymous> (about://React/Server/D:%5C%D0%BF%D1%80%D0%BE%D0%B5%D0%BA%D1%82%D1%8B%5CUnikchoose%5C.next%5Cdev%5Cserver%5Cchunks%5Cssr%5C%5Broot-of-the-server%5D__1622ik9._.js?71:1378:227)
    at Array.map (<anonymous>:1:18)
    at ProgrammeCard (about://React/Server/D:%5C%D0%BF%D1%80%D0%BE%D0%B5%D0%BA%D1%82%D1%8B%5CUnikchoose%5C.next%5Cdev%5Cserver%5Cchunks%5Cssr%5C%5Broot-of-the-server%5D__1622ik9._.js?72:1365:64)
    at resolveErrorDev (http://localhost:3000/_next/static/chunks/node_modules_next_dist_compiled_react-server-dom-turbopack_164kp-6._.js:1937:105)
    at getOutlinedModel (http://localhost:3000/_next/static/chunks/node_modules_next_dist_compiled_react-server-dom-turbopack_164kp-6._.js:1487:28)
    at parseModelString (http://localhost:3000/_next/static/chunks/node_modules_next_dist_compiled_react-server-dom-turbopack_164kp-6._.js:1602:50)
    at reviveModel (http://localhost:3000/_next/static/chunks/node_modules_next_dist_compiled_react-server-dom-turbopack_164kp-6._.js:2544:66)
    at parseModel (http://localhost:3000/_next/static/chunks/node_modules_next_dist_compiled_react-server-dom-turbopack_164kp-6._.js:2539:16)
    at initializeModelChunk (http://localhost:3000/_next/static/chunks/node_modules_next_dist_compiled_react-server-dom-turbopack_164kp-6._.js:1100:25)
    at getOutlinedModel (http://localhost:3000/_next/static/chunks/node_modules_next_dist_compiled_react-server-dom-turbopack_164kp-6._.js:1423:17)
    at parseModelString (http://localhost:3000/_next/static/chunks/node_modules_next_dist_compiled_react-server-dom-turbopack_164kp-6._.js:1657:50)
    at reviveModel (http://localhost:3000/_next/static/chunks/node_modules_next_dist_compiled_react-server-dom-turbopack_164kp-6._.js:2544:66)
    at reviveModel (http://localhost:3000/_next/static/chunks/node_modules_next_dist_compiled_react-server-dom-turbopack_164kp-6._.js:2547:61)
    at parseModel (http://localhost:3000/_next/static/chunks/node_modules_next_dist_compiled_react-server-dom-turbopack_164kp-6._.js:2539:16)
    at initializeModelChunk (http://localhost:3000/_next/static/chunks/node_modules_next_dist_compiled_react-server-dom-turbopack_164kp-6._.js:1100:25)
    at resolveConsoleEntry (http://localhost:3000/_next/static/chunks/node_modules_next_dist_compiled_react-server-dom-turbopack_164kp-6._.js:2069:96)
    at processFullStringRow (http://localhost:3000/_next/static/chunks/node_modules_next_dist_compiled_react-server-dom-turbopack_164kp-6._.js:2475:17)
    at processFullBinaryRow (http://localhost:3000/_next/static/chunks/node_modules_next_dist_compiled_react-server-dom-turbopack_164kp-6._.js:2415:9)
    at processBinaryChunk (http://localhost:3000/_next/static/chunks/node_modules_next_dist_compiled_react-server-dom-turbopack_164kp-6._.js:2524:221)
    at progress (http://localhost:3000/_next/static/chunks/node_modules_next_dist_compiled_react-server-dom-turbopack_164kp-6._.js:2698:20) @ http://localhost:3000/_next/static/chunks/node_modules_next_dist_1e8vcs8._.js:1052
[  247417ms] [ERROR] %c%s%c background: #e6e6e6;background: light-dark(rgba(0,0,0,0.1), rgba(255,255,255,0.25));color: #000000;color: light-dark(#000000, #ffffff);border-radius: 2px  Server   Error: MISSING_MESSAGE: Could not resolve `career.missingData` in messages for locale `en`.
    at renderMatchMessage (about://React/Server/D:%5C%D0%BF%D1%80%D0%BE%D0%B5%D0%BA%D1%82%D1%8B%5CUnikchoose%5C.next%5Cdev%5Cserver%5Cchunks%5Cssr%5C%5Broot-of-the-server%5D__1622ik9._.js?65:822:12)
    at <anonymous> (about://React/Server/D:%5C%D0%BF%D1%80%D0%BE%D0%B5%D0%BA%D1%82%D1%8B%5CUnikchoose%5C.next%5Cdev%5Cserver%5Cchunks%5Cssr%5C%5Broot-of-the-server%5D__1622ik9._.js?71:1378:227)
    at Array.map (<anonymous>:1:18)
    at ProgrammeCard (about://React/Server/D:%5C%D0%BF%D1%80%D0%BE%D0%B5%D0%BA%D1%82%D1%8B%5CUnikchoose%5C.next%5Cdev%5Cserver%5Cchunks%5Cssr%5C%5Broot-of-the-server%5D__1622ik9._.js?72:1365:64)
    at resolveErrorDev (http://localhost:3000/_next/static/chunks/node_modules_next_dist_compiled_react-server-dom-turbopack_164kp-6._.js:1937:105)
    at getOutlinedModel (http://localhost:3000/_next/static/chunks/node_modules_next_dist_compiled_react-server-dom-turbopack_164kp-6._.js:1487:28)
    at parseModelString (http://localhost:3000/_next/static/chunks/node_modules_next_dist_compiled_react-server-dom-turbopack_164kp-6._.js:1602:50)
    at reviveModel (http://localhost:3000/_next/static/chunks/node_modules_next_dist_compiled_react-server-dom-turbopack_164kp-6._.js:2544:66)
    at parseModel (http://localhost:3000/_next/static/chunks/node_modules_next_dist_compiled_react-server-dom-turbopack_164kp-6._.js:2539:16)
    at initializeModelChunk (http://localhost:3000/_next/static/chunks/node_modules_next_dist_compiled_react-server-dom-turbopack_164kp-6._.js:1100:25)
    at getOutlinedModel (http://localhost:3000/_next/static/chunks/node_modules_next_dist_compiled_react-server-dom-turbopack_164kp-6._.js:1423:17)
    at parseModelString (http://localhost:3000/_next/static/chunks/node_modules_next_dist_compiled_react-server-dom-turbopack_164kp-6._.js:1657:50)
    at reviveModel (http://localhost:3000/_next/static/chunks/node_modules_next_dist_compiled_react-server-dom-turbopack_164kp-6._.js:2544:66)
    at reviveModel (http://localhost:3000/_next/static/chunks/node_modules_next_dist_compiled_react-server-dom-turbopack_164kp-6._.js:2547:61)
    at parseModel (http://localhost:3000/_next/static/chunks/node_modules_next_dist_compiled_react-server-dom-turbopack_164kp-6._.js:2539:16)
    at initializeModelChunk (http://localhost:3000/_next/static/chunks/node_modules_next_dist_compiled_react-server-dom-turbopack_164kp-6._.js:1100:25)
    at resolveConsoleEntry (http://localhost:3000/_next/static/chunks/node_modules_next_dist_compiled_react-server-dom-turbopack_164kp-6._.js:2069:96)
    at processFullStringRow (http://localhost:3000/_next/static/chunks/node_modules_next_dist_compiled_react-server-dom-turbopack_164kp-6._.js:2475:17)
    at processFullBinaryRow (http://localhost:3000/_next/static/chunks/node_modules_next_dist_compiled_react-server-dom-turbopack_164kp-6._.js:2415:9)
    at processBinaryChunk (http://localhost:3000/_next/static/chunks/node_modules_next_dist_compiled_react-server-dom-turbopack_164kp-6._.js:2524:221)
    at progress (http://localhost:3000/_next/static/chunks/node_modules_next_dist_compiled_react-server-dom-turbopack_164kp-6._.js:2698:20) @ http://localhost:3000/_next/static/chunks/node_modules_next_dist_1e8vcs8._.js:1052
[  247417ms] [ERROR] %c%s%c background: #e6e6e6;background: light-dark(rgba(0,0,0,0.1), rgba(255,255,255,0.25));color: #000000;color: light-dark(#000000, #ffffff);border-radius: 2px  Server   Error: MISSING_MESSAGE: Could not resolve `format.missingPreference` in messages for locale `en`.
    at renderMatchMessage (about://React/Server/D:%5C%D0%BF%D1%80%D0%BE%D0%B5%D0%BA%D1%82%D1%8B%5CUnikchoose%5C.next%5Cdev%5Cserver%5Cchunks%5Cssr%5C%5Broot-of-the-server%5D__1622ik9._.js?65:822:12)
    at <anonymous> (about://React/Server/D:%5C%D0%BF%D1%80%D0%BE%D0%B5%D0%BA%D1%82%D1%8B%5CUnikchoose%5C.next%5Cdev%5Cserver%5Cchunks%5Cssr%5C%5Broot-of-the-server%5D__1622ik9._.js?71:1378:227)
    at Array.map (<anonymous>:1:18)
    at ProgrammeCard (about://React/Server/D:%5C%D0%BF%D1%80%D0%BE%D0%B5%D0%BA%D1%82%D1%8B%5CUnikchoose%5C.next%5Cdev%5Cserver%5Cchunks%5Cssr%5C%5Broot-of-the-server%5D__1622ik9._.js?72:1365:64)
    at resolveErrorDev (http://localhost:3000/_next/static/chunks/node_modules_next_dist_compiled_react-server-dom-turbopack_164kp-6._.js:1937:105)
    at getOutlinedModel (http://localhost:3000/_next/static/chunks/node_modules_next_dist_compiled_react-server-dom-turbopack_164kp-6._.js:1487:28)
    at parseModelString (http://localhost:3000/_next/static/chunks/node_modules_next_dist_compiled_react-server-dom-turbopack_164kp-6._.js:1602:50)
    at reviveModel (http://localhost:3000/_next/static/chunks/node_modules_next_dist_compiled_react-server-dom-turbopack_164kp-6._.js:2544:66)
    at parseModel (http://localhost:3000/_next/static/chunks/node_modules_next_dist_compiled_react-server-dom-turbopack_164kp-6._.js:2539:16)
    at initializeModelChunk (http://localhost:3000/_next/static/chunks/node_modules_next_dist_compiled_react-server-dom-turbopack_164kp-6._.js:1100:25)
    at getOutlinedModel (http://localhost:3000/_next/static/chunks/node_modules_next_dist_compiled_react-server-dom-turbopack_164kp-6._.js:1423:17)
    at parseModelString (http://localhost:3000/_next/static/chunks/node_modules_next_dist_compiled_react-server-dom-turbopack_164kp-6._.js:1657:50)
    at reviveModel (http://localhost:3000/_next/static/chunks/node_modules_next_dist_compiled_react-server-dom-turbopack_164kp-6._.js:2544:66)
    at reviveModel (http://localhost:3000/_next/static/chunks/node_modules_next_dist_compiled_react-server-dom-turbopack_164kp-6._.js:2547:61)
    at parseModel (http://localhost:3000/_next/static/chunks/node_modules_next_dist_compiled_react-server-dom-turbopack_164kp-6._.js:2539:16)
    at initializeModelChunk (http://localhost:3000/_next/static/chunks/node_modules_next_dist_compiled_react-server-dom-turbopack_164kp-6._.js:1100:25)
    at resolveConsoleEntry (http://localhost:3000/_next/static/chunks/node_modules_next_dist_compiled_react-server-dom-turbopack_164kp-6._.js:2069:96)
    at processFullStringRow (http://localhost:3000/_next/static/chunks/node_modules_next_dist_compiled_react-server-dom-turbopack_164kp-6._.js:2475:17)
    at processFullBinaryRow (http://localhost:3000/_next/static/chunks/node_modules_next_dist_compiled_react-server-dom-turbopack_164kp-6._.js:2415:9)
    at processBinaryChunk (http://localhost:3000/_next/static/chunks/node_modules_next_dist_compiled_react-server-dom-turbopack_164kp-6._.js:2524:221)
    at progress (http://localhost:3000/_next/static/chunks/node_modules_next_dist_compiled_react-server-dom-turbopack_164kp-6._.js:2698:20) @ http://localhost:3000/_next/static/chunks/node_modules_next_dist_1e8vcs8._.js:1052
[  247417ms] [ERROR] %c%s%c background: #e6e6e6;background: light-dark(rgba(0,0,0,0.1), rgba(255,255,255,0.25));color: #000000;color: light-dark(#000000, #ffffff);border-radius: 2px  Server   Error: MISSING_MESSAGE: Could not resolve `lifestyle.missingData` in messages for locale `en`.
    at renderMatchMessage (about://React/Server/D:%5C%D0%BF%D1%80%D0%BE%D0%B5%D0%BA%D1%82%D1%8B%5CUnikchoose%5C.next%5Cdev%5Cserver%5Cchunks%5Cssr%5C%5Broot-of-the-server%5D__1622ik9._.js?65:822:12)
    at <anonymous> (about://React/Server/D:%5C%D0%BF%D1%80%D0%BE%D0%B5%D0%BA%D1%82%D1%8B%5CUnikchoose%5C.next%5Cdev%5Cserver%5Cchunks%5Cssr%5C%5Broot-of-the-server%5D__1622ik9._.js?71:1378:227)
    at Array.map (<anonymous>:1:18)
    at ProgrammeCard (about://React/Server/D:%5C%D0%BF%D1%80%D0%BE%D0%B5%D0%BA%D1%82%D1%8B%5CUnikchoose%5C.next%5Cdev%5Cserver%5Cchunks%5Cssr%5C%5Broot-of-the-server%5D__1622ik9._.js?72:1365:64)
    at resolveErrorDev (http://localhost:3000/_next/static/chunks/node_modules_next_dist_compiled_react-server-dom-turbopack_164kp-6._.js:1937:105)
    at getOutlinedModel (http://localhost:3000/_next/static/chunks/node_modules_next_dist_compiled_react-server-dom-turbopack_164kp-6._.js:1487:28)
    at parseModelString (http://localhost:3000/_next/static/chunks/node_modules_next_dist_compiled_react-server-dom-turbopack_164kp-6._.js:1602:50)
    at reviveModel (http://localhost:3000/_next/static/chunks/node_modules_next_dist_compiled_react-server-dom-turbopack_164kp-6._.js:2544:66)
    at parseModel (http://localhost:3000/_next/static/chunks/node_modules_next_dist_compiled_react-server-dom-turbopack_164kp-6._.js:2539:16)
    at initializeModelChunk (http://localhost:3000/_next/static/chunks/node_modules_next_dist_compiled_react-server-dom-turbopack_164kp-6._.js:1100:25)
    at getOutlinedModel (http://localhost:3000/_next/static/chunks/node_modules_next_dist_compiled_react-server-dom-turbopack_164kp-6._.js:1423:17)
    at parseModelString (http://localhost:3000/_next/static/chunks/node_modules_next_dist_compiled_react-server-dom-turbopack_164kp-6._.js:1657:50)
    at reviveModel (http://localhost:3000/_next/static/chunks/node_modules_next_dist_compiled_react-server-dom-turbopack_164kp-6._.js:2544:66)
    at reviveModel (http://localhost:3000/_next/static/chunks/node_modules_next_dist_compiled_react-server-dom-turbopack_164kp-6._.js:2547:61)
    at parseModel (http://localhost:3000/_next/static/chunks/node_modules_next_dist_compiled_react-server-dom-turbopack_164kp-6._.js:2539:16)
    at initializeModelChunk (http://localhost:3000/_next/static/chunks/node_modules_next_dist_compiled_react-server-dom-turbopack_164kp-6._.js:1100:25)
    at resolveConsoleEntry (http://localhost:3000/_next/static/chunks/node_modules_next_dist_compiled_react-server-dom-turbopack_164kp-6._.js:2069:96)
    at processFullStringRow (http://localhost:3000/_next/static/chunks/node_modules_next_dist_compiled_react-server-dom-turbopack_164kp-6._.js:2475:17)
    at processFullBinaryRow (http://localhost:3000/_next/static/chunks/node_modules_next_dist_compiled_react-server-dom-turbopack_164kp-6._.js:2415:9)
    at processBinaryChunk (http://localhost:3000/_next/static/chunks/node_modules_next_dist_compiled_react-server-dom-turbopack_164kp-6._.js:2524:221)
    at progress (http://localhost:3000/_next/static/chunks/node_modules_next_dist_compiled_react-server-dom-turbopack_164kp-6._.js:2698:20) @ http://localhost:3000/_next/static/chunks/node_modules_next_dist_1e8vcs8._.js:1052
[  247417ms] [ERROR] %c%s%c background: #e6e6e6;background: light-dark(rgba(0,0,0,0.1), rgba(255,255,255,0.25));color: #000000;color: light-dark(#000000, #ffffff);border-radius: 2px  Server   Error: MISSING_MESSAGE: Could not resolve `language.matchesPreferredLanguage` in messages for locale `en`.
    at renderMatchMessage (about://React/Server/D:%5C%D0%BF%D1%80%D0%BE%D0%B5%D0%BA%D1%82%D1%8B%5CUnikchoose%5C.next%5Cdev%5Cserver%5Cchunks%5Cssr%5C%5Broot-of-the-server%5D__1622ik9._.js?65:822:12)
    at <anonymous> (about://React/Server/D:%5C%D0%BF%D1%80%D0%BE%D0%B5%D0%BA%D1%82%D1%8B%5CUnikchoose%5C.next%5Cdev%5Cserver%5Cchunks%5Cssr%5C%5Broot-of-the-server%5D__1622ik9._.js?66:1056:211)
    at Array.map (<anonymous>:1:18)
    at ProgrammeCard (about://React/Server/D:%5C%D0%BF%D1%80%D0%BE%D0%B5%D0%BA%D1%82%D1%8B%5CUnikchoose%5C.next%5Cdev%5Cserver%5Cchunks%5Cssr%5C%5Broot-of-the-server%5D__1622ik9._.js?67:1043:50)
    at resolveErrorDev (http://localhost:3000/_next/static/chunks/node_modules_next_dist_compiled_react-server-dom-turbopack_164kp-6._.js:1937:105)
    at getOutlinedModel (http://localhost:3000/_next/static/chunks/node_modules_next_dist_compiled_react-server-dom-turbopack_164kp-6._.js:1487:28)
    at parseModelString (http://localhost:3000/_next/static/chunks/node_modules_next_dist_compiled_react-server-dom-turbopack_164kp-6._.js:1602:50)
    at reviveModel (http://localhost:3000/_next/static/chunks/node_modules_next_dist_compiled_react-server-dom-turbopack_164kp-6._.js:2544:66)
    at parseModel (http://localhost:3000/_next/static/chunks/node_modules_next_dist_compiled_react-server-dom-turbopack_164kp-6._.js:2539:16)
    at initializeModelChunk (http://localhost:3000/_next/static/chunks/node_modules_next_dist_compiled_react-server-dom-turbopack_164kp-6._.js:1100:25)
    at getOutlinedModel (http://localhost:3000/_next/static/chunks/node_modules_next_dist_compiled_react-server-dom-turbopack_164kp-6._.js:1423:17)
    at parseModelString (http://localhost:3000/_next/static/chunks/node_modules_next_dist_compiled_react-server-dom-turbopack_164kp-6._.js:1657:50)
    at reviveModel (http://localhost:3000/_next/static/chunks/node_modules_next_dist_compiled_react-server-dom-turbopack_164kp-6._.js:2544:66)
    at reviveModel (http://localhost:3000/_next/static/chunks/node_modules_next_dist_compiled_react-server-dom-turbopack_164kp-6._.js:2547:61)
    at parseModel (http://localhost:3000/_next/static/chunks/node_modules_next_dist_compiled_react-server-dom-turbopack_164kp-6._.js:2539:16)
    at initializeModelChunk (http://localhost:3000/_next/static/chunks/node_modules_next_dist_compiled_react-server-dom-turbopack_164kp-6._.js:1100:25)
    at resolveConsoleEntry (http://localhost:3000/_next/static/chunks/node_modules_next_dist_compiled_react-server-dom-turbopack_164kp-6._.js:2069:96)
    at processFullStringRow (http://localhost:3000/_next/static/chunks/node_modules_next_dist_compiled_react-server-dom-turbopack_164kp-6._.js:2475:17)
    at processFullBinaryRow (http://localhost:3000/_next/static/chunks/node_modules_next_dist_compiled_react-server-dom-turbopack_164kp-6._.js:2415:9)
    at processBinaryChunk (http://localhost:3000/_next/static/chunks/node_modules_next_dist_compiled_react-server-dom-turbopack_164kp-6._.js:2524:221)
    at progress (http://localhost:3000/_next/static/chunks/node_modules_next_dist_compiled_react-server-dom-turbopack_164kp-6._.js:2698:20) @ http://localhost:3000/_next/static/chunks/node_modules_next_dist_1e8vcs8._.js:1052
[  247417ms] [ERROR] %c%s%c background: #e6e6e6;background: light-dark(rgba(0,0,0,0.1), rgba(255,255,255,0.25));color: #000000;color: light-dark(#000000, #ffffff);border-radius: 2px  Server   Error: MISSING_MESSAGE: Could not resolve `support.internationalOffice` in messages for locale `en`.
    at renderMatchMessage (about://React/Server/D:%5C%D0%BF%D1%80%D0%BE%D0%B5%D0%BA%D1%82%D1%8B%5CUnikchoose%5C.next%5Cdev%5Cserver%5Cchunks%5Cssr%5C%5Broot-of-the-server%5D__1622ik9._.js?65:822:12)
    at <anonymous> (about://React/Server/D:%5C%D0%BF%D1%80%D0%BE%D0%B5%D0%BA%D1%82%D1%8B%5CUnikchoose%5C.next%5Cdev%5Cserver%5Cchunks%5Cssr%5C%5Broot-of-the-server%5D__1622ik9._.js?66:1056:211)
    at Array.map (<anonymous>:1:18)
    at ProgrammeCard (about://React/Server/D:%5C%D0%BF%D1%80%D0%BE%D0%B5%D0%BA%D1%82%D1%8B%5CUnikchoose%5C.next%5Cdev%5Cserver%5Cchunks%5Cssr%5C%5Broot-of-the-server%5D__1622ik9._.js?67:1043:50)
    at resolveErrorDev (http://localhost:3000/_next/static/chunks/node_modules_next_dist_compiled_react-server-dom-turbopack_164kp-6._.js:1937:105)
    at getOutlinedModel (http://localhost:3000/_next/static/chunks/node_modules_next_dist_compiled_react-server-dom-turbopack_164kp-6._.js:1487:28)
    at parseModelString (http://localhost:3000/_next/static/chunks/node_modules_next_dist_compiled_react-server-dom-turbopack_164kp-6._.js:1602:50)
    at reviveModel (http://localhost:3000/_next/static/chunks/node_modules_next_dist_compiled_react-server-dom-turbopack_164kp-6._.js:2544:66)
    at parseModel (http://localhost:3000/_next/static/chunks/node_modules_next_dist_compiled_react-server-dom-turbopack_164kp-6._.js:2539:16)
    at initializeModelChunk (http://localhost:3000/_next/static/chunks/node_modules_next_dist_compiled_react-server-dom-turbopack_164kp-6._.js:1100:25)
    at getOutlinedModel (http://localhost:3000/_next/static/chunks/node_modules_next_dist_compiled_react-server-dom-turbopack_164kp-6._.js:1423:17)
    at parseModelString (http://localhost:3000/_next/static/chunks/node_modules_next_dist_compiled_react-server-dom-turbopack_164kp-6._.js:1657:50)
    at reviveModel (http://localhost:3000/_next/static/chunks/node_modules_next_dist_compiled_react-server-dom-turbopack_164kp-6._.js:2544:66)
    at reviveModel (http://localhost:3000/_next/static/chunks/node_modules_next_dist_compiled_react-server-dom-turbopack_164kp-6._.js:2547:61)
    at parseModel (http://localhost:3000/_next/static/chunks/node_modules_next_dist_compiled_react-server-dom-turbopack_164kp-6._.js:2539:16)
    at initializeModelChunk (http://localhost:3000/_next/static/chunks/node_modules_next_dist_compiled_react-server-dom-turbopack_164kp-6._.js:1100:25)
    at resolveConsoleEntry (http://localhost:3000/_next/static/chunks/node_modules_next_dist_compiled_react-server-dom-turbopack_164kp-6._.js:2069:96)
    at processFullStringRow (http://localhost:3000/_next/static/chunks/node_modules_next_dist_compiled_react-server-dom-turbopack_164kp-6._.js:2475:17)
    at processFullBinaryRow (http://localhost:3000/_next/static/chunks/node_modules_next_dist_compiled_react-server-dom-turbopack_164kp-6._.js:2415:9)
    at processBinaryChunk (http://localhost:3000/_next/static/chunks/node_modules_next_dist_compiled_react-server-dom-turbopack_164kp-6._.js:2524:221)
    at progress (http://localhost:3000/_next/static/chunks/node_modules_next_dist_compiled_react-server-dom-turbopack_164kp-6._.js:2698:20) @ http://localhost:3000/_next/static/chunks/node_modules_next_dist_1e8vcs8._.js:1052
[  247417ms] [ERROR] %c%s%c background: #e6e6e6;background: light-dark(rgba(0,0,0,0.1), rgba(255,255,255,0.25));color: #000000;color: light-dark(#000000, #ffffff);border-radius: 2px  Server   Error: MISSING_MESSAGE: Could not resolve `support.erasmus` in messages for locale `en`.
    at renderMatchMessage (about://React/Server/D:%5C%D0%BF%D1%80%D0%BE%D0%B5%D0%BA%D1%82%D1%8B%5CUnikchoose%5C.next%5Cdev%5Cserver%5Cchunks%5Cssr%5C%5Broot-of-the-server%5D__1622ik9._.js?65:822:12)
    at <anonymous> (about://React/Server/D:%5C%D0%BF%D1%80%D0%BE%D0%B5%D0%BA%D1%82%D1%8B%5CUnikchoose%5C.next%5Cdev%5Cserver%5Cchunks%5Cssr%5C%5Broot-of-the-server%5D__1622ik9._.js?66:1056:211)
    at Array.map (<anonymous>:1:18)
    at ProgrammeCard (about://React/Server/D:%5C%D0%BF%D1%80%D0%BE%D0%B5%D0%BA%D1%82%D1%8B%5CUnikchoose%5C.next%5Cdev%5Cserver%5Cchunks%5Cssr%5C%5Broot-of-the-server%5D__1622ik9._.js?67:1043:50)
    at resolveErrorDev (http://localhost:3000/_next/static/chunks/node_modules_next_dist_compiled_react-server-dom-turbopack_164kp-6._.js:1937:105)
    at getOutlinedModel (http://localhost:3000/_next/static/chunks/node_modules_next_dist_compiled_react-server-dom-turbopack_164kp-6._.js:1487:28)
    at parseModelString (http://localhost:3000/_next/static/chunks/node_modules_next_dist_compiled_react-server-dom-turbopack_164kp-6._.js:1602:50)
    at reviveModel (http://localhost:3000/_next/static/chunks/node_modules_next_dist_compiled_react-server-dom-turbopack_164kp-6._.js:2544:66)
    at parseModel (http://localhost:3000/_next/static/chunks/node_modules_next_dist_compiled_react-server-dom-turbopack_164kp-6._.js:2539:16)
    at initializeModelChunk (http://localhost:3000/_next/static/chunks/node_modules_next_dist_compiled_react-server-dom-turbopack_164kp-6._.js:1100:25)
    at getOutlinedModel (http://localhost:3000/_next/static/chunks/node_modules_next_dist_compiled_react-server-dom-turbopack_164kp-6._.js:1423:17)
    at parseModelString (http://localhost:3000/_next/static/chunks/node_modules_next_dist_compiled_react-server-dom-turbopack_164kp-6._.js:1657:50)
    at reviveModel (http://localhost:3000/_next/static/chunks/node_modules_next_dist_compiled_react-server-dom-turbopack_164kp-6._.js:2544:66)
    at reviveModel (http://localhost:3000/_next/static/chunks/node_modules_next_dist_compiled_react-server-dom-turbopack_164kp-6._.js:2547:61)
    at parseModel (http://localhost:3000/_next/static/chunks/node_modules_next_dist_compiled_react-server-dom-turbopack_164kp-6._.js:2539:16)
    at initializeModelChunk (http://localhost:3000/_next/static/chunks/node_modules_next_dist_compiled_react-server-dom-turbopack_164kp-6._.js:1100:25)
    at resolveConsoleEntry (http://localhost:3000/_next/static/chunks/node_modules_next_dist_compiled_react-server-dom-turbopack_164kp-6._.js:2069:96)
    at processFullStringRow (http://localhost:3000/_next/static/chunks/node_modules_next_dist_compiled_react-server-dom-turbopack_164kp-6._.js:2475:17)
    at processFullBinaryRow (http://localhost:3000/_next/static/chunks/node_modules_next_dist_compiled_react-server-dom-turbopack_164kp-6._.js:2415:9)
    at processBinaryChunk (http://localhost:3000/_next/static/chunks/node_modules_next_dist_compiled_react-server-dom-turbopack_164kp-6._.js:2524:221)
    at progress (http://localhost:3000/_next/static/chunks/node_modules_next_dist_compiled_react-server-dom-turbopack_164kp-6._.js:2698:20) @ http://localhost:3000/_next/static/chunks/node_modules_next_dist_1e8vcs8._.js:1052
[  247418ms] [ERROR] %c%s%c background: #e6e6e6;background: light-dark(rgba(0,0,0,0.1), rgba(255,255,255,0.25));color: #000000;color: light-dark(#000000, #ffffff);border-radius: 2px  Server   Error: MISSING_MESSAGE: Could not resolve `academic.entranceExamGeneric` in messages for locale `en`.
    at renderMatchMessage (about://React/Server/D:%5C%D0%BF%D1%80%D0%BE%D0%B5%D0%BA%D1%82%D1%8B%5CUnikchoose%5C.next%5Cdev%5Cserver%5Cchunks%5Cssr%5C%5Broot-of-the-server%5D__1622ik9._.js?65:822:12)
    at ProgrammeCard (about://React/Server/D:%5C%D0%BF%D1%80%D0%BE%D0%B5%D0%BA%D1%82%D1%8B%5CUnikchoose%5C.next%5Cdev%5Cserver%5Cchunks%5Cssr%5C%5Broot-of-the-server%5D__1622ik9._.js?70:1102:203)
    at resolveErrorDev (http://localhost:3000/_next/static/chunks/node_modules_next_dist_compiled_react-server-dom-turbopack_164kp-6._.js:1937:105)
    at getOutlinedModel (http://localhost:3000/_next/static/chunks/node_modules_next_dist_compiled_react-server-dom-turbopack_164kp-6._.js:1487:28)
    at parseModelString (http://localhost:3000/_next/static/chunks/node_modules_next_dist_compiled_react-server-dom-turbopack_164kp-6._.js:1602:50)
    at reviveModel (http://localhost:3000/_next/static/chunks/node_modules_next_dist_compiled_react-server-dom-turbopack_164kp-6._.js:2544:66)
    at parseModel (http://localhost:3000/_next/static/chunks/node_modules_next_dist_compiled_react-server-dom-turbopack_164kp-6._.js:2539:16)
    at initializeModelChunk (http://localhost:3000/_next/static/chunks/node_modules_next_dist_compiled_react-server-dom-turbopack_164kp-6._.js:1100:25)
    at getOutlinedModel (http://localhost:3000/_next/static/chunks/node_modules_next_dist_compiled_react-server-dom-turbopack_164kp-6._.js:1423:17)
    at parseModelString (http://localhost:3000/_next/static/chunks/node_modules_next_dist_compiled_react-server-dom-turbopack_164kp-6._.js:1657:50)
    at reviveModel (http://localhost:3000/_next/static/chunks/node_modules_next_dist_compiled_react-server-dom-turbopack_164kp-6._.js:2544:66)
    at reviveModel (http://localhost:3000/_next/static/chunks/node_modules_next_dist_compiled_react-server-dom-turbopack_164kp-6._.js:2547:61)
    at parseModel (http://localhost:3000/_next/static/chunks/node_modules_next_dist_compiled_react-server-dom-turbopack_164kp-6._.js:2539:16)
    at initializeModelChunk (http://localhost:3000/_next/static/chunks/node_modules_next_dist_compiled_react-server-dom-turbopack_164kp-6._.js:1100:25)
    at resolveConsoleEntry (http://localhost:3000/_next/static/chunks/node_modules_next_dist_compiled_react-server-dom-turbopack_164kp-6._.js:2069:96)
    at processFullStringRow (http://localhost:3000/_next/static/chunks/node_modules_next_dist_compiled_react-server-dom-turbopack_164kp-6._.js:2475:17)
    at processFullBinaryRow (http://localhost:3000/_next/static/chunks/node_modules_next_dist_compiled_react-server-dom-turbopack_164kp-6._.js:2415:9)
    at processBinaryChunk (http://localhost:3000/_next/static/chunks/node_modules_next_dist_compiled_react-server-dom-turbopack_164kp-6._.js:2524:221)
    at progress (http://localhost:3000/_next/static/chunks/node_modules_next_dist_compiled_react-server-dom-turbopack_164kp-6._.js:2698:20) @ http://localhost:3000/_next/static/chunks/node_modules_next_dist_1e8vcs8._.js:1052
[  247418ms] [ERROR] %c%s%c background: #e6e6e6;background: light-dark(rgba(0,0,0,0.1), rgba(255,255,255,0.25));color: #000000;color: light-dark(#000000, #ffffff);border-radius: 2px  Server   Error: MISSING_MESSAGE: Could not resolve `budget.missingBudget` in messages for locale `en`.
    at renderMatchMessage (about://React/Server/D:%5C%D0%BF%D1%80%D0%BE%D0%B5%D0%BA%D1%82%D1%8B%5CUnikchoose%5C.next%5Cdev%5Cserver%5Cchunks%5Cssr%5C%5Broot-of-the-server%5D__1622ik9._.js?65:822:12)
    at <anonymous> (about://React/Server/D:%5C%D0%BF%D1%80%D0%BE%D0%B5%D0%BA%D1%82%D1%8B%5CUnikchoose%5C.next%5Cdev%5Cserver%5Cchunks%5Cssr%5C%5Broot-of-the-server%5D__1622ik9._.js?71:1378:227)
    at Array.map (<anonymous>:1:18)
    at ProgrammeCard (about://React/Server/D:%5C%D0%BF%D1%80%D0%BE%D0%B5%D0%BA%D1%82%D1%8B%5CUnikchoose%5C.next%5Cdev%5Cserver%5Cchunks%5Cssr%5C%5Broot-of-the-server%5D__1622ik9._.js?72:1365:64)
    at resolveErrorDev (http://localhost:3000/_next/static/chunks/node_modules_next_dist_compiled_react-server-dom-turbopack_164kp-6._.js:1937:105)
    at getOutlinedModel (http://localhost:3000/_next/static/chunks/node_modules_next_dist_compiled_react-server-dom-turbopack_164kp-6._.js:1487:28)
    at parseModelString (http://localhost:3000/_next/static/chunks/node_modules_next_dist_compiled_react-server-dom-turbopack_164kp-6._.js:1602:50)
    at reviveModel (http://localhost:3000/_next/static/chunks/node_modules_next_dist_compiled_react-server-dom-turbopack_164kp-6._.js:2544:66)
    at parseModel (http://localhost:3000/_next/static/chunks/node_modules_next_dist_compiled_react-server-dom-turbopack_164kp-6._.js:2539:16)
    at initializeModelChunk (http://localhost:3000/_next/static/chunks/node_modules_next_dist_compiled_react-server-dom-turbopack_164kp-6._.js:1100:25)
    at getOutlinedModel (http://localhost:3000/_next/static/chunks/node_modules_next_dist_compiled_react-server-dom-turbopack_164kp-6._.js:1423:17)
    at parseModelString (http://localhost:3000/_next/static/chunks/node_modules_next_dist_compiled_react-server-dom-turbopack_164kp-6._.js:1657:50)
    at reviveModel (http://localhost:3000/_next/static/chunks/node_modules_next_dist_compiled_react-server-dom-turbopack_164kp-6._.js:2544:66)
    at reviveModel (http://localhost:3000/_next/static/chunks/node_modules_next_dist_compiled_react-server-dom-turbopack_164kp-6._.js:2547:61)
    at parseModel (http://localhost:3000/_next/static/chunks/node_modules_next_dist_compiled_react-server-dom-turbopack_164kp-6._.js:2539:16)
    at initializeModelChunk (http://localhost:3000/_next/static/chunks/node_modules_next_dist_compiled_react-server-dom-turbopack_164kp-6._.js:1100:25)
    at resolveConsoleEntry (http://localhost:3000/_next/static/chunks/node_modules_next_dist_compiled_react-server-dom-turbopack_164kp-6._.js:2069:96)
    at processFullStringRow (http://localhost:3000/_next/static/chunks/node_modules_next_dist_compiled_react-server-dom-turbopack_164kp-6._.js:2475:17)
    at processFullBinaryRow (http://localhost:3000/_next/static/chunks/node_modules_next_dist_compiled_react-server-dom-turbopack_164kp-6._.js:2415:9)
    at processBinaryChunk (http://localhost:3000/_next/static/chunks/node_modules_next_dist_compiled_react-server-dom-turbopack_164kp-6._.js:2524:221)
    at progress (http://localhost:3000/_next/static/chunks/node_modules_next_dist_compiled_react-server-dom-turbopack_164kp-6._.js:2698:20) @ http://localhost:3000/_next/static/chunks/node_modules_next_dist_1e8vcs8._.js:1052
[  247418ms] [ERROR] %c%s%c background: #e6e6e6;background: light-dark(rgba(0,0,0,0.1), rgba(255,255,255,0.25));color: #000000;color: light-dark(#000000, #ffffff);border-radius: 2px  Server   Error: MISSING_MESSAGE: Could not resolve `language.addTestScore` in messages for locale `en`.
    at renderMatchMessage (about://React/Server/D:%5C%D0%BF%D1%80%D0%BE%D0%B5%D0%BA%D1%82%D1%8B%5CUnikchoose%5C.next%5Cdev%5Cserver%5Cchunks%5Cssr%5C%5Broot-of-the-server%5D__1622ik9._.js?65:822:12)
    at <anonymous> (about://React/Server/D:%5C%D0%BF%D1%80%D0%BE%D0%B5%D0%BA%D1%82%D1%8B%5CUnikchoose%5C.next%5Cdev%5Cserver%5Cchunks%5Cssr%5C%5Broot-of-the-server%5D__1622ik9._.js?71:1378:227)
    at Array.map (<anonymous>:1:18)
    at ProgrammeCard (about://React/Server/D:%5C%D0%BF%D1%80%D0%BE%D0%B5%D0%BA%D1%82%D1%8B%5CUnikchoose%5C.next%5Cdev%5Cserver%5Cchunks%5Cssr%5C%5Broot-of-the-server%5D__1622ik9._.js?72:1365:64)
    at resolveErrorDev (http://localhost:3000/_next/static/chunks/node_modules_next_dist_compiled_react-server-dom-turbopack_164kp-6._.js:1937:105)
    at getOutlinedModel (http://localhost:3000/_next/static/chunks/node_modules_next_dist_compiled_react-server-dom-turbopack_164kp-6._.js:1487:28)
    at parseModelString (http://localhost:3000/_next/static/chunks/node_modules_next_dist_compiled_react-server-dom-turbopack_164kp-6._.js:1602:50)
    at reviveModel (http://localhost:3000/_next/static/chunks/node_modules_next_dist_compiled_react-server-dom-turbopack_164kp-6._.js:2544:66)
    at parseModel (http://localhost:3000/_next/static/chunks/node_modules_next_dist_compiled_react-server-dom-turbopack_164kp-6._.js:2539:16)
    at initializeModelChunk (http://localhost:3000/_next/static/chunks/node_modules_next_dist_compiled_react-server-dom-turbopack_164kp-6._.js:1100:25)
    at getOutlinedModel (http://localhost:3000/_next/static/chunks/node_modules_next_dist_compiled_react-server-dom-turbopack_164kp-6._.js:1423:17)
    at parseModelString (http://localhost:3000/_next/static/chunks/node_modules_next_dist_compiled_react-server-dom-turbopack_164kp-6._.js:1657:50)
    at reviveModel (http://localhost:3000/_next/static/chunks/node_modules_next_dist_compiled_react-server-dom-turbopack_164kp-6._.js:2544:66)
    at reviveModel (http://localhost:3000/_next/static/chunks/node_modules_next_dist_compiled_react-server-dom-turbopack_164kp-6._.js:2547:61)
    at parseModel (http://localhost:3000/_next/static/chunks/node_modules_next_dist_compiled_react-server-dom-turbopack_164kp-6._.js:2539:16)
    at initializeModelChunk (http://localhost:3000/_next/static/chunks/node_modules_next_dist_compiled_react-server-dom-turbopack_164kp-6._.js:1100:25)
    at resolveConsoleEntry (http://localhost:3000/_next/static/chunks/node_modules_next_dist_compiled_react-server-dom-turbopack_164kp-6._.js:2069:96)
    at processFullStringRow (http://localhost:3000/_next/static/chunks/node_modules_next_dist_compiled_react-server-dom-turbopack_164kp-6._.js:2475:17)
    at processFullBinaryRow (http://localhost:3000/_next/static/chunks/node_modules_next_dist_compiled_react-server-dom-turbopack_164kp-6._.js:2415:9)
    at processBinaryChunk (http://localhost:3000/_next/static/chunks/node_modules_next_dist_compiled_react-server-dom-turbopack_164kp-6._.js:2524:221)
    at progress (http://localhost:3000/_next/static/chunks/node_modules_next_dist_compiled_react-server-dom-turbopack_164kp-6._.js:2698:20) @ http://localhost:3000/_next/static/chunks/node_modules_next_dist_1e8vcs8._.js:1052
[  247418ms] [ERROR] %c%s%c background: #e6e6e6;background: light-dark(rgba(0,0,0,0.1), rgba(255,255,255,0.25));color: #000000;color: light-dark(#000000, #ffffff);border-radius: 2px  Server   Error: MISSING_MESSAGE: Could not resolve `location.missingLocationPreference` in messages for locale `en`.
    at renderMatchMessage (about://React/Server/D:%5C%D0%BF%D1%80%D0%BE%D0%B5%D0%BA%D1%82%D1%8B%5CUnikchoose%5C.next%5Cdev%5Cserver%5Cchunks%5Cssr%5C%5Broot-of-the-server%5D__1622ik9._.js?65:822:12)
    at <anonymous> (about://React/Server/D:%5C%D0%BF%D1%80%D0%BE%D0%B5%D0%BA%D1%82%D1%8B%5CUnikchoose%5C.next%5Cdev%5Cserver%5Cchunks%5Cssr%5C%5Broot-of-the-server%5D__1622ik9._.js?71:1378:227)
    at Array.map (<anonymous>:1:18)
    at ProgrammeCard (about://React/Server/D:%5C%D0%BF%D1%80%D0%BE%D0%B5%D0%BA%D1%82%D1%8B%5CUnikchoose%5C.next%5Cdev%5Cserver%5Cchunks%5Cssr%5C%5Broot-of-the-server%5D__1622ik9._.js?72:1365:64)
    at resolveErrorDev (http://localhost:3000/_next/static/chunks/node_modules_next_dist_compiled_react-server-dom-turbopack_164kp-6._.js:1937:105)
    at getOutlinedModel (http://localhost:3000/_next/static/chunks/node_modules_next_dist_compiled_react-server-dom-turbopack_164kp-6._.js:1487:28)
    at parseModelString (http://localhost:3000/_next/static/chunks/node_modules_next_dist_compiled_react-server-dom-turbopack_164kp-6._.js:1602:50)
    at reviveModel (http://localhost:3000/_next/static/chunks/node_modules_next_dist_compiled_react-server-dom-turbopack_164kp-6._.js:2544:66)
    at parseModel (http://localhost:3000/_next/static/chunks/node_modules_next_dist_compiled_react-server-dom-turbopack_164kp-6._.js:2539:16)
    at initializeModelChunk (http://localhost:3000/_next/static/chunks/node_modules_next_dist_compiled_react-server-dom-turbopack_164kp-6._.js:1100:25)
    at getOutlinedModel (http://localhost:3000/_next/static/chunks/node_modules_next_dist_compiled_react-server-dom-turbopack_164kp-6._.js:1423:17)
    at parseModelString (http://localhost:3000/_next/static/chunks/node_modules_next_dist_compiled_react-server-dom-turbopack_164kp-6._.js:1657:50)
    at reviveModel (http://localhost:3000/_next/static/chunks/node_modules_next_dist_compiled_react-server-dom-turbopack_164kp-6._.js:2544:66)
    at reviveModel (http://localhost:3000/_next/static/chunks/node_modules_next_dist_compiled_react-server-dom-turbopack_164kp-6._.js:2547:61)
    at parseModel (http://localhost:3000/_next/static/chunks/node_modules_next_dist_compiled_react-server-dom-turbopack_164kp-6._.js:2539:16)
    at initializeModelChunk (http://localhost:3000/_next/static/chunks/node_modules_next_dist_compiled_react-server-dom-turbopack_164kp-6._.js:1100:25)
    at resolveConsoleEntry (http://localhost:3000/_next/static/chunks/node_modules_next_dist_compiled_react-server-dom-turbopack_164kp-6._.js:2069:96)
    at processFullStringRow (http://localhost:3000/_next/static/chunks/node_modules_next_dist_compiled_react-server-dom-turbopack_164kp-6._.js:2475:17)
    at processFullBinaryRow (http://localhost:3000/_next/static/chunks/node_modules_next_dist_compiled_react-server-dom-turbopack_164kp-6._.js:2415:9)
    at processBinaryChunk (http://localhost:3000/_next/static/chunks/node_modules_next_dist_compiled_react-server-dom-turbopack_164kp-6._.js:2524:221)
    at progress (http://localhost:3000/_next/static/chunks/node_modules_next_dist_compiled_react-server-dom-turbopack_164kp-6._.js:2698:20) @ http://localhost:3000/_next/static/chunks/node_modules_next_dist_1e8vcs8._.js:1052
[  247418ms] [ERROR] %c%s%c background: #e6e6e6;background: light-dark(rgba(0,0,0,0.1), rgba(255,255,255,0.25));color: #000000;color: light-dark(#000000, #ffffff);border-radius: 2px  Server   Error: MISSING_MESSAGE: Could not resolve `admission.entranceExamRequired` in messages for locale `en`.
    at renderMatchMessage (about://React/Server/D:%5C%D0%BF%D1%80%D0%BE%D0%B5%D0%BA%D1%82%D1%8B%5CUnikchoose%5C.next%5Cdev%5Cserver%5Cchunks%5Cssr%5C%5Broot-of-the-server%5D__1622ik9._.js?65:822:12)
    at <anonymous> (about://React/Server/D:%5C%D0%BF%D1%80%D0%BE%D0%B5%D0%BA%D1%82%D1%8B%5CUnikchoose%5C.next%5Cdev%5Cserver%5Cchunks%5Cssr%5C%5Broot-of-the-server%5D__1622ik9._.js?71:1378:227)
    at Array.map (<anonymous>:1:18)
    at ProgrammeCard (about://React/Server/D:%5C%D0%BF%D1%80%D0%BE%D0%B5%D0%BA%D1%82%D1%8B%5CUnikchoose%5C.next%5Cdev%5Cserver%5Cchunks%5Cssr%5C%5Broot-of-the-server%5D__1622ik9._.js?72:1365:64)
    at resolveErrorDev (http://localhost:3000/_next/static/chunks/node_modules_next_dist_compiled_react-server-dom-turbopack_164kp-6._.js:1937:105)
    at getOutlinedModel (http://localhost:3000/_next/static/chunks/node_modules_next_dist_compiled_react-server-dom-turbopack_164kp-6._.js:1487:28)
    at parseModelString (http://localhost:3000/_next/static/chunks/node_modules_next_dist_compiled_react-server-dom-turbopack_164kp-6._.js:1602:50)
    at reviveModel (http://localhost:3000/_next/static/chunks/node_modules_next_dist_compiled_react-server-dom-turbopack_164kp-6._.js:2544:66)
    at parseModel (http://localhost:3000/_next/static/chunks/node_modules_next_dist_compiled_react-server-dom-turbopack_164kp-6._.js:2539:16)
    at initializeModelChunk (http://localhost:3000/_next/static/chunks/node_modules_next_dist_compiled_react-server-dom-turbopack_164kp-6._.js:1100:25)
    at getOutlinedModel (http://localhost:3000/_next/static/chunks/node_modules_next_dist_compiled_react-server-dom-turbopack_164kp-6._.js:1423:17)
    at parseModelString (http://localhost:3000/_next/static/chunks/node_modules_next_dist_compiled_react-server-dom-turbopack_164kp-6._.js:1657:50)
    at reviveModel (http://localhost:3000/_next/static/chunks/node_modules_next_dist_compiled_react-server-dom-turbopack_164kp-6._.js:2544:66)
    at reviveModel (http://localhost:3000/_next/static/chunks/node_modules_next_dist_compiled_react-server-dom-turbopack_164kp-6._.js:2547:61)
    at parseModel (http://localhost:3000/_next/static/chunks/node_modules_next_dist_compiled_react-server-dom-turbopack_164kp-6._.js:2539:16)
    at initializeModelChunk (http://localhost:3000/_next/static/chunks/node_modules_next_dist_compiled_react-server-dom-turbopack_164kp-6._.js:1100:25)
    at resolveConsoleEntry (http://localhost:3000/_next/static/chunks/node_modules_next_dist_compiled_react-server-dom-turbopack_164kp-6._.js:2069:96)
    at processFullStringRow (http://localhost:3000/_next/static/chunks/node_modules_next_dist_compiled_react-server-dom-turbopack_164kp-6._.js:2475:17)
    at processFullBinaryRow (http://localhost:3000/_next/static/chunks/node_modules_next_dist_compiled_react-server-dom-turbopack_164kp-6._.js:2415:9)
    at processBinaryChunk (http://localhost:3000/_next/static/chunks/node_modules_next_dist_compiled_react-server-dom-turbopack_164kp-6._.js:2524:221)
    at progress (http://localhost:3000/_next/static/chunks/node_modules_next_dist_compiled_react-server-dom-turbopack_164kp-6._.js:2698:20) @ http://localhost:3000/_next/static/chunks/node_modules_next_dist_1e8vcs8._.js:1052
[  247418ms] [ERROR] %c%s%c background: #e6e6e6;background: light-dark(rgba(0,0,0,0.1), rgba(255,255,255,0.25));color: #000000;color: light-dark(#000000, #ffffff);border-radius: 2px  Server   Error: MISSING_MESSAGE: Could not resolve `career.missingData` in messages for locale `en`.
    at renderMatchMessage (about://React/Server/D:%5C%D0%BF%D1%80%D0%BE%D0%B5%D0%BA%D1%82%D1%8B%5CUnikchoose%5C.next%5Cdev%5Cserver%5Cchunks%5Cssr%5C%5Broot-of-the-server%5D__1622ik9._.js?65:822:12)
    at <anonymous> (about://React/Server/D:%5C%D0%BF%D1%80%D0%BE%D0%B5%D0%BA%D1%82%D1%8B%5CUnikchoose%5C.next%5Cdev%5Cserver%5Cchunks%5Cssr%5C%5Broot-of-the-server%5D__1622ik9._.js?71:1378:227)
    at Array.map (<anonymous>:1:18)
    at ProgrammeCard (about://React/Server/D:%5C%D0%BF%D1%80%D0%BE%D0%B5%D0%BA%D1%82%D1%8B%5CUnikchoose%5C.next%5Cdev%5Cserver%5Cchunks%5Cssr%5C%5Broot-of-the-server%5D__1622ik9._.js?72:1365:64)
    at resolveErrorDev (http://localhost:3000/_next/static/chunks/node_modules_next_dist_compiled_react-server-dom-turbopack_164kp-6._.js:1937:105)
    at getOutlinedModel (http://localhost:3000/_next/static/chunks/node_modules_next_dist_compiled_react-server-dom-turbopack_164kp-6._.js:1487:28)
    at parseModelString (http://localhost:3000/_next/static/chunks/node_modules_next_dist_compiled_react-server-dom-turbopack_164kp-6._.js:1602:50)
    at reviveModel (http://localhost:3000/_next/static/chunks/node_modules_next_dist_compiled_react-server-dom-turbopack_164kp-6._.js:2544:66)
    at parseModel (http://localhost:3000/_next/static/chunks/node_modules_next_dist_compiled_react-server-dom-turbopack_164kp-6._.js:2539:16)
    at initializeModelChunk (http://localhost:3000/_next/static/chunks/node_modules_next_dist_compiled_react-server-dom-turbopack_164kp-6._.js:1100:25)
    at getOutlinedModel (http://localhost:3000/_next/static/chunks/node_modules_next_dist_compiled_react-server-dom-turbopack_164kp-6._.js:1423:17)
    at parseModelString (http://localhost:3000/_next/static/chunks/node_modules_next_dist_compiled_react-server-dom-turbopack_164kp-6._.js:1657:50)
    at reviveModel (http://localhost:3000/_next/static/chunks/node_modules_next_dist_compiled_react-server-dom-turbopack_164kp-6._.js:2544:66)
    at reviveModel (http://localhost:3000/_next/static/chunks/node_modules_next_dist_compiled_react-server-dom-turbopack_164kp-6._.js:2547:61)
    at parseModel (http://localhost:3000/_next/static/chunks/node_modules_next_dist_compiled_react-server-dom-turbopack_164kp-6._.js:2539:16)
    at initializeModelChunk (http://localhost:3000/_next/static/chunks/node_modules_next_dist_compiled_react-server-dom-turbopack_164kp-6._.js:1100:25)
    at resolveConsoleEntry (http://localhost:3000/_next/static/chunks/node_modules_next_dist_compiled_react-server-dom-turbopack_164kp-6._.js:2069:96)
    at processFullStringRow (http://localhost:3000/_next/static/chunks/node_modules_next_dist_compiled_react-server-dom-turbopack_164kp-6._.js:2475:17)
    at processFullBinaryRow (http://localhost:3000/_next/static/chunks/node_modules_next_dist_compiled_react-server-dom-turbopack_164kp-6._.js:2415:9)
    at processBinaryChunk (http://localhost:3000/_next/static/chunks/node_modules_next_dist_compiled_react-server-dom-turbopack_164kp-6._.js:2524:221)
    at progress (http://localhost:3000/_next/static/chunks/node_modules_next_dist_compiled_react-server-dom-turbopack_164kp-6._.js:2698:20) @ http://localhost:3000/_next/static/chunks/node_modules_next_dist_1e8vcs8._.js:1052
[  247418ms] [ERROR] %c%s%c background: #e6e6e6;background: light-dark(rgba(0,0,0,0.1), rgba(255,255,255,0.25));color: #000000;color: light-dark(#000000, #ffffff);border-radius: 2px  Server   Error: MISSING_MESSAGE: Could not resolve `format.missingPreference` in messages for locale `en`.
    at renderMatchMessage (about://React/Server/D:%5C%D0%BF%D1%80%D0%BE%D0%B5%D0%BA%D1%82%D1%8B%5CUnikchoose%5C.next%5Cdev%5Cserver%5Cchunks%5Cssr%5C%5Broot-of-the-server%5D__1622ik9._.js?65:822:12)
    at <anonymous> (about://React/Server/D:%5C%D0%BF%D1%80%D0%BE%D0%B5%D0%BA%D1%82%D1%8B%5CUnikchoose%5C.next%5Cdev%5Cserver%5Cchunks%5Cssr%5C%5Broot-of-the-server%5D__1622ik9._.js?71:1378:227)
    at Array.map (<anonymous>:1:18)
    at ProgrammeCard (about://React/Server/D:%5C%D0%BF%D1%80%D0%BE%D0%B5%D0%BA%D1%82%D1%8B%5CUnikchoose%5C.next%5Cdev%5Cserver%5Cchunks%5Cssr%5C%5Broot-of-the-server%5D__1622ik9._.js?72:1365:64)
    at resolveErrorDev (http://localhost:3000/_next/static/chunks/node_modules_next_dist_compiled_react-server-dom-turbopack_164kp-6._.js:1937:105)
    at getOutlinedModel (http://localhost:3000/_next/static/chunks/node_modules_next_dist_compiled_react-server-dom-turbopack_164kp-6._.js:1487:28)
    at parseModelString (http://localhost:3000/_next/static/chunks/node_modules_next_dist_compiled_react-server-dom-turbopack_164kp-6._.js:1602:50)
    at reviveModel (http://localhost:3000/_next/static/chunks/node_modules_next_dist_compiled_react-server-dom-turbopack_164kp-6._.js:2544:66)
    at parseModel (http://localhost:3000/_next/static/chunks/node_modules_next_dist_compiled_react-server-dom-turbopack_164kp-6._.js:2539:16)
    at initializeModelChunk (http://localhost:3000/_next/static/chunks/node_modules_next_dist_compiled_react-server-dom-turbopack_164kp-6._.js:1100:25)
    at getOutlinedModel (http://localhost:3000/_next/static/chunks/node_modules_next_dist_compiled_react-server-dom-turbopack_164kp-6._.js:1423:17)
    at parseModelString (http://localhost:3000/_next/static/chunks/node_modules_next_dist_compiled_react-server-dom-turbopack_164kp-6._.js:1657:50)
    at reviveModel (http://localhost:3000/_next/static/chunks/node_modules_next_dist_compiled_react-server-dom-turbopack_164kp-6._.js:2544:66)
    at reviveModel (http://localhost:3000/_next/static/chunks/node_modules_next_dist_compiled_react-server-dom-turbopack_164kp-6._.js:2547:61)
    at parseModel (http://localhost:3000/_next/static/chunks/node_modules_next_dist_compiled_react-server-dom-turbopack_164kp-6._.js:2539:16)
    at initializeModelChunk (http://localhost:3000/_next/static/chunks/node_modules_next_dist_compiled_react-server-dom-turbopack_164kp-6._.js:1100:25)
    at resolveConsoleEntry (http://localhost:3000/_next/static/chunks/node_modules_next_dist_compiled_react-server-dom-turbopack_164kp-6._.js:2069:96)
    at processFullStringRow (http://localhost:3000/_next/static/chunks/node_modules_next_dist_compiled_react-server-dom-turbopack_164kp-6._.js:2475:17)
    at processFullBinaryRow (http://localhost:3000/_next/static/chunks/node_modules_next_dist_compiled_react-server-dom-turbopack_164kp-6._.js:2415:9)
    at processBinaryChunk (http://localhost:3000/_next/static/chunks/node_modules_next_dist_compiled_react-server-dom-turbopack_164kp-6._.js:2524:221)
    at progress (http://localhost:3000/_next/static/chunks/node_modules_next_dist_compiled_react-server-dom-turbopack_164kp-6._.js:2698:20) @ http://localhost:3000/_next/static/chunks/node_modules_next_dist_1e8vcs8._.js:1052
[  247418ms] [ERROR] %c%s%c background: #e6e6e6;background: light-dark(rgba(0,0,0,0.1), rgba(255,255,255,0.25));color: #000000;color: light-dark(#000000, #ffffff);border-radius: 2px  Server   Error: MISSING_MESSAGE: Could not resolve `lifestyle.missingData` in messages for locale `en`.
    at renderMatchMessage (about://React/Server/D:%5C%D0%BF%D1%80%D0%BE%D0%B5%D0%BA%D1%82%D1%8B%5CUnikchoose%5C.next%5Cdev%5Cserver%5Cchunks%5Cssr%5C%5Broot-of-the-server%5D__1622ik9._.js?65:822:12)
    at <anonymous> (about://React/Server/D:%5C%D0%BF%D1%80%D0%BE%D0%B5%D0%BA%D1%82%D1%8B%5CUnikchoose%5C.next%5Cdev%5Cserver%5Cchunks%5Cssr%5C%5Broot-of-the-server%5D__1622ik9._.js?71:1378:227)
    at Array.map (<anonymous>:1:18)
    at ProgrammeCard (about://React/Server/D:%5C%D0%BF%D1%80%D0%BE%D0%B5%D0%BA%D1%82%D1%8B%5CUnikchoose%5C.next%5Cdev%5Cserver%5Cchunks%5Cssr%5C%5Broot-of-the-server%5D__1622ik9._.js?72:1365:64)
    at resolveErrorDev (http://localhost:3000/_next/static/chunks/node_modules_next_dist_compiled_react-server-dom-turbopack_164kp-6._.js:1937:105)
    at getOutlinedModel (http://localhost:3000/_next/static/chunks/node_modules_next_dist_compiled_react-server-dom-turbopack_164kp-6._.js:1487:28)
    at parseModelString (http://localhost:3000/_next/static/chunks/node_modules_next_dist_compiled_react-server-dom-turbopack_164kp-6._.js:1602:50)
    at reviveModel (http://localhost:3000/_next/static/chunks/node_modules_next_dist_compiled_react-server-dom-turbopack_164kp-6._.js:2544:66)
    at parseModel (http://localhost:3000/_next/static/chunks/node_modules_next_dist_compiled_react-server-dom-turbopack_164kp-6._.js:2539:16)
    at initializeModelChunk (http://localhost:3000/_next/static/chunks/node_modules_next_dist_compiled_react-server-dom-turbopack_164kp-6._.js:1100:25)
    at getOutlinedModel (http://localhost:3000/_next/static/chunks/node_modules_next_dist_compiled_react-server-dom-turbopack_164kp-6._.js:1423:17)
    at parseModelString (http://localhost:3000/_next/static/chunks/node_modules_next_dist_compiled_react-server-dom-turbopack_164kp-6._.js:1657:50)
    at reviveModel (http://localhost:3000/_next/static/chunks/node_modules_next_dist_compiled_react-server-dom-turbopack_164kp-6._.js:2544:66)
    at reviveModel (http://localhost:3000/_next/static/chunks/node_modules_next_dist_compiled_react-server-dom-turbopack_164kp-6._.js:2547:61)
    at parseModel (http://localhost:3000/_next/static/chunks/node_modules_next_dist_compiled_react-server-dom-turbopack_164kp-6._.js:2539:16)
    at initializeModelChunk (http://localhost:3000/_next/static/chunks/node_modules_next_dist_compiled_react-server-dom-turbopack_164kp-6._.js:1100:25)
    at resolveConsoleEntry (http://localhost:3000/_next/static/chunks/node_modules_next_dist_compiled_react-server-dom-turbopack_164kp-6._.js:2069:96)
    at processFullStringRow (http://localhost:3000/_next/static/chunks/node_modules_next_dist_compiled_react-server-dom-turbopack_164kp-6._.js:2475:17)
    at processFullBinaryRow (http://localhost:3000/_next/static/chunks/node_modules_next_dist_compiled_react-server-dom-turbopack_164kp-6._.js:2415:9)
    at processBinaryChunk (http://localhost:3000/_next/static/chunks/node_modules_next_dist_compiled_react-server-dom-turbopack_164kp-6._.js:2524:221)
    at progress (http://localhost:3000/_next/static/chunks/node_modules_next_dist_compiled_react-server-dom-turbopack_164kp-6._.js:2698:20) @ http://localhost:3000/_next/static/chunks/node_modules_next_dist_1e8vcs8._.js:1052
[  247418ms] [ERROR] %c%s%c background: #e6e6e6;background: light-dark(rgba(0,0,0,0.1), rgba(255,255,255,0.25));color: #000000;color: light-dark(#000000, #ffffff);border-radius: 2px  Server   Error: MISSING_MESSAGE: Could not resolve `language.matchesPreferredLanguage` in messages for locale `en`.
    at renderMatchMessage (about://React/Server/D:%5C%D0%BF%D1%80%D0%BE%D0%B5%D0%BA%D1%82%D1%8B%5CUnikchoose%5C.next%5Cdev%5Cserver%5Cchunks%5Cssr%5C%5Broot-of-the-server%5D__1622ik9._.js?65:822:12)
    at <anonymous> (about://React/Server/D:%5C%D0%BF%D1%80%D0%BE%D0%B5%D0%BA%D1%82%D1%8B%5CUnikchoose%5C.next%5Cdev%5Cserver%5Cchunks%5Cssr%5C%5Broot-of-the-server%5D__1622ik9._.js?66:1056:211)
    at Array.map (<anonymous>:1:18)
    at ProgrammeCard (about://React/Server/D:%5C%D0%BF%D1%80%D0%BE%D0%B5%D0%BA%D1%82%D1%8B%5CUnikchoose%5C.next%5Cdev%5Cserver%5Cchunks%5Cssr%5C%5Broot-of-the-server%5D__1622ik9._.js?67:1043:50)
    at resolveErrorDev (http://localhost:3000/_next/static/chunks/node_modules_next_dist_compiled_react-server-dom-turbopack_164kp-6._.js:1937:105)
    at getOutlinedModel (http://localhost:3000/_next/static/chunks/node_modules_next_dist_compiled_react-server-dom-turbopack_164kp-6._.js:1487:28)
    at parseModelString (http://localhost:3000/_next/static/chunks/node_modules_next_dist_compiled_react-server-dom-turbopack_164kp-6._.js:1602:50)
    at reviveModel (http://localhost:3000/_next/static/chunks/node_modules_next_dist_compiled_react-server-dom-turbopack_164kp-6._.js:2544:66)
    at parseModel (http://localhost:3000/_next/static/chunks/node_modules_next_dist_compiled_react-server-dom-turbopack_164kp-6._.js:2539:16)
    at initializeModelChunk (http://localhost:3000/_next/static/chunks/node_modules_next_dist_compiled_react-server-dom-turbopack_164kp-6._.js:1100:25)
    at getOutlinedModel (http://localhost:3000/_next/static/chunks/node_modules_next_dist_compiled_react-server-dom-turbopack_164kp-6._.js:1423:17)
    at parseModelString (http://localhost:3000/_next/static/chunks/node_modules_next_dist_compiled_react-server-dom-turbopack_164kp-6._.js:1657:50)
    at reviveModel (http://localhost:3000/_next/static/chunks/node_modules_next_dist_compiled_react-server-dom-turbopack_164kp-6._.js:2544:66)
    at reviveModel (http://localhost:3000/_next/static/chunks/node_modules_next_dist_compiled_react-server-dom-turbopack_164kp-6._.js:2547:61)
    at parseModel (http://localhost:3000/_next/static/chunks/node_modules_next_dist_compiled_react-server-dom-turbopack_164kp-6._.js:2539:16)
    at initializeModelChunk (http://localhost:3000/_next/static/chunks/node_modules_next_dist_compiled_react-server-dom-turbopack_164kp-6._.js:1100:25)
    at resolveConsoleEntry (http://localhost:3000/_next/static/chunks/node_modules_next_dist_compiled_react-server-dom-turbopack_164kp-6._.js:2069:96)
    at processFullStringRow (http://localhost:3000/_next/static/chunks/node_modules_next_dist_compiled_react-server-dom-turbopack_164kp-6._.js:2475:17)
    at processFullBinaryRow (http://localhost:3000/_next/static/chunks/node_modules_next_dist_compiled_react-server-dom-turbopack_164kp-6._.js:2415:9)
    at processBinaryChunk (http://localhost:3000/_next/static/chunks/node_modules_next_dist_compiled_react-server-dom-turbopack_164kp-6._.js:2524:221)
    at progress (http://localhost:3000/_next/static/chunks/node_modules_next_dist_compiled_react-server-dom-turbopack_164kp-6._.js:2698:20) @ http://localhost:3000/_next/static/chunks/node_modules_next_dist_1e8vcs8._.js:1052
[  247439ms] [ERROR] %c%s%c background: #e6e6e6;background: light-dark(rgba(0,0,0,0.1), rgba(255,255,255,0.25));color: #000000;color: light-dark(#000000, #ffffff);border-radius: 2px  Server   Error: MISSING_MESSAGE: Could not resolve `support.internationalOffice` in messages for locale `en`.
    at renderMatchMessage (about://React/Server/D:%5C%D0%BF%D1%80%D0%BE%D0%B5%D0%BA%D1%82%D1%8B%5CUnikchoose%5C.next%5Cdev%5Cserver%5Cchunks%5Cssr%5C%5Broot-of-the-server%5D__1622ik9._.js?65:822:12)
    at <anonymous> (about://React/Server/D:%5C%D0%BF%D1%80%D0%BE%D0%B5%D0%BA%D1%82%D1%8B%5CUnikchoose%5C.next%5Cdev%5Cserver%5Cchunks%5Cssr%5C%5Broot-of-the-server%5D__1622ik9._.js?66:1056:211)
    at Array.map (<anonymous>:1:18)
    at ProgrammeCard (about://React/Server/D:%5C%D0%BF%D1%80%D0%BE%D0%B5%D0%BA%D1%82%D1%8B%5CUnikchoose%5C.next%5Cdev%5Cserver%5Cchunks%5Cssr%5C%5Broot-of-the-server%5D__1622ik9._.js?67:1043:50)
    at resolveErrorDev (http://localhost:3000/_next/static/chunks/node_modules_next_dist_compiled_react-server-dom-turbopack_164kp-6._.js:1937:105)
    at getOutlinedModel (http://localhost:3000/_next/static/chunks/node_modules_next_dist_compiled_react-server-dom-turbopack_164kp-6._.js:1487:28)
    at parseModelString (http://localhost:3000/_next/static/chunks/node_modules_next_dist_compiled_react-server-dom-turbopack_164kp-6._.js:1602:50)
    at reviveModel (http://localhost:3000/_next/static/chunks/node_modules_next_dist_compiled_react-server-dom-turbopack_164kp-6._.js:2544:66)
    at parseModel (http://localhost:3000/_next/static/chunks/node_modules_next_dist_compiled_react-server-dom-turbopack_164kp-6._.js:2539:16)
    at initializeModelChunk (http://localhost:3000/_next/static/chunks/node_modules_next_dist_compiled_react-server-dom-turbopack_164kp-6._.js:1100:25)
    at getOutlinedModel (http://localhost:3000/_next/static/chunks/node_modules_next_dist_compiled_react-server-dom-turbopack_164kp-6._.js:1423:17)
    at parseModelString (http://localhost:3000/_next/static/chunks/node_modules_next_dist_compiled_react-server-dom-turbopack_164kp-6._.js:1657:50)
    at reviveModel (http://localhost:3000/_next/static/chunks/node_modules_next_dist_compiled_react-server-dom-turbopack_164kp-6._.js:2544:66)
    at reviveModel (http://localhost:3000/_next/static/chunks/node_modules_next_dist_compiled_react-server-dom-turbopack_164kp-6._.js:2547:61)
    at parseModel (http://localhost:3000/_next/static/chunks/node_modules_next_dist_compiled_react-server-dom-turbopack_164kp-6._.js:2539:16)
    at initializeModelChunk (http://localhost:3000/_next/static/chunks/node_modules_next_dist_compiled_react-server-dom-turbopack_164kp-6._.js:1100:25)
    at resolveConsoleEntry (http://localhost:3000/_next/static/chunks/node_modules_next_dist_compiled_react-server-dom-turbopack_164kp-6._.js:2069:96)
    at processFullStringRow (http://localhost:3000/_next/static/chunks/node_modules_next_dist_compiled_react-server-dom-turbopack_164kp-6._.js:2475:17)
    at processFullBinaryRow (http://localhost:3000/_next/static/chunks/node_modules_next_dist_compiled_react-server-dom-turbopack_164kp-6._.js:2415:9)
    at processBinaryChunk (http://localhost:3000/_next/static/chunks/node_modules_next_dist_compiled_react-server-dom-turbopack_164kp-6._.js:2524:221)
    at progress (http://localhost:3000/_next/static/chunks/node_modules_next_dist_compiled_react-server-dom-turbopack_164kp-6._.js:2698:20) @ http://localhost:3000/_next/static/chunks/node_modules_next_dist_1e8vcs8._.js:1052
[  247440ms] [ERROR] %c%s%c background: #e6e6e6;background: light-dark(rgba(0,0,0,0.1), rgba(255,255,255,0.25));color: #000000;color: light-dark(#000000, #ffffff);border-radius: 2px  Server   Error: MISSING_MESSAGE: Could not resolve `support.erasmus` in messages for locale `en`.
    at renderMatchMessage (about://React/Server/D:%5C%D0%BF%D1%80%D0%BE%D0%B5%D0%BA%D1%82%D1%8B%5CUnikchoose%5C.next%5Cdev%5Cserver%5Cchunks%5Cssr%5C%5Broot-of-the-server%5D__1622ik9._.js?65:822:12)
    at <anonymous> (about://React/Server/D:%5C%D0%BF%D1%80%D0%BE%D0%B5%D0%BA%D1%82%D1%8B%5CUnikchoose%5C.next%5Cdev%5Cserver%5Cchunks%5Cssr%5C%5Broot-of-the-server%5D__1622ik9._.js?66:1056:211)
    at Array.map (<anonymous>:1:18)
    at ProgrammeCard (about://React/Server/D:%5C%D0%BF%D1%80%D0%BE%D0%B5%D0%BA%D1%82%D1%8B%5CUnikchoose%5C.next%5Cdev%5Cserver%5Cchunks%5Cssr%5C%5Broot-of-the-server%5D__1622ik9._.js?67:1043:50)
    at resolveErrorDev (http://localhost:3000/_next/static/chunks/node_modules_next_dist_compiled_react-server-dom-turbopack_164kp-6._.js:1937:105)
    at getOutlinedModel (http://localhost:3000/_next/static/chunks/node_modules_next_dist_compiled_react-server-dom-turbopack_164kp-6._.js:1487:28)
    at parseModelString (http://localhost:3000/_next/static/chunks/node_modules_next_dist_compiled_react-server-dom-turbopack_164kp-6._.js:1602:50)
    at reviveModel (http://localhost:3000/_next/static/chunks/node_modules_next_dist_compiled_react-server-dom-turbopack_164kp-6._.js:2544:66)
    at parseModel (http://localhost:3000/_next/static/chunks/node_modules_next_dist_compiled_react-server-dom-turbopack_164kp-6._.js:2539:16)
    at initializeModelChunk (http://localhost:3000/_next/static/chunks/node_modules_next_dist_compiled_react-server-dom-turbopack_164kp-6._.js:1100:25)
    at getOutlinedModel (http://localhost:3000/_next/static/chunks/node_modules_next_dist_compiled_react-server-dom-turbopack_164kp-6._.js:1423:17)
    at parseModelString (http://localhost:3000/_next/static/chunks/node_modules_next_dist_compiled_react-server-dom-turbopack_164kp-6._.js:1657:50)
    at reviveModel (http://localhost:3000/_next/static/chunks/node_modules_next_dist_compiled_react-server-dom-turbopack_164kp-6._.js:2544:66)
    at reviveModel (http://localhost:3000/_next/static/chunks/node_modules_next_dist_compiled_react-server-dom-turbopack_164kp-6._.js:2547:61)
    at parseModel (http://localhost:3000/_next/static/chunks/node_modules_next_dist_compiled_react-server-dom-turbopack_164kp-6._.js:2539:16)
    at initializeModelChunk (http://localhost:3000/_next/static/chunks/node_modules_next_dist_compiled_react-server-dom-turbopack_164kp-6._.js:1100:25)
    at resolveConsoleEntry (http://localhost:3000/_next/static/chunks/node_modules_next_dist_compiled_react-server-dom-turbopack_164kp-6._.js:2069:96)
    at processFullStringRow (http://localhost:3000/_next/static/chunks/node_modules_next_dist_compiled_react-server-dom-turbopack_164kp-6._.js:2475:17)
    at processFullBinaryRow (http://localhost:3000/_next/static/chunks/node_modules_next_dist_compiled_react-server-dom-turbopack_164kp-6._.js:2415:9)
    at processBinaryChunk (http://localhost:3000/_next/static/chunks/node_modules_next_dist_compiled_react-server-dom-turbopack_164kp-6._.js:2524:221)
    at progress (http://localhost:3000/_next/static/chunks/node_modules_next_dist_compiled_react-server-dom-turbopack_164kp-6._.js:2698:20) @ http://localhost:3000/_next/static/chunks/node_modules_next_dist_1e8vcs8._.js:1052
[  247440ms] [ERROR] %c%s%c background: #e6e6e6;background: light-dark(rgba(0,0,0,0.1), rgba(255,255,255,0.25));color: #000000;color: light-dark(#000000, #ffffff);border-radius: 2px  Server   Error: MISSING_MESSAGE: Could not resolve `academic.entranceExamGeneric` in messages for locale `en`.
    at renderMatchMessage (about://React/Server/D:%5C%D0%BF%D1%80%D0%BE%D0%B5%D0%BA%D1%82%D1%8B%5CUnikchoose%5C.next%5Cdev%5Cserver%5Cchunks%5Cssr%5C%5Broot-of-the-server%5D__1622ik9._.js?65:822:12)
    at ProgrammeCard (about://React/Server/D:%5C%D0%BF%D1%80%D0%BE%D0%B5%D0%BA%D1%82%D1%8B%5CUnikchoose%5C.next%5Cdev%5Cserver%5Cchunks%5Cssr%5C%5Broot-of-the-server%5D__1622ik9._.js?70:1102:203)
    at resolveErrorDev (http://localhost:3000/_next/static/chunks/node_modules_next_dist_compiled_react-server-dom-turbopack_164kp-6._.js:1937:105)
    at getOutlinedModel (http://localhost:3000/_next/static/chunks/node_modules_next_dist_compiled_react-server-dom-turbopack_164kp-6._.js:1487:28)
    at parseModelString (http://localhost:3000/_next/static/chunks/node_modules_next_dist_compiled_react-server-dom-turbopack_164kp-6._.js:1602:50)
    at reviveModel (http://localhost:3000/_next/static/chunks/node_modules_next_dist_compiled_react-server-dom-turbopack_164kp-6._.js:2544:66)
    at parseModel (http://localhost:3000/_next/static/chunks/node_modules_next_dist_compiled_react-server-dom-turbopack_164kp-6._.js:2539:16)
    at initializeModelChunk (http://localhost:3000/_next/static/chunks/node_modules_next_dist_compiled_react-server-dom-turbopack_164kp-6._.js:1100:25)
    at getOutlinedModel (http://localhost:3000/_next/static/chunks/node_modules_next_dist_compiled_react-server-dom-turbopack_164kp-6._.js:1423:17)
    at parseModelString (http://localhost:3000/_next/static/chunks/node_modules_next_dist_compiled_react-server-dom-turbopack_164kp-6._.js:1657:50)
    at reviveModel (http://localhost:3000/_next/static/chunks/node_modules_next_dist_compiled_react-server-dom-turbopack_164kp-6._.js:2544:66)
    at reviveModel (http://localhost:3000/_next/static/chunks/node_modules_next_dist_compiled_react-server-dom-turbopack_164kp-6._.js:2547:61)
    at parseModel (http://localhost:3000/_next/static/chunks/node_modules_next_dist_compiled_react-server-dom-turbopack_164kp-6._.js:2539:16)
    at initializeModelChunk (http://localhost:3000/_next/static/chunks/node_modules_next_dist_compiled_react-server-dom-turbopack_164kp-6._.js:1100:25)
    at resolveConsoleEntry (http://localhost:3000/_next/static/chunks/node_modules_next_dist_compiled_react-server-dom-turbopack_164kp-6._.js:2069:96)
    at processFullStringRow (http://localhost:3000/_next/static/chunks/node_modules_next_dist_compiled_react-server-dom-turbopack_164kp-6._.js:2475:17)
    at processFullBinaryRow (http://localhost:3000/_next/static/chunks/node_modules_next_dist_compiled_react-server-dom-turbopack_164kp-6._.js:2415:9)
    at processBinaryChunk (http://localhost:3000/_next/static/chunks/node_modules_next_dist_compiled_react-server-dom-turbopack_164kp-6._.js:2524:221)
    at progress (http://localhost:3000/_next/static/chunks/node_modules_next_dist_compiled_react-server-dom-turbopack_164kp-6._.js:2698:20) @ http://localhost:3000/_next/static/chunks/node_modules_next_dist_1e8vcs8._.js:1052
[  247441ms] [ERROR] %c%s%c background: #e6e6e6;background: light-dark(rgba(0,0,0,0.1), rgba(255,255,255,0.25));color: #000000;color: light-dark(#000000, #ffffff);border-radius: 2px  Server   Error: MISSING_MESSAGE: Could not resolve `budget.missingBudget` in messages for locale `en`.
    at renderMatchMessage (about://React/Server/D:%5C%D0%BF%D1%80%D0%BE%D0%B5%D0%BA%D1%82%D1%8B%5CUnikchoose%5C.next%5Cdev%5Cserver%5Cchunks%5Cssr%5C%5Broot-of-the-server%5D__1622ik9._.js?65:822:12)
    at <anonymous> (about://React/Server/D:%5C%D0%BF%D1%80%D0%BE%D0%B5%D0%BA%D1%82%D1%8B%5CUnikchoose%5C.next%5Cdev%5Cserver%5Cchunks%5Cssr%5C%5Broot-of-the-server%5D__1622ik9._.js?71:1378:227)
    at Array.map (<anonymous>:1:18)
    at ProgrammeCard (about://React/Server/D:%5C%D0%BF%D1%80%D0%BE%D0%B5%D0%BA%D1%82%D1%8B%5CUnikchoose%5C.next%5Cdev%5Cserver%5Cchunks%5Cssr%5C%5Broot-of-the-server%5D__1622ik9._.js?72:1365:64)
    at resolveErrorDev (http://localhost:3000/_next/static/chunks/node_modules_next_dist_compiled_react-server-dom-turbopack_164kp-6._.js:1937:105)
    at getOutlinedModel (http://localhost:3000/_next/static/chunks/node_modules_next_dist_compiled_react-server-dom-turbopack_164kp-6._.js:1487:28)
    at parseModelString (http://localhost:3000/_next/static/chunks/node_modules_next_dist_compiled_react-server-dom-turbopack_164kp-6._.js:1602:50)
    at reviveModel (http://localhost:3000/_next/static/chunks/node_modules_next_dist_compiled_react-server-dom-turbopack_164kp-6._.js:2544:66)
    at parseModel (http://localhost:3000/_next/static/chunks/node_modules_next_dist_compiled_react-server-dom-turbopack_164kp-6._.js:2539:16)
    at initializeModelChunk (http://localhost:3000/_next/static/chunks/node_modules_next_dist_compiled_react-server-dom-turbopack_164kp-6._.js:1100:25)
    at getOutlinedModel (http://localhost:3000/_next/static/chunks/node_modules_next_dist_compiled_react-server-dom-turbopack_164kp-6._.js:1423:17)
    at parseModelString (http://localhost:3000/_next/static/chunks/node_modules_next_dist_compiled_react-server-dom-turbopack_164kp-6._.js:1657:50)
    at reviveModel (http://localhost:3000/_next/static/chunks/node_modules_next_dist_compiled_react-server-dom-turbopack_164kp-6._.js:2544:66)
    at reviveModel (http://localhost:3000/_next/static/chunks/node_modules_next_dist_compiled_react-server-dom-turbopack_164kp-6._.js:2547:61)
    at parseModel (http://localhost:3000/_next/static/chunks/node_modules_next_dist_compiled_react-server-dom-turbopack_164kp-6._.js:2539:16)
    at initializeModelChunk (http://localhost:3000/_next/static/chunks/node_modules_next_dist_compiled_react-server-dom-turbopack_164kp-6._.js:1100:25)
    at resolveConsoleEntry (http://localhost:3000/_next/static/chunks/node_modules_next_dist_compiled_react-server-dom-turbopack_164kp-6._.js:2069:96)
    at processFullStringRow (http://localhost:3000/_next/static/chunks/node_modules_next_dist_compiled_react-server-dom-turbopack_164kp-6._.js:2475:17)
    at processFullBinaryRow (http://localhost:3000/_next/static/chunks/node_modules_next_dist_compiled_react-server-dom-turbopack_164kp-6._.js:2415:9)
    at processBinaryChunk (http://localhost:3000/_next/static/chunks/node_modules_next_dist_compiled_react-server-dom-turbopack_164kp-6._.js:2524:221)
    at progress (http://localhost:3000/_next/static/chunks/node_modules_next_dist_compiled_react-server-dom-turbopack_164kp-6._.js:2698:20) @ http://localhost:3000/_next/static/chunks/node_modules_next_dist_1e8vcs8._.js:1052
[  247441ms] [ERROR] %c%s%c background: #e6e6e6;background: light-dark(rgba(0,0,0,0.1), rgba(255,255,255,0.25));color: #000000;color: light-dark(#000000, #ffffff);border-radius: 2px  Server   Error: MISSING_MESSAGE: Could not resolve `location.missingLocationPreference` in messages for locale `en`.
    at renderMatchMessage (about://React/Server/D:%5C%D0%BF%D1%80%D0%BE%D0%B5%D0%BA%D1%82%D1%8B%5CUnikchoose%5C.next%5Cdev%5Cserver%5Cchunks%5Cssr%5C%5Broot-of-the-server%5D__1622ik9._.js?65:822:12)
    at <anonymous> (about://React/Server/D:%5C%D0%BF%D1%80%D0%BE%D0%B5%D0%BA%D1%82%D1%8B%5CUnikchoose%5C.next%5Cdev%5Cserver%5Cchunks%5Cssr%5C%5Broot-of-the-server%5D__1622ik9._.js?71:1378:227)
    at Array.map (<anonymous>:1:18)
    at ProgrammeCard (about://React/Server/D:%5C%D0%BF%D1%80%D0%BE%D0%B5%D0%BA%D1%82%D1%8B%5CUnikchoose%5C.next%5Cdev%5Cserver%5Cchunks%5Cssr%5C%5Broot-of-the-server%5D__1622ik9._.js?72:1365:64)
    at resolveErrorDev (http://localhost:3000/_next/static/chunks/node_modules_next_dist_compiled_react-server-dom-turbopack_164kp-6._.js:1937:105)
    at getOutlinedModel (http://localhost:3000/_next/static/chunks/node_modules_next_dist_compiled_react-server-dom-turbopack_164kp-6._.js:1487:28)
    at parseModelString (http://localhost:3000/_next/static/chunks/node_modules_next_dist_compiled_react-server-dom-turbopack_164kp-6._.js:1602:50)
    at reviveModel (http://localhost:3000/_next/static/chunks/node_modules_next_dist_compiled_react-server-dom-turbopack_164kp-6._.js:2544:66)
    at parseModel (http://localhost:3000/_next/static/chunks/node_modules_next_dist_compiled_react-server-dom-turbopack_164kp-6._.js:2539:16)
    at initializeModelChunk (http://localhost:3000/_next/static/chunks/node_modules_next_dist_compiled_react-server-dom-turbopack_164kp-6._.js:1100:25)
    at getOutlinedModel (http://localhost:3000/_next/static/chunks/node_modules_next_dist_compiled_react-server-dom-turbopack_164kp-6._.js:1423:17)
    at parseModelString (http://localhost:3000/_next/static/chunks/node_modules_next_dist_compiled_react-server-dom-turbopack_164kp-6._.js:1657:50)
    at reviveModel (http://localhost:3000/_next/static/chunks/node_modules_next_dist_compiled_react-server-dom-turbopack_164kp-6._.js:2544:66)
    at reviveModel (http://localhost:3000/_next/static/chunks/node_modules_next_dist_compiled_react-server-dom-turbopack_164kp-6._.js:2547:61)
    at parseModel (http://localhost:3000/_next/static/chunks/node_modules_next_dist_compiled_react-server-dom-turbopack_164kp-6._.js:2539:16)
    at initializeModelChunk (http://localhost:3000/_next/static/chunks/node_modules_next_dist_compiled_react-server-dom-turbopack_164kp-6._.js:1100:25)
    at resolveConsoleEntry (http://localhost:3000/_next/static/chunks/node_modules_next_dist_compiled_react-server-dom-turbopack_164kp-6._.js:2069:96)
    at processFullStringRow (http://localhost:3000/_next/static/chunks/node_modules_next_dist_compiled_react-server-dom-turbopack_164kp-6._.js:2475:17)
    at processFullBinaryRow (http://localhost:3000/_next/static/chunks/node_modules_next_dist_compiled_react-server-dom-turbopack_164kp-6._.js:2415:9)
    at processBinaryChunk (http://localhost:3000/_next/static/chunks/node_modules_next_dist_compiled_react-server-dom-turbopack_164kp-6._.js:2524:221)
    at progress (http://localhost:3000/_next/static/chunks/node_modules_next_dist_compiled_react-server-dom-turbopack_164kp-6._.js:2698:20) @ http://localhost:3000/_next/static/chunks/node_modules_next_dist_1e8vcs8._.js:1052
[  247442ms] [ERROR] %c%s%c background: #e6e6e6;background: light-dark(rgba(0,0,0,0.1), rgba(255,255,255,0.25));color: #000000;color: light-dark(#000000, #ffffff);border-radius: 2px  Server   Error: MISSING_MESSAGE: Could not resolve `admission.entranceExamRequired` in messages for locale `en`.
    at renderMatchMessage (about://React/Server/D:%5C%D0%BF%D1%80%D0%BE%D0%B5%D0%BA%D1%82%D1%8B%5CUnikchoose%5C.next%5Cdev%5Cserver%5Cchunks%5Cssr%5C%5Broot-of-the-server%5D__1622ik9._.js?65:822:12)
    at <anonymous> (about://React/Server/D:%5C%D0%BF%D1%80%D0%BE%D0%B5%D0%BA%D1%82%D1%8B%5CUnikchoose%5C.next%5Cdev%5Cserver%5Cchunks%5Cssr%5C%5Broot-of-the-server%5D__1622ik9._.js?71:1378:227)
    at Array.map (<anonymous>:1:18)
    at ProgrammeCard (about://React/Server/D:%5C%D0%BF%D1%80%D0%BE%D0%B5%D0%BA%D1%82%D1%8B%5CUnikchoose%5C.next%5Cdev%5Cserver%5Cchunks%5Cssr%5C%5Broot-of-the-server%5D__1622ik9._.js?72:1365:64)
    at resolveErrorDev (http://localhost:3000/_next/static/chunks/node_modules_next_dist_compiled_react-server-dom-turbopack_164kp-6._.js:1937:105)
    at getOutlinedModel (http://localhost:3000/_next/static/chunks/node_modules_next_dist_compiled_react-server-dom-turbopack_164kp-6._.js:1487:28)
    at parseModelString (http://localhost:3000/_next/static/chunks/node_modules_next_dist_compiled_react-server-dom-turbopack_164kp-6._.js:1602:50)
    at reviveModel (http://localhost:3000/_next/static/chunks/node_modules_next_dist_compiled_react-server-dom-turbopack_164kp-6._.js:2544:66)
    at parseModel (http://localhost:3000/_next/static/chunks/node_modules_next_dist_compiled_react-server-dom-turbopack_164kp-6._.js:2539:16)
    at initializeModelChunk (http://localhost:3000/_next/static/chunks/node_modules_next_dist_compiled_react-server-dom-turbopack_164kp-6._.js:1100:25)
    at getOutlinedModel (http://localhost:3000/_next/static/chunks/node_modules_next_dist_compiled_react-server-dom-turbopack_164kp-6._.js:1423:17)
    at parseModelString (http://localhost:3000/_next/static/chunks/node_modules_next_dist_compiled_react-server-dom-turbopack_164kp-6._.js:1657:50)
    at reviveModel (http://localhost:3000/_next/static/chunks/node_modules_next_dist_compiled_react-server-dom-turbopack_164kp-6._.js:2544:66)
    at reviveModel (http://localhost:3000/_next/static/chunks/node_modules_next_dist_compiled_react-server-dom-turbopack_164kp-6._.js:2547:61)
    at parseModel (http://localhost:3000/_next/static/chunks/node_modules_next_dist_compiled_react-server-dom-turbopack_164kp-6._.js:2539:16)
    at initializeModelChunk (http://localhost:3000/_next/static/chunks/node_modules_next_dist_compiled_react-server-dom-turbopack_164kp-6._.js:1100:25)
    at resolveConsoleEntry (http://localhost:3000/_next/static/chunks/node_modules_next_dist_compiled_react-server-dom-turbopack_164kp-6._.js:2069:96)
    at processFullStringRow (http://localhost:3000/_next/static/chunks/node_modules_next_dist_compiled_react-server-dom-turbopack_164kp-6._.js:2475:17)
    at processFullBinaryRow (http://localhost:3000/_next/static/chunks/node_modules_next_dist_compiled_react-server-dom-turbopack_164kp-6._.js:2415:9)
    at processBinaryChunk (http://localhost:3000/_next/static/chunks/node_modules_next_dist_compiled_react-server-dom-turbopack_164kp-6._.js:2524:221)
    at progress (http://localhost:3000/_next/static/chunks/node_modules_next_dist_compiled_react-server-dom-turbopack_164kp-6._.js:2698:20) @ http://localhost:3000/_next/static/chunks/node_modules_next_dist_1e8vcs8._.js:1052
[  247442ms] [ERROR] %c%s%c background: #e6e6e6;background: light-dark(rgba(0,0,0,0.1), rgba(255,255,255,0.25));color: #000000;color: light-dark(#000000, #ffffff);border-radius: 2px  Server   Error: MISSING_MESSAGE: Could not resolve `career.missingData` in messages for locale `en`.
    at renderMatchMessage (about://React/Server/D:%5C%D0%BF%D1%80%D0%BE%D0%B5%D0%BA%D1%82%D1%8B%5CUnikchoose%5C.next%5Cdev%5Cserver%5Cchunks%5Cssr%5C%5Broot-of-the-server%5D__1622ik9._.js?65:822:12)
    at <anonymous> (about://React/Server/D:%5C%D0%BF%D1%80%D0%BE%D0%B5%D0%BA%D1%82%D1%8B%5CUnikchoose%5C.next%5Cdev%5Cserver%5Cchunks%5Cssr%5C%5Broot-of-the-server%5D__1622ik9._.js?71:1378:227)
    at Array.map (<anonymous>:1:18)
    at ProgrammeCard (about://React/Server/D:%5C%D0%BF%D1%80%D0%BE%D0%B5%D0%BA%D1%82%D1%8B%5CUnikchoose%5C.next%5Cdev%5Cserver%5Cchunks%5Cssr%5C%5Broot-of-the-server%5D__1622ik9._.js?72:1365:64)
    at resolveErrorDev (http://localhost:3000/_next/static/chunks/node_modules_next_dist_compiled_react-server-dom-turbopack_164kp-6._.js:1937:105)
    at getOutlinedModel (http://localhost:3000/_next/static/chunks/node_modules_next_dist_compiled_react-server-dom-turbopack_164kp-6._.js:1487:28)
    at parseModelString (http://localhost:3000/_next/static/chunks/node_modules_next_dist_compiled_react-server-dom-turbopack_164kp-6._.js:1602:50)
    at reviveModel (http://localhost:3000/_next/static/chunks/node_modules_next_dist_compiled_react-server-dom-turbopack_164kp-6._.js:2544:66)
    at parseModel (http://localhost:3000/_next/static/chunks/node_modules_next_dist_compiled_react-server-dom-turbopack_164kp-6._.js:2539:16)
    at initializeModelChunk (http://localhost:3000/_next/static/chunks/node_modules_next_dist_compiled_react-server-dom-turbopack_164kp-6._.js:1100:25)
    at getOutlinedModel (http://localhost:3000/_next/static/chunks/node_modules_next_dist_compiled_react-server-dom-turbopack_164kp-6._.js:1423:17)
    at parseModelString (http://localhost:3000/_next/static/chunks/node_modules_next_dist_compiled_react-server-dom-turbopack_164kp-6._.js:1657:50)
    at reviveModel (http://localhost:3000/_next/static/chunks/node_modules_next_dist_compiled_react-server-dom-turbopack_164kp-6._.js:2544:66)
    at reviveModel (http://localhost:3000/_next/static/chunks/node_modules_next_dist_compiled_react-server-dom-turbopack_164kp-6._.js:2547:61)
    at parseModel (http://localhost:3000/_next/static/chunks/node_modules_next_dist_compiled_react-server-dom-turbopack_164kp-6._.js:2539:16)
    at initializeModelChunk (http://localhost:3000/_next/static/chunks/node_modules_next_dist_compiled_react-server-dom-turbopack_164kp-6._.js:1100:25)
    at resolveConsoleEntry (http://localhost:3000/_next/static/chunks/node_modules_next_dist_compiled_react-server-dom-turbopack_164kp-6._.js:2069:96)
    at processFullStringRow (http://localhost:3000/_next/static/chunks/node_modules_next_dist_compiled_react-server-dom-turbopack_164kp-6._.js:2475:17)
    at processFullBinaryRow (http://localhost:3000/_next/static/chunks/node_modules_next_dist_compiled_react-server-dom-turbopack_164kp-6._.js:2415:9)
    at processBinaryChunk (http://localhost:3000/_next/static/chunks/node_modules_next_dist_compiled_react-server-dom-turbopack_164kp-6._.js:2524:221)
    at progress (http://localhost:3000/_next/static/chunks/node_modules_next_dist_compiled_react-server-dom-turbopack_164kp-6._.js:2698:20) @ http://localhost:3000/_next/static/chunks/node_modules_next_dist_1e8vcs8._.js:1052
[  247442ms] [ERROR] %c%s%c background: #e6e6e6;background: light-dark(rgba(0,0,0,0.1), rgba(255,255,255,0.25));color: #000000;color: light-dark(#000000, #ffffff);border-radius: 2px  Server   Error: MISSING_MESSAGE: Could not resolve `format.missingData` in messages for locale `en`.
    at renderMatchMessage (about://React/Server/D:%5C%D0%BF%D1%80%D0%BE%D0%B5%D0%BA%D1%82%D1%8B%5CUnikchoose%5C.next%5Cdev%5Cserver%5Cchunks%5Cssr%5C%5Broot-of-the-server%5D__1622ik9._.js?65:822:12)
    at <anonymous> (about://React/Server/D:%5C%D0%BF%D1%80%D0%BE%D0%B5%D0%BA%D1%82%D1%8B%5CUnikchoose%5C.next%5Cdev%5Cserver%5Cchunks%5Cssr%5C%5Broot-of-the-server%5D__1622ik9._.js?71:1378:227)
    at Array.map (<anonymous>:1:18)
    at ProgrammeCard (about://React/Server/D:%5C%D0%BF%D1%80%D0%BE%D0%B5%D0%BA%D1%82%D1%8B%5CUnikchoose%5C.next%5Cdev%5Cserver%5Cchunks%5Cssr%5C%5Broot-of-the-server%5D__1622ik9._.js?72:1365:64)
    at resolveErrorDev (http://localhost:3000/_next/static/chunks/node_modules_next_dist_compiled_react-server-dom-turbopack_164kp-6._.js:1937:105)
    at getOutlinedModel (http://localhost:3000/_next/static/chunks/node_modules_next_dist_compiled_react-server-dom-turbopack_164kp-6._.js:1487:28)
    at parseModelString (http://localhost:3000/_next/static/chunks/node_modules_next_dist_compiled_react-server-dom-turbopack_164kp-6._.js:1602:50)
    at reviveModel (http://localhost:3000/_next/static/chunks/node_modules_next_dist_compiled_react-server-dom-turbopack_164kp-6._.js:2544:66)
    at parseModel (http://localhost:3000/_next/static/chunks/node_modules_next_dist_compiled_react-server-dom-turbopack_164kp-6._.js:2539:16)
    at initializeModelChunk (http://localhost:3000/_next/static/chunks/node_modules_next_dist_compiled_react-server-dom-turbopack_164kp-6._.js:1100:25)
    at getOutlinedModel (http://localhost:3000/_next/static/chunks/node_modules_next_dist_compiled_react-server-dom-turbopack_164kp-6._.js:1423:17)
    at parseModelString (http://localhost:3000/_next/static/chunks/node_modules_next_dist_compiled_react-server-dom-turbopack_164kp-6._.js:1657:50)
    at reviveModel (http://localhost:3000/_next/static/chunks/node_modules_next_dist_compiled_react-server-dom-turbopack_164kp-6._.js:2544:66)
    at reviveModel (http://localhost:3000/_next/static/chunks/node_modules_next_dist_compiled_react-server-dom-turbopack_164kp-6._.js:2547:61)
    at parseModel (http://localhost:3000/_next/static/chunks/node_modules_next_dist_compiled_react-server-dom-turbopack_164kp-6._.js:2539:16)
    at initializeModelChunk (http://localhost:3000/_next/static/chunks/node_modules_next_dist_compiled_react-server-dom-turbopack_164kp-6._.js:1100:25)
    at resolveConsoleEntry (http://localhost:3000/_next/static/chunks/node_modules_next_dist_compiled_react-server-dom-turbopack_164kp-6._.js:2069:96)
    at processFullStringRow (http://localhost:3000/_next/static/chunks/node_modules_next_dist_compiled_react-server-dom-turbopack_164kp-6._.js:2475:17)
    at processFullBinaryRow (http://localhost:3000/_next/static/chunks/node_modules_next_dist_compiled_react-server-dom-turbopack_164kp-6._.js:2415:9)
    at processBinaryChunk (http://localhost:3000/_next/static/chunks/node_modules_next_dist_compiled_react-server-dom-turbopack_164kp-6._.js:2524:221)
    at progress (http://localhost:3000/_next/static/chunks/node_modules_next_dist_compiled_react-server-dom-turbopack_164kp-6._.js:2698:20) @ http://localhost:3000/_next/static/chunks/node_modules_next_dist_1e8vcs8._.js:1052
[  247443ms] [ERROR] %c%s%c background: #e6e6e6;background: light-dark(rgba(0,0,0,0.1), rgba(255,255,255,0.25));color: #000000;color: light-dark(#000000, #ffffff);border-radius: 2px  Server   Error: MISSING_MESSAGE: Could not resolve `lifestyle.missingData` in messages for locale `en`.
    at renderMatchMessage (about://React/Server/D:%5C%D0%BF%D1%80%D0%BE%D0%B5%D0%BA%D1%82%D1%8B%5CUnikchoose%5C.next%5Cdev%5Cserver%5Cchunks%5Cssr%5C%5Broot-of-the-server%5D__1622ik9._.js?65:822:12)
    at <anonymous> (about://React/Server/D:%5C%D0%BF%D1%80%D0%BE%D0%B5%D0%BA%D1%82%D1%8B%5CUnikchoose%5C.next%5Cdev%5Cserver%5Cchunks%5Cssr%5C%5Broot-of-the-server%5D__1622ik9._.js?71:1378:227)
    at Array.map (<anonymous>:1:18)
    at ProgrammeCard (about://React/Server/D:%5C%D0%BF%D1%80%D0%BE%D0%B5%D0%BA%D1%82%D1%8B%5CUnikchoose%5C.next%5Cdev%5Cserver%5Cchunks%5Cssr%5C%5Broot-of-the-server%5D__1622ik9._.js?72:1365:64)
    at resolveErrorDev (http://localhost:3000/_next/static/chunks/node_modules_next_dist_compiled_react-server-dom-turbopack_164kp-6._.js:1937:105)
    at getOutlinedModel (http://localhost:3000/_next/static/chunks/node_modules_next_dist_compiled_react-server-dom-turbopack_164kp-6._.js:1487:28)
    at parseModelString (http://localhost:3000/_next/static/chunks/node_modules_next_dist_compiled_react-server-dom-turbopack_164kp-6._.js:1602:50)
    at reviveModel (http://localhost:3000/_next/static/chunks/node_modules_next_dist_compiled_react-server-dom-turbopack_164kp-6._.js:2544:66)
    at parseModel (http://localhost:3000/_next/static/chunks/node_modules_next_dist_compiled_react-server-dom-turbopack_164kp-6._.js:2539:16)
    at initializeModelChunk (http://localhost:3000/_next/static/chunks/node_modules_next_dist_compiled_react-server-dom-turbopack_164kp-6._.js:1100:25)
    at getOutlinedModel (http://localhost:3000/_next/static/chunks/node_modules_next_dist_compiled_react-server-dom-turbopack_164kp-6._.js:1423:17)
    at parseModelString (http://localhost:3000/_next/static/chunks/node_modules_next_dist_compiled_react-server-dom-turbopack_164kp-6._.js:1657:50)
    at reviveModel (http://localhost:3000/_next/static/chunks/node_modules_next_dist_compiled_react-server-dom-turbopack_164kp-6._.js:2544:66)
    at reviveModel (http://localhost:3000/_next/static/chunks/node_modules_next_dist_compiled_react-server-dom-turbopack_164kp-6._.js:2547:61)
    at parseModel (http://localhost:3000/_next/static/chunks/node_modules_next_dist_compiled_react-server-dom-turbopack_164kp-6._.js:2539:16)
    at initializeModelChunk (http://localhost:3000/_next/static/chunks/node_modules_next_dist_compiled_react-server-dom-turbopack_164kp-6._.js:1100:25)
    at resolveConsoleEntry (http://localhost:3000/_next/static/chunks/node_modules_next_dist_compiled_react-server-dom-turbopack_164kp-6._.js:2069:96)
    at processFullStringRow (http://localhost:3000/_next/static/chunks/node_modules_next_dist_compiled_react-server-dom-turbopack_164kp-6._.js:2475:17)
    at processFullBinaryRow (http://localhost:3000/_next/static/chunks/node_modules_next_dist_compiled_react-server-dom-turbopack_164kp-6._.js:2415:9)
    at processBinaryChunk (http://localhost:3000/_next/static/chunks/node_modules_next_dist_compiled_react-server-dom-turbopack_164kp-6._.js:2524:221)
    at progress (http://localhost:3000/_next/static/chunks/node_modules_next_dist_compiled_react-server-dom-turbopack_164kp-6._.js:2698:20) @ http://localhost:3000/_next/static/chunks/node_modules_next_dist_1e8vcs8._.js:1052
[  247443ms] [ERROR] %c%s%c background: #e6e6e6;background: light-dark(rgba(0,0,0,0.1), rgba(255,255,255,0.25));color: #000000;color: light-dark(#000000, #ffffff);border-radius: 2px  Server   Error: MISSING_MESSAGE: Could not resolve `language.matchesPreferredLanguage` in messages for locale `en`.
    at renderMatchMessage (about://React/Server/D:%5C%D0%BF%D1%80%D0%BE%D0%B5%D0%BA%D1%82%D1%8B%5CUnikchoose%5C.next%5Cdev%5Cserver%5Cchunks%5Cssr%5C%5Broot-of-the-server%5D__1622ik9._.js?65:822:12)
    at <anonymous> (about://React/Server/D:%5C%D0%BF%D1%80%D0%BE%D0%B5%D0%BA%D1%82%D1%8B%5CUnikchoose%5C.next%5Cdev%5Cserver%5Cchunks%5Cssr%5C%5Broot-of-the-server%5D__1622ik9._.js?66:1056:211)
    at Array.map (<anonymous>:1:18)
    at ProgrammeCard (about://React/Server/D:%5C%D0%BF%D1%80%D0%BE%D0%B5%D0%BA%D1%82%D1%8B%5CUnikchoose%5C.next%5Cdev%5Cserver%5Cchunks%5Cssr%5C%5Broot-of-the-server%5D__1622ik9._.js?67:1043:50)
    at resolveErrorDev (http://localhost:3000/_next/static/chunks/node_modules_next_dist_compiled_react-server-dom-turbopack_164kp-6._.js:1937:105)
    at getOutlinedModel (http://localhost:3000/_next/static/chunks/node_modules_next_dist_compiled_react-server-dom-turbopack_164kp-6._.js:1487:28)
    at parseModelString (http://localhost:3000/_next/static/chunks/node_modules_next_dist_compiled_react-server-dom-turbopack_164kp-6._.js:1602:50)
    at reviveModel (http://localhost:3000/_next/static/chunks/node_modules_next_dist_compiled_react-server-dom-turbopack_164kp-6._.js:2544:66)
    at parseModel (http://localhost:3000/_next/static/chunks/node_modules_next_dist_compiled_react-server-dom-turbopack_164kp-6._.js:2539:16)
    at initializeModelChunk (http://localhost:3000/_next/static/chunks/node_modules_next_dist_compiled_react-server-dom-turbopack_164kp-6._.js:1100:25)
    at getOutlinedModel (http://localhost:3000/_next/static/chunks/node_modules_next_dist_compiled_react-server-dom-turbopack_164kp-6._.js:1423:17)
    at parseModelString (http://localhost:3000/_next/static/chunks/node_modules_next_dist_compiled_react-server-dom-turbopack_164kp-6._.js:1657:50)
    at reviveModel (http://localhost:3000/_next/static/chunks/node_modules_next_dist_compiled_react-server-dom-turbopack_164kp-6._.js:2544:66)
    at reviveModel (http://localhost:3000/_next/static/chunks/node_modules_next_dist_compiled_react-server-dom-turbopack_164kp-6._.js:2547:61)
    at parseModel (http://localhost:3000/_next/static/chunks/node_modules_next_dist_compiled_react-server-dom-turbopack_164kp-6._.js:2539:16)
    at initializeModelChunk (http://localhost:3000/_next/static/chunks/node_modules_next_dist_compiled_react-server-dom-turbopack_164kp-6._.js:1100:25)
    at resolveConsoleEntry (http://localhost:3000/_next/static/chunks/node_modules_next_dist_compiled_react-server-dom-turbopack_164kp-6._.js:2069:96)
    at processFullStringRow (http://localhost:3000/_next/static/chunks/node_modules_next_dist_compiled_react-server-dom-turbopack_164kp-6._.js:2475:17)
    at processFullBinaryRow (http://localhost:3000/_next/static/chunks/node_modules_next_dist_compiled_react-server-dom-turbopack_164kp-6._.js:2415:9)
    at processBinaryChunk (http://localhost:3000/_next/static/chunks/node_modules_next_dist_compiled_react-server-dom-turbopack_164kp-6._.js:2524:221)
    at progress (http://localhost:3000/_next/static/chunks/node_modules_next_dist_compiled_react-server-dom-turbopack_164kp-6._.js:2698:20) @ http://localhost:3000/_next/static/chunks/node_modules_next_dist_1e8vcs8._.js:1052
[  247443ms] [ERROR] %c%s%c background: #e6e6e6;background: light-dark(rgba(0,0,0,0.1), rgba(255,255,255,0.25));color: #000000;color: light-dark(#000000, #ffffff);border-radius: 2px  Server   Error: MISSING_MESSAGE: Could not resolve `admission.deadlineInfo` in messages for locale `en`.
    at renderMatchMessage (about://React/Server/D:%5C%D0%BF%D1%80%D0%BE%D0%B5%D0%BA%D1%82%D1%8B%5CUnikchoose%5C.next%5Cdev%5Cserver%5Cchunks%5Cssr%5C%5Broot-of-the-server%5D__1622ik9._.js?65:822:12)
    at <anonymous> (about://React/Server/D:%5C%D0%BF%D1%80%D0%BE%D0%B5%D0%BA%D1%82%D1%8B%5CUnikchoose%5C.next%5Cdev%5Cserver%5Cchunks%5Cssr%5C%5Broot-of-the-server%5D__1622ik9._.js?66:1056:211)
    at Array.map (<anonymous>:1:18)
    at ProgrammeCard (about://React/Server/D:%5C%D0%BF%D1%80%D0%BE%D0%B5%D0%BA%D1%82%D1%8B%5CUnikchoose%5C.next%5Cdev%5Cserver%5Cchunks%5Cssr%5C%5Broot-of-the-server%5D__1622ik9._.js?67:1043:50)
    at resolveErrorDev (http://localhost:3000/_next/static/chunks/node_modules_next_dist_compiled_react-server-dom-turbopack_164kp-6._.js:1937:105)
    at getOutlinedModel (http://localhost:3000/_next/static/chunks/node_modules_next_dist_compiled_react-server-dom-turbopack_164kp-6._.js:1487:28)
    at parseModelString (http://localhost:3000/_next/static/chunks/node_modules_next_dist_compiled_react-server-dom-turbopack_164kp-6._.js:1602:50)
    at reviveModel (http://localhost:3000/_next/static/chunks/node_modules_next_dist_compiled_react-server-dom-turbopack_164kp-6._.js:2544:66)
    at parseModel (http://localhost:3000/_next/static/chunks/node_modules_next_dist_compiled_react-server-dom-turbopack_164kp-6._.js:2539:16)
    at initializeModelChunk (http://localhost:3000/_next/static/chunks/node_modules_next_dist_compiled_react-server-dom-turbopack_164kp-6._.js:1100:25)
    at getOutlinedModel (http://localhost:3000/_next/static/chunks/node_modules_next_dist_compiled_react-server-dom-turbopack_164kp-6._.js:1423:17)
    at parseModelString (http://localhost:3000/_next/static/chunks/node_modules_next_dist_compiled_react-server-dom-turbopack_164kp-6._.js:1657:50)
    at reviveModel (http://localhost:3000/_next/static/chunks/node_modules_next_dist_compiled_react-server-dom-turbopack_164kp-6._.js:2544:66)
    at reviveModel (http://localhost:3000/_next/static/chunks/node_modules_next_dist_compiled_react-server-dom-turbopack_164kp-6._.js:2547:61)
    at parseModel (http://localhost:3000/_next/static/chunks/node_modules_next_dist_compiled_react-server-dom-turbopack_164kp-6._.js:2539:16)
    at initializeModelChunk (http://localhost:3000/_next/static/chunks/node_modules_next_dist_compiled_react-server-dom-turbopack_164kp-6._.js:1100:25)
    at resolveConsoleEntry (http://localhost:3000/_next/static/chunks/node_modules_next_dist_compiled_react-server-dom-turbopack_164kp-6._.js:2069:96)
    at processFullStringRow (http://localhost:3000/_next/static/chunks/node_modules_next_dist_compiled_react-server-dom-turbopack_164kp-6._.js:2475:17)
    at processFullBinaryRow (http://localhost:3000/_next/static/chunks/node_modules_next_dist_compiled_react-server-dom-turbopack_164kp-6._.js:2415:9)
    at processBinaryChunk (http://localhost:3000/_next/static/chunks/node_modules_next_dist_compiled_react-server-dom-turbopack_164kp-6._.js:2524:221)
    at progress (http://localhost:3000/_next/static/chunks/node_modules_next_dist_compiled_react-server-dom-turbopack_164kp-6._.js:2698:20) @ http://localhost:3000/_next/static/chunks/node_modules_next_dist_1e8vcs8._.js:1052
[  247443ms] [ERROR] %c%s%c background: #e6e6e6;background: light-dark(rgba(0,0,0,0.1), rgba(255,255,255,0.25));color: #000000;color: light-dark(#000000, #ffffff);border-radius: 2px  Server   Error: MISSING_MESSAGE: Could not resolve `support.internationalOffice` in messages for locale `en`.
    at renderMatchMessage (about://React/Server/D:%5C%D0%BF%D1%80%D0%BE%D0%B5%D0%BA%D1%82%D1%8B%5CUnikchoose%5C.next%5Cdev%5Cserver%5Cchunks%5Cssr%5C%5Broot-of-the-server%5D__1622ik9._.js?65:822:12)
    at <anonymous> (about://React/Server/D:%5C%D0%BF%D1%80%D0%BE%D0%B5%D0%BA%D1%82%D1%8B%5CUnikchoose%5C.next%5Cdev%5Cserver%5Cchunks%5Cssr%5C%5Broot-of-the-server%5D__1622ik9._.js?66:1056:211)
    at Array.map (<anonymous>:1:18)
    at ProgrammeCard (about://React/Server/D:%5C%D0%BF%D1%80%D0%BE%D0%B5%D0%BA%D1%82%D1%8B%5CUnikchoose%5C.next%5Cdev%5Cserver%5Cchunks%5Cssr%5C%5Broot-of-the-server%5D__1622ik9._.js?67:1043:50)
    at resolveErrorDev (http://localhost:3000/_next/static/chunks/node_modules_next_dist_compiled_react-server-dom-turbopack_164kp-6._.js:1937:105)
    at getOutlinedModel (http://localhost:3000/_next/static/chunks/node_modules_next_dist_compiled_react-server-dom-turbopack_164kp-6._.js:1487:28)
    at parseModelString (http://localhost:3000/_next/static/chunks/node_modules_next_dist_compiled_react-server-dom-turbopack_164kp-6._.js:1602:50)
    at reviveModel (http://localhost:3000/_next/static/chunks/node_modules_next_dist_compiled_react-server-dom-turbopack_164kp-6._.js:2544:66)
    at parseModel (http://localhost:3000/_next/static/chunks/node_modules_next_dist_compiled_react-server-dom-turbopack_164kp-6._.js:2539:16)
    at initializeModelChunk (http://localhost:3000/_next/static/chunks/node_modules_next_dist_compiled_react-server-dom-turbopack_164kp-6._.js:1100:25)
    at getOutlinedModel (http://localhost:3000/_next/static/chunks/node_modules_next_dist_compiled_react-server-dom-turbopack_164kp-6._.js:1423:17)
    at parseModelString (http://localhost:3000/_next/static/chunks/node_modules_next_dist_compiled_react-server-dom-turbopack_164kp-6._.js:1657:50)
    at reviveModel (http://localhost:3000/_next/static/chunks/node_modules_next_dist_compiled_react-server-dom-turbopack_164kp-6._.js:2544:66)
    at reviveModel (http://localhost:3000/_next/static/chunks/node_modules_next_dist_compiled_react-server-dom-turbopack_164kp-6._.js:2547:61)
    at parseModel (http://localhost:3000/_next/static/chunks/node_modules_next_dist_compiled_react-server-dom-turbopack_164kp-6._.js:2539:16)
    at initializeModelChunk (http://localhost:3000/_next/static/chunks/node_modules_next_dist_compiled_react-server-dom-turbopack_164kp-6._.js:1100:25)
    at resolveConsoleEntry (http://localhost:3000/_next/static/chunks/node_modules_next_dist_compiled_react-server-dom-turbopack_164kp-6._.js:2069:96)
    at processFullStringRow (http://localhost:3000/_next/static/chunks/node_modules_next_dist_compiled_react-server-dom-turbopack_164kp-6._.js:2475:17)
    at processFullBinaryRow (http://localhost:3000/_next/static/chunks/node_modules_next_dist_compiled_react-server-dom-turbopack_164kp-6._.js:2415:9)
    at processBinaryChunk (http://localhost:3000/_next/static/chunks/node_modules_next_dist_compiled_react-server-dom-turbopack_164kp-6._.js:2524:221)
    at progress (http://localhost:3000/_next/static/chunks/node_modules_next_dist_compiled_react-server-dom-turbopack_164kp-6._.js:2698:20) @ http://localhost:3000/_next/static/chunks/node_modules_next_dist_1e8vcs8._.js:1052
[  247443ms] [ERROR] %c%s%c background: #e6e6e6;background: light-dark(rgba(0,0,0,0.1), rgba(255,255,255,0.25));color: #000000;color: light-dark(#000000, #ffffff);border-radius: 2px  Server   Error: MISSING_MESSAGE: Could not resolve `academic.entranceExamGeneric` in messages for locale `en`.
    at renderMatchMessage (about://React/Server/D:%5C%D0%BF%D1%80%D0%BE%D0%B5%D0%BA%D1%82%D1%8B%5CUnikchoose%5C.next%5Cdev%5Cserver%5Cchunks%5Cssr%5C%5Broot-of-the-server%5D__1622ik9._.js?65:822:12)
    at ProgrammeCard (about://React/Server/D:%5C%D0%BF%D1%80%D0%BE%D0%B5%D0%BA%D1%82%D1%8B%5CUnikchoose%5C.next%5Cdev%5Cserver%5Cchunks%5Cssr%5C%5Broot-of-the-server%5D__1622ik9._.js?70:1102:203)
    at resolveErrorDev (http://localhost:3000/_next/static/chunks/node_modules_next_dist_compiled_react-server-dom-turbopack_164kp-6._.js:1937:105)
    at getOutlinedModel (http://localhost:3000/_next/static/chunks/node_modules_next_dist_compiled_react-server-dom-turbopack_164kp-6._.js:1487:28)
    at parseModelString (http://localhost:3000/_next/static/chunks/node_modules_next_dist_compiled_react-server-dom-turbopack_164kp-6._.js:1602:50)
    at reviveModel (http://localhost:3000/_next/static/chunks/node_modules_next_dist_compiled_react-server-dom-turbopack_164kp-6._.js:2544:66)
    at parseModel (http://localhost:3000/_next/static/chunks/node_modules_next_dist_compiled_react-server-dom-turbopack_164kp-6._.js:2539:16)
    at initializeModelChunk (http://localhost:3000/_next/static/chunks/node_modules_next_dist_compiled_react-server-dom-turbopack_164kp-6._.js:1100:25)
    at getOutlinedModel (http://localhost:3000/_next/static/chunks/node_modules_next_dist_compiled_react-server-dom-turbopack_164kp-6._.js:1423:17)
    at parseModelString (http://localhost:3000/_next/static/chunks/node_modules_next_dist_compiled_react-server-dom-turbopack_164kp-6._.js:1657:50)
    at reviveModel (http://localhost:3000/_next/static/chunks/node_modules_next_dist_compiled_react-server-dom-turbopack_164kp-6._.js:2544:66)
    at reviveModel (http://localhost:3000/_next/static/chunks/node_modules_next_dist_compiled_react-server-dom-turbopack_164kp-6._.js:2547:61)
    at parseModel (http://localhost:3000/_next/static/chunks/node_modules_next_dist_compiled_react-server-dom-turbopack_164kp-6._.js:2539:16)
    at initializeModelChunk (http://localhost:3000/_next/static/chunks/node_modules_next_dist_compiled_react-server-dom-turbopack_164kp-6._.js:1100:25)
    at resolveConsoleEntry (http://localhost:3000/_next/static/chunks/node_modules_next_dist_compiled_react-server-dom-turbopack_164kp-6._.js:2069:96)
    at processFullStringRow (http://localhost:3000/_next/static/chunks/node_modules_next_dist_compiled_react-server-dom-turbopack_164kp-6._.js:2475:17)
    at processFullBinaryRow (http://localhost:3000/_next/static/chunks/node_modules_next_dist_compiled_react-server-dom-turbopack_164kp-6._.js:2415:9)
    at processBinaryChunk (http://localhost:3000/_next/static/chunks/node_modules_next_dist_compiled_react-server-dom-turbopack_164kp-6._.js:2524:221)
    at progress (http://localhost:3000/_next/static/chunks/node_modules_next_dist_compiled_react-server-dom-turbopack_164kp-6._.js:2698:20) @ http://localhost:3000/_next/static/chunks/node_modules_next_dist_1e8vcs8._.js:1052
[  247443ms] [ERROR] %c%s%c background: #e6e6e6;background: light-dark(rgba(0,0,0,0.1), rgba(255,255,255,0.25));color: #000000;color: light-dark(#000000, #ffffff);border-radius: 2px  Server   Error: MISSING_MESSAGE: Could not resolve `support.dormitory` in messages for locale `en`.
    at renderMatchMessage (about://React/Server/D:%5C%D0%BF%D1%80%D0%BE%D0%B5%D0%BA%D1%82%D1%8B%5CUnikchoose%5C.next%5Cdev%5Cserver%5Cchunks%5Cssr%5C%5Broot-of-the-server%5D__1622ik9._.js?65:822:12)
    at <anonymous> (about://React/Server/D:%5C%D0%BF%D1%80%D0%BE%D0%B5%D0%BA%D1%82%D1%8B%5CUnikchoose%5C.next%5Cdev%5Cserver%5Cchunks%5Cssr%5C%5Broot-of-the-server%5D__1622ik9._.js?73:1329:227)
    at Array.map (<anonymous>:1:18)
    at ProgrammeCard (about://React/Server/D:%5C%D0%BF%D1%80%D0%BE%D0%B5%D0%BA%D1%82%D1%8B%5CUnikchoose%5C.next%5Cdev%5Cserver%5Cchunks%5Cssr%5C%5Broot-of-the-server%5D__1622ik9._.js?74:1316:63)
    at resolveErrorDev (http://localhost:3000/_next/static/chunks/node_modules_next_dist_compiled_react-server-dom-turbopack_164kp-6._.js:1937:105)
    at getOutlinedModel (http://localhost:3000/_next/static/chunks/node_modules_next_dist_compiled_react-server-dom-turbopack_164kp-6._.js:1487:28)
    at parseModelString (http://localhost:3000/_next/static/chunks/node_modules_next_dist_compiled_react-server-dom-turbopack_164kp-6._.js:1602:50)
    at reviveModel (http://localhost:3000/_next/static/chunks/node_modules_next_dist_compiled_react-server-dom-turbopack_164kp-6._.js:2544:66)
    at parseModel (http://localhost:3000/_next/static/chunks/node_modules_next_dist_compiled_react-server-dom-turbopack_164kp-6._.js:2539:16)
    at initializeModelChunk (http://localhost:3000/_next/static/chunks/node_modules_next_dist_compiled_react-server-dom-turbopack_164kp-6._.js:1100:25)
    at getOutlinedModel (http://localhost:3000/_next/static/chunks/node_modules_next_dist_compiled_react-server-dom-turbopack_164kp-6._.js:1423:17)
    at parseModelString (http://localhost:3000/_next/static/chunks/node_modules_next_dist_compiled_react-server-dom-turbopack_164kp-6._.js:1657:50)
    at reviveModel (http://localhost:3000/_next/static/chunks/node_modules_next_dist_compiled_react-server-dom-turbopack_164kp-6._.js:2544:66)
    at reviveModel (http://localhost:3000/_next/static/chunks/node_modules_next_dist_compiled_react-server-dom-turbopack_164kp-6._.js:2547:61)
    at parseModel (http://localhost:3000/_next/static/chunks/node_modules_next_dist_compiled_react-server-dom-turbopack_164kp-6._.js:2539:16)
    at initializeModelChunk (http://localhost:3000/_next/static/chunks/node_modules_next_dist_compiled_react-server-dom-turbopack_164kp-6._.js:1100:25)
    at resolveConsoleEntry (http://localhost:3000/_next/static/chunks/node_modules_next_dist_compiled_react-server-dom-turbopack_164kp-6._.js:2069:96)
    at processFullStringRow (http://localhost:3000/_next/static/chunks/node_modules_next_dist_compiled_react-server-dom-turbopack_164kp-6._.js:2475:17)
    at processFullBinaryRow (http://localhost:3000/_next/static/chunks/node_modules_next_dist_compiled_react-server-dom-turbopack_164kp-6._.js:2415:9)
    at processBinaryChunk (http://localhost:3000/_next/static/chunks/node_modules_next_dist_compiled_react-server-dom-turbopack_164kp-6._.js:2524:221)
    at progress (http://localhost:3000/_next/static/chunks/node_modules_next_dist_compiled_react-server-dom-turbopack_164kp-6._.js:2698:20) @ http://localhost:3000/_next/static/chunks/node_modules_next_dist_1e8vcs8._.js:1052
[  247443ms] [ERROR] %c%s%c background: #e6e6e6;background: light-dark(rgba(0,0,0,0.1), rgba(255,255,255,0.25));color: #000000;color: light-dark(#000000, #ffffff);border-radius: 2px  Server   Error: MISSING_MESSAGE: Could not resolve `budget.missingBudget` in messages for locale `en`.
    at renderMatchMessage (about://React/Server/D:%5C%D0%BF%D1%80%D0%BE%D0%B5%D0%BA%D1%82%D1%8B%5CUnikchoose%5C.next%5Cdev%5Cserver%5Cchunks%5Cssr%5C%5Broot-of-the-server%5D__1622ik9._.js?65:822:12)
    at <anonymous> (about://React/Server/D:%5C%D0%BF%D1%80%D0%BE%D0%B5%D0%BA%D1%82%D1%8B%5CUnikchoose%5C.next%5Cdev%5Cserver%5Cchunks%5Cssr%5C%5Broot-of-the-server%5D__1622ik9._.js?71:1378:227)
    at Array.map (<anonymous>:1:18)
    at ProgrammeCard (about://React/Server/D:%5C%D0%BF%D1%80%D0%BE%D0%B5%D0%BA%D1%82%D1%8B%5CUnikchoose%5C.next%5Cdev%5Cserver%5Cchunks%5Cssr%5C%5Broot-of-the-server%5D__1622ik9._.js?72:1365:64)
    at resolveErrorDev (http://localhost:3000/_next/static/chunks/node_modules_next_dist_compiled_react-server-dom-turbopack_164kp-6._.js:1937:105)
    at getOutlinedModel (http://localhost:3000/_next/static/chunks/node_modules_next_dist_compiled_react-server-dom-turbopack_164kp-6._.js:1487:28)
    at parseModelString (http://localhost:3000/_next/static/chunks/node_modules_next_dist_compiled_react-server-dom-turbopack_164kp-6._.js:1602:50)
    at reviveModel (http://localhost:3000/_next/static/chunks/node_modules_next_dist_compiled_react-server-dom-turbopack_164kp-6._.js:2544:66)
    at parseModel (http://localhost:3000/_next/static/chunks/node_modules_next_dist_compiled_react-server-dom-turbopack_164kp-6._.js:2539:16)
    at initializeModelChunk (http://localhost:3000/_next/static/chunks/node_modules_next_dist_compiled_react-server-dom-turbopack_164kp-6._.js:1100:25)
    at getOutlinedModel (http://localhost:3000/_next/static/chunks/node_modules_next_dist_compiled_react-server-dom-turbopack_164kp-6._.js:1423:17)
    at parseModelString (http://localhost:3000/_next/static/chunks/node_modules_next_dist_compiled_react-server-dom-turbopack_164kp-6._.js:1657:50)
    at reviveModel (http://localhost:3000/_next/static/chunks/node_modules_next_dist_compiled_react-server-dom-turbopack_164kp-6._.js:2544:66)
    at reviveModel (http://localhost:3000/_next/static/chunks/node_modules_next_dist_compiled_react-server-dom-turbopack_164kp-6._.js:2547:61)
    at parseModel (http://localhost:3000/_next/static/chunks/node_modules_next_dist_compiled_react-server-dom-turbopack_164kp-6._.js:2539:16)
    at initializeModelChunk (http://localhost:3000/_next/static/chunks/node_modules_next_dist_compiled_react-server-dom-turbopack_164kp-6._.js:1100:25)
    at resolveConsoleEntry (http://localhost:3000/_next/static/chunks/node_modules_next_dist_compiled_react-server-dom-turbopack_164kp-6._.js:2069:96)
    at processFullStringRow (http://localhost:3000/_next/static/chunks/node_modules_next_dist_compiled_react-server-dom-turbopack_164kp-6._.js:2475:17)
    at processFullBinaryRow (http://localhost:3000/_next/static/chunks/node_modules_next_dist_compiled_react-server-dom-turbopack_164kp-6._.js:2415:9)
    at processBinaryChunk (http://localhost:3000/_next/static/chunks/node_modules_next_dist_compiled_react-server-dom-turbopack_164kp-6._.js:2524:221)
    at progress (http://localhost:3000/_next/static/chunks/node_modules_next_dist_compiled_react-server-dom-turbopack_164kp-6._.js:2698:20) @ http://localhost:3000/_next/static/chunks/node_modules_next_dist_1e8vcs8._.js:1052
[  247444ms] [ERROR] %c%s%c background: #e6e6e6;background: light-dark(rgba(0,0,0,0.1), rgba(255,255,255,0.25));color: #000000;color: light-dark(#000000, #ffffff);border-radius: 2px  Server   Error: MISSING_MESSAGE: Could not resolve `location.missingLocationPreference` in messages for locale `en`.
    at renderMatchMessage (about://React/Server/D:%5C%D0%BF%D1%80%D0%BE%D0%B5%D0%BA%D1%82%D1%8B%5CUnikchoose%5C.next%5Cdev%5Cserver%5Cchunks%5Cssr%5C%5Broot-of-the-server%5D__1622ik9._.js?65:822:12)
    at <anonymous> (about://React/Server/D:%5C%D0%BF%D1%80%D0%BE%D0%B5%D0%BA%D1%82%D1%8B%5CUnikchoose%5C.next%5Cdev%5Cserver%5Cchunks%5Cssr%5C%5Broot-of-the-server%5D__1622ik9._.js?71:1378:227)
    at Array.map (<anonymous>:1:18)
    at ProgrammeCard (about://React/Server/D:%5C%D0%BF%D1%80%D0%BE%D0%B5%D0%BA%D1%82%D1%8B%5CUnikchoose%5C.next%5Cdev%5Cserver%5Cchunks%5Cssr%5C%5Broot-of-the-server%5D__1622ik9._.js?72:1365:64)
    at resolveErrorDev (http://localhost:3000/_next/static/chunks/node_modules_next_dist_compiled_react-server-dom-turbopack_164kp-6._.js:1937:105)
    at getOutlinedModel (http://localhost:3000/_next/static/chunks/node_modules_next_dist_compiled_react-server-dom-turbopack_164kp-6._.js:1487:28)
    at parseModelString (http://localhost:3000/_next/static/chunks/node_modules_next_dist_compiled_react-server-dom-turbopack_164kp-6._.js:1602:50)
    at reviveModel (http://localhost:3000/_next/static/chunks/node_modules_next_dist_compiled_react-server-dom-turbopack_164kp-6._.js:2544:66)
    at parseModel (http://localhost:3000/_next/static/chunks/node_modules_next_dist_compiled_react-server-dom-turbopack_164kp-6._.js:2539:16)
    at initializeModelChunk (http://localhost:3000/_next/static/chunks/node_modules_next_dist_compiled_react-server-dom-turbopack_164kp-6._.js:1100:25)
    at getOutlinedModel (http://localhost:3000/_next/static/chunks/node_modules_next_dist_compiled_react-server-dom-turbopack_164kp-6._.js:1423:17)
    at parseModelString (http://localhost:3000/_next/static/chunks/node_modules_next_dist_compiled_react-server-dom-turbopack_164kp-6._.js:1657:50)
    at reviveModel (http://localhost:3000/_next/static/chunks/node_modules_next_dist_compiled_react-server-dom-turbopack_164kp-6._.js:2544:66)
    at reviveModel (http://localhost:3000/_next/static/chunks/node_modules_next_dist_compiled_react-server-dom-turbopack_164kp-6._.js:2547:61)
    at parseModel (http://localhost:3000/_next/static/chunks/node_modules_next_dist_compiled_react-server-dom-turbopack_164kp-6._.js:2539:16)
    at initializeModelChunk (http://localhost:3000/_next/static/chunks/node_modules_next_dist_compiled_react-server-dom-turbopack_164kp-6._.js:1100:25)
    at resolveConsoleEntry (http://localhost:3000/_next/static/chunks/node_modules_next_dist_compiled_react-server-dom-turbopack_164kp-6._.js:2069:96)
    at processFullStringRow (http://localhost:3000/_next/static/chunks/node_modules_next_dist_compiled_react-server-dom-turbopack_164kp-6._.js:2475:17)
    at processFullBinaryRow (http://localhost:3000/_next/static/chunks/node_modules_next_dist_compiled_react-server-dom-turbopack_164kp-6._.js:2415:9)
    at processBinaryChunk (http://localhost:3000/_next/static/chunks/node_modules_next_dist_compiled_react-server-dom-turbopack_164kp-6._.js:2524:221)
    at progress (http://localhost:3000/_next/static/chunks/node_modules_next_dist_compiled_react-server-dom-turbopack_164kp-6._.js:2698:20) @ http://localhost:3000/_next/static/chunks/node_modules_next_dist_1e8vcs8._.js:1052
[  247444ms] [ERROR] %c%s%c background: #e6e6e6;background: light-dark(rgba(0,0,0,0.1), rgba(255,255,255,0.25));color: #000000;color: light-dark(#000000, #ffffff);border-radius: 2px  Server   Error: MISSING_MESSAGE: Could not resolve `admission.entranceExamRequired` in messages for locale `en`.
    at renderMatchMessage (about://React/Server/D:%5C%D0%BF%D1%80%D0%BE%D0%B5%D0%BA%D1%82%D1%8B%5CUnikchoose%5C.next%5Cdev%5Cserver%5Cchunks%5Cssr%5C%5Broot-of-the-server%5D__1622ik9._.js?65:822:12)
    at <anonymous> (about://React/Server/D:%5C%D0%BF%D1%80%D0%BE%D0%B5%D0%BA%D1%82%D1%8B%5CUnikchoose%5C.next%5Cdev%5Cserver%5Cchunks%5Cssr%5C%5Broot-of-the-server%5D__1622ik9._.js?71:1378:227)
    at Array.map (<anonymous>:1:18)
    at ProgrammeCard (about://React/Server/D:%5C%D0%BF%D1%80%D0%BE%D0%B5%D0%BA%D1%82%D1%8B%5CUnikchoose%5C.next%5Cdev%5Cserver%5Cchunks%5Cssr%5C%5Broot-of-the-server%5D__1622ik9._.js?72:1365:64)
    at resolveErrorDev (http://localhost:3000/_next/static/chunks/node_modules_next_dist_compiled_react-server-dom-turbopack_164kp-6._.js:1937:105)
    at getOutlinedModel (http://localhost:3000/_next/static/chunks/node_modules_next_dist_compiled_react-server-dom-turbopack_164kp-6._.js:1487:28)
    at parseModelString (http://localhost:3000/_next/static/chunks/node_modules_next_dist_compiled_react-server-dom-turbopack_164kp-6._.js:1602:50)
    at reviveModel (http://localhost:3000/_next/static/chunks/node_modules_next_dist_compiled_react-server-dom-turbopack_164kp-6._.js:2544:66)
    at parseModel (http://localhost:3000/_next/static/chunks/node_modules_next_dist_compiled_react-server-dom-turbopack_164kp-6._.js:2539:16)
    at initializeModelChunk (http://localhost:3000/_next/static/chunks/node_modules_next_dist_compiled_react-server-dom-turbopack_164kp-6._.js:1100:25)
    at getOutlinedModel (http://localhost:3000/_next/static/chunks/node_modules_next_dist_compiled_react-server-dom-turbopack_164kp-6._.js:1423:17)
    at parseModelString (http://localhost:3000/_next/static/chunks/node_modules_next_dist_compiled_react-server-dom-turbopack_164kp-6._.js:1657:50)
    at reviveModel (http://localhost:3000/_next/static/chunks/node_modules_next_dist_compiled_react-server-dom-turbopack_164kp-6._.js:2544:66)
    at reviveModel (http://localhost:3000/_next/static/chunks/node_modules_next_dist_compiled_react-server-dom-turbopack_164kp-6._.js:2547:61)
    at parseModel (http://localhost:3000/_next/static/chunks/node_modules_next_dist_compiled_react-server-dom-turbopack_164kp-6._.js:2539:16)
    at initializeModelChunk (http://localhost:3000/_next/static/chunks/node_modules_next_dist_compiled_react-server-dom-turbopack_164kp-6._.js:1100:25)
    at resolveConsoleEntry (http://localhost:3000/_next/static/chunks/node_modules_next_dist_compiled_react-server-dom-turbopack_164kp-6._.js:2069:96)
    at processFullStringRow (http://localhost:3000/_next/static/chunks/node_modules_next_dist_compiled_react-server-dom-turbopack_164kp-6._.js:2475:17)
    at processFullBinaryRow (http://localhost:3000/_next/static/chunks/node_modules_next_dist_compiled_react-server-dom-turbopack_164kp-6._.js:2415:9)
    at processBinaryChunk (http://localhost:3000/_next/static/chunks/node_modules_next_dist_compiled_react-server-dom-turbopack_164kp-6._.js:2524:221)
    at progress (http://localhost:3000/_next/static/chunks/node_modules_next_dist_compiled_react-server-dom-turbopack_164kp-6._.js:2698:20) @ http://localhost:3000/_next/static/chunks/node_modules_next_dist_1e8vcs8._.js:1052
[  247444ms] [ERROR] %c%s%c background: #e6e6e6;background: light-dark(rgba(0,0,0,0.1), rgba(255,255,255,0.25));color: #000000;color: light-dark(#000000, #ffffff);border-radius: 2px  Server   Error: MISSING_MESSAGE: Could not resolve `career.missingData` in messages for locale `en`.
    at renderMatchMessage (about://React/Server/D:%5C%D0%BF%D1%80%D0%BE%D0%B5%D0%BA%D1%82%D1%8B%5CUnikchoose%5C.next%5Cdev%5Cserver%5Cchunks%5Cssr%5C%5Broot-of-the-server%5D__1622ik9._.js?65:822:12)
    at <anonymous> (about://React/Server/D:%5C%D0%BF%D1%80%D0%BE%D0%B5%D0%BA%D1%82%D1%8B%5CUnikchoose%5C.next%5Cdev%5Cserver%5Cchunks%5Cssr%5C%5Broot-of-the-server%5D__1622ik9._.js?71:1378:227)
    at Array.map (<anonymous>:1:18)
    at ProgrammeCard (about://React/Server/D:%5C%D0%BF%D1%80%D0%BE%D0%B5%D0%BA%D1%82%D1%8B%5CUnikchoose%5C.next%5Cdev%5Cserver%5Cchunks%5Cssr%5C%5Broot-of-the-server%5D__1622ik9._.js?72:1365:64)
    at resolveErrorDev (http://localhost:3000/_next/static/chunks/node_modules_next_dist_compiled_react-server-dom-turbopack_164kp-6._.js:1937:105)
    at getOutlinedModel (http://localhost:3000/_next/static/chunks/node_modules_next_dist_compiled_react-server-dom-turbopack_164kp-6._.js:1487:28)
    at parseModelString (http://localhost:3000/_next/static/chunks/node_modules_next_dist_compiled_react-server-dom-turbopack_164kp-6._.js:1602:50)
    at reviveModel (http://localhost:3000/_next/static/chunks/node_modules_next_dist_compiled_react-server-dom-turbopack_164kp-6._.js:2544:66)
    at parseModel (http://localhost:3000/_next/static/chunks/node_modules_next_dist_compiled_react-server-dom-turbopack_164kp-6._.js:2539:16)
    at initializeModelChunk (http://localhost:3000/_next/static/chunks/node_modules_next_dist_compiled_react-server-dom-turbopack_164kp-6._.js:1100:25)
    at getOutlinedModel (http://localhost:3000/_next/static/chunks/node_modules_next_dist_compiled_react-server-dom-turbopack_164kp-6._.js:1423:17)
    at parseModelString (http://localhost:3000/_next/static/chunks/node_modules_next_dist_compiled_react-server-dom-turbopack_164kp-6._.js:1657:50)
    at reviveModel (http://localhost:3000/_next/static/chunks/node_modules_next_dist_compiled_react-server-dom-turbopack_164kp-6._.js:2544:66)
    at reviveModel (http://localhost:3000/_next/static/chunks/node_modules_next_dist_compiled_react-server-dom-turbopack_164kp-6._.js:2547:61)
    at parseModel (http://localhost:3000/_next/static/chunks/node_modules_next_dist_compiled_react-server-dom-turbopack_164kp-6._.js:2539:16)
    at initializeModelChunk (http://localhost:3000/_next/static/chunks/node_modules_next_dist_compiled_react-server-dom-turbopack_164kp-6._.js:1100:25)
    at resolveConsoleEntry (http://localhost:3000/_next/static/chunks/node_modules_next_dist_compiled_react-server-dom-turbopack_164kp-6._.js:2069:96)
    at processFullStringRow (http://localhost:3000/_next/static/chunks/node_modules_next_dist_compiled_react-server-dom-turbopack_164kp-6._.js:2475:17)
    at processFullBinaryRow (http://localhost:3000/_next/static/chunks/node_modules_next_dist_compiled_react-server-dom-turbopack_164kp-6._.js:2415:9)
    at processBinaryChunk (http://localhost:3000/_next/static/chunks/node_modules_next_dist_compiled_react-server-dom-turbopack_164kp-6._.js:2524:221)
    at progress (http://localhost:3000/_next/static/chunks/node_modules_next_dist_compiled_react-server-dom-turbopack_164kp-6._.js:2698:20) @ http://localhost:3000/_next/static/chunks/node_modules_next_dist_1e8vcs8._.js:1052
[  247444ms] [ERROR] %c%s%c background: #e6e6e6;background: light-dark(rgba(0,0,0,0.1), rgba(255,255,255,0.25));color: #000000;color: light-dark(#000000, #ffffff);border-radius: 2px  Server   Error: MISSING_MESSAGE: Could not resolve `format.missingPreference` in messages for locale `en`.
    at renderMatchMessage (about://React/Server/D:%5C%D0%BF%D1%80%D0%BE%D0%B5%D0%BA%D1%82%D1%8B%5CUnikchoose%5C.next%5Cdev%5Cserver%5Cchunks%5Cssr%5C%5Broot-of-the-server%5D__1622ik9._.js?65:822:12)
    at <anonymous> (about://React/Server/D:%5C%D0%BF%D1%80%D0%BE%D0%B5%D0%BA%D1%82%D1%8B%5CUnikchoose%5C.next%5Cdev%5Cserver%5Cchunks%5Cssr%5C%5Broot-of-the-server%5D__1622ik9._.js?71:1378:227)
    at Array.map (<anonymous>:1:18)
    at ProgrammeCard (about://React/Server/D:%5C%D0%BF%D1%80%D0%BE%D0%B5%D0%BA%D1%82%D1%8B%5CUnikchoose%5C.next%5Cdev%5Cserver%5Cchunks%5Cssr%5C%5Broot-of-the-server%5D__1622ik9._.js?72:1365:64)
    at resolveErrorDev (http://localhost:3000/_next/static/chunks/node_modules_next_dist_compiled_react-server-dom-turbopack_164kp-6._.js:1937:105)
    at getOutlinedModel (http://localhost:3000/_next/static/chunks/node_modules_next_dist_compiled_react-server-dom-turbopack_164kp-6._.js:1487:28)
    at parseModelString (http://localhost:3000/_next/static/chunks/node_modules_next_dist_compiled_react-server-dom-turbopack_164kp-6._.js:1602:50)
    at reviveModel (http://localhost:3000/_next/static/chunks/node_modules_next_dist_compiled_react-server-dom-turbopack_164kp-6._.js:2544:66)
    at parseModel (http://localhost:3000/_next/static/chunks/node_modules_next_dist_compiled_react-server-dom-turbopack_164kp-6._.js:2539:16)
    at initializeModelChunk (http://localhost:3000/_next/static/chunks/node_modules_next_dist_compiled_react-server-dom-turbopack_164kp-6._.js:1100:25)
    at getOutlinedModel (http://localhost:3000/_next/static/chunks/node_modules_next_dist_compiled_react-server-dom-turbopack_164kp-6._.js:1423:17)
    at parseModelString (http://localhost:3000/_next/static/chunks/node_modules_next_dist_compiled_react-server-dom-turbopack_164kp-6._.js:1657:50)
    at reviveModel (http://localhost:3000/_next/static/chunks/node_modules_next_dist_compiled_react-server-dom-turbopack_164kp-6._.js:2544:66)
    at reviveModel (http://localhost:3000/_next/static/chunks/node_modules_next_dist_compiled_react-server-dom-turbopack_164kp-6._.js:2547:61)
    at parseModel (http://localhost:3000/_next/static/chunks/node_modules_next_dist_compiled_react-server-dom-turbopack_164kp-6._.js:2539:16)
    at initializeModelChunk (http://localhost:3000/_next/static/chunks/node_modules_next_dist_compiled_react-server-dom-turbopack_164kp-6._.js:1100:25)
    at resolveConsoleEntry (http://localhost:3000/_next/static/chunks/node_modules_next_dist_compiled_react-server-dom-turbopack_164kp-6._.js:2069:96)
    at processFullStringRow (http://localhost:3000/_next/static/chunks/node_modules_next_dist_compiled_react-server-dom-turbopack_164kp-6._.js:2475:17)
    at processFullBinaryRow (http://localhost:3000/_next/static/chunks/node_modules_next_dist_compiled_react-server-dom-turbopack_164kp-6._.js:2415:9)
    at processBinaryChunk (http://localhost:3000/_next/static/chunks/node_modules_next_dist_compiled_react-server-dom-turbopack_164kp-6._.js:2524:221)
    at progress (http://localhost:3000/_next/static/chunks/node_modules_next_dist_compiled_react-server-dom-turbopack_164kp-6._.js:2698:20) @ http://localhost:3000/_next/static/chunks/node_modules_next_dist_1e8vcs8._.js:1052
[  247444ms] [ERROR] %c%s%c background: #e6e6e6;background: light-dark(rgba(0,0,0,0.1), rgba(255,255,255,0.25));color: #000000;color: light-dark(#000000, #ffffff);border-radius: 2px  Server   Error: MISSING_MESSAGE: Could not resolve `lifestyle.missingData` in messages for locale `en`.
    at renderMatchMessage (about://React/Server/D:%5C%D0%BF%D1%80%D0%BE%D0%B5%D0%BA%D1%82%D1%8B%5CUnikchoose%5C.next%5Cdev%5Cserver%5Cchunks%5Cssr%5C%5Broot-of-the-server%5D__1622ik9._.js?65:822:12)
    at <anonymous> (about://React/Server/D:%5C%D0%BF%D1%80%D0%BE%D0%B5%D0%BA%D1%82%D1%8B%5CUnikchoose%5C.next%5Cdev%5Cserver%5Cchunks%5Cssr%5C%5Broot-of-the-server%5D__1622ik9._.js?71:1378:227)
    at Array.map (<anonymous>:1:18)
    at ProgrammeCard (about://React/Server/D:%5C%D0%BF%D1%80%D0%BE%D0%B5%D0%BA%D1%82%D1%8B%5CUnikchoose%5C.next%5Cdev%5Cserver%5Cchunks%5Cssr%5C%5Broot-of-the-server%5D__1622ik9._.js?72:1365:64)
    at resolveErrorDev (http://localhost:3000/_next/static/chunks/node_modules_next_dist_compiled_react-server-dom-turbopack_164kp-6._.js:1937:105)
    at getOutlinedModel (http://localhost:3000/_next/static/chunks/node_modules_next_dist_compiled_react-server-dom-turbopack_164kp-6._.js:1487:28)
    at parseModelString (http://localhost:3000/_next/static/chunks/node_modules_next_dist_compiled_react-server-dom-turbopack_164kp-6._.js:1602:50)
    at reviveModel (http://localhost:3000/_next/static/chunks/node_modules_next_dist_compiled_react-server-dom-turbopack_164kp-6._.js:2544:66)
    at parseModel (http://localhost:3000/_next/static/chunks/node_modules_next_dist_compiled_react-server-dom-turbopack_164kp-6._.js:2539:16)
    at initializeModelChunk (http://localhost:3000/_next/static/chunks/node_modules_next_dist_compiled_react-server-dom-turbopack_164kp-6._.js:1100:25)
    at getOutlinedModel (http://localhost:3000/_next/static/chunks/node_modules_next_dist_compiled_react-server-dom-turbopack_164kp-6._.js:1423:17)
    at parseModelString (http://localhost:3000/_next/static/chunks/node_modules_next_dist_compiled_react-server-dom-turbopack_164kp-6._.js:1657:50)
    at reviveModel (http://localhost:3000/_next/static/chunks/node_modules_next_dist_compiled_react-server-dom-turbopack_164kp-6._.js:2544:66)
    at reviveModel (http://localhost:3000/_next/static/chunks/node_modules_next_dist_compiled_react-server-dom-turbopack_164kp-6._.js:2547:61)
    at parseModel (http://localhost:3000/_next/static/chunks/node_modules_next_dist_compiled_react-server-dom-turbopack_164kp-6._.js:2539:16)
    at initializeModelChunk (http://localhost:3000/_next/static/chunks/node_modules_next_dist_compiled_react-server-dom-turbopack_164kp-6._.js:1100:25)
    at resolveConsoleEntry (http://localhost:3000/_next/static/chunks/node_modules_next_dist_compiled_react-server-dom-turbopack_164kp-6._.js:2069:96)
    at processFullStringRow (http://localhost:3000/_next/static/chunks/node_modules_next_dist_compiled_react-server-dom-turbopack_164kp-6._.js:2475:17)
    at processFullBinaryRow (http://localhost:3000/_next/static/chunks/node_modules_next_dist_compiled_react-server-dom-turbopack_164kp-6._.js:2415:9)
    at processBinaryChunk (http://localhost:3000/_next/static/chunks/node_modules_next_dist_compiled_react-server-dom-turbopack_164kp-6._.js:2524:221)
    at progress (http://localhost:3000/_next/static/chunks/node_modules_next_dist_compiled_react-server-dom-turbopack_164kp-6._.js:2698:20) @ http://localhost:3000/_next/static/chunks/node_modules_next_dist_1e8vcs8._.js:1052
[  247444ms] [ERROR] %c%s%c background: #e6e6e6;background: light-dark(rgba(0,0,0,0.1), rgba(255,255,255,0.25));color: #000000;color: light-dark(#000000, #ffffff);border-radius: 2px  Server   Error: MISSING_MESSAGE: Could not resolve `language.matchesPreferredLanguage` in messages for locale `en`.
    at renderMatchMessage (about://React/Server/D:%5C%D0%BF%D1%80%D0%BE%D0%B5%D0%BA%D1%82%D1%8B%5CUnikchoose%5C.next%5Cdev%5Cserver%5Cchunks%5Cssr%5C%5Broot-of-the-server%5D__1622ik9._.js?65:822:12)
    at <anonymous> (about://React/Server/D:%5C%D0%BF%D1%80%D0%BE%D0%B5%D0%BA%D1%82%D1%8B%5CUnikchoose%5C.next%5Cdev%5Cserver%5Cchunks%5Cssr%5C%5Broot-of-the-server%5D__1622ik9._.js?66:1056:211)
    at Array.map (<anonymous>:1:18)
    at ProgrammeCard (about://React/Server/D:%5C%D0%BF%D1%80%D0%BE%D0%B5%D0%BA%D1%82%D1%8B%5CUnikchoose%5C.next%5Cdev%5Cserver%5Cchunks%5Cssr%5C%5Broot-of-the-server%5D__1622ik9._.js?67:1043:50)
    at resolveErrorDev (http://localhost:3000/_next/static/chunks/node_modules_next_dist_compiled_react-server-dom-turbopack_164kp-6._.js:1937:105)
    at getOutlinedModel (http://localhost:3000/_next/static/chunks/node_modules_next_dist_compiled_react-server-dom-turbopack_164kp-6._.js:1487:28)
    at parseModelString (http://localhost:3000/_next/static/chunks/node_modules_next_dist_compiled_react-server-dom-turbopack_164kp-6._.js:1602:50)
    at reviveModel (http://localhost:3000/_next/static/chunks/node_modules_next_dist_compiled_react-server-dom-turbopack_164kp-6._.js:2544:66)
    at parseModel (http://localhost:3000/_next/static/chunks/node_modules_next_dist_compiled_react-server-dom-turbopack_164kp-6._.js:2539:16)
    at initializeModelChunk (http://localhost:3000/_next/static/chunks/node_modules_next_dist_compiled_react-server-dom-turbopack_164kp-6._.js:1100:25)
    at getOutlinedModel (http://localhost:3000/_next/static/chunks/node_modules_next_dist_compiled_react-server-dom-turbopack_164kp-6._.js:1423:17)
    at parseModelString (http://localhost:3000/_next/static/chunks/node_modules_next_dist_compiled_react-server-dom-turbopack_164kp-6._.js:1657:50)
    at reviveModel (http://localhost:3000/_next/static/chunks/node_modules_next_dist_compiled_react-server-dom-turbopack_164kp-6._.js:2544:66)
    at reviveModel (http://localhost:3000/_next/static/chunks/node_modules_next_dist_compiled_react-server-dom-turbopack_164kp-6._.js:2547:61)
    at parseModel (http://localhost:3000/_next/static/chunks/node_modules_next_dist_compiled_react-server-dom-turbopack_164kp-6._.js:2539:16)
    at initializeModelChunk (http://localhost:3000/_next/static/chunks/node_modules_next_dist_compiled_react-server-dom-turbopack_164kp-6._.js:1100:25)
    at resolveConsoleEntry (http://localhost:3000/_next/static/chunks/node_modules_next_dist_compiled_react-server-dom-turbopack_164kp-6._.js:2069:96)
    at processFullStringRow (http://localhost:3000/_next/static/chunks/node_modules_next_dist_compiled_react-server-dom-turbopack_164kp-6._.js:2475:17)
    at processFullBinaryRow (http://localhost:3000/_next/static/chunks/node_modules_next_dist_compiled_react-server-dom-turbopack_164kp-6._.js:2415:9)
    at processBinaryChunk (http://localhost:3000/_next/static/chunks/node_modules_next_dist_compiled_react-server-dom-turbopack_164kp-6._.js:2524:221)
    at progress (http://localhost:3000/_next/static/chunks/node_modules_next_dist_compiled_react-server-dom-turbopack_164kp-6._.js:2698:20) @ http://localhost:3000/_next/static/chunks/node_modules_next_dist_1e8vcs8._.js:1052
[  247444ms] [ERROR] %c%s%c background: #e6e6e6;background: light-dark(rgba(0,0,0,0.1), rgba(255,255,255,0.25));color: #000000;color: light-dark(#000000, #ffffff);border-radius: 2px  Server   Error: MISSING_MESSAGE: Could not resolve `support.internationalOffice` in messages for locale `en`.
    at renderMatchMessage (about://React/Server/D:%5C%D0%BF%D1%80%D0%BE%D0%B5%D0%BA%D1%82%D1%8B%5CUnikchoose%5C.next%5Cdev%5Cserver%5Cchunks%5Cssr%5C%5Broot-of-the-server%5D__1622ik9._.js?65:822:12)
    at <anonymous> (about://React/Server/D:%5C%D0%BF%D1%80%D0%BE%D0%B5%D0%BA%D1%82%D1%8B%5CUnikchoose%5C.next%5Cdev%5Cserver%5Cchunks%5Cssr%5C%5Broot-of-the-server%5D__1622ik9._.js?66:1056:211)
    at Array.map (<anonymous>:1:18)
    at ProgrammeCard (about://React/Server/D:%5C%D0%BF%D1%80%D0%BE%D0%B5%D0%BA%D1%82%D1%8B%5CUnikchoose%5C.next%5Cdev%5Cserver%5Cchunks%5Cssr%5C%5Broot-of-the-server%5D__1622ik9._.js?67:1043:50)
    at resolveErrorDev (http://localhost:3000/_next/static/chunks/node_modules_next_dist_compiled_react-server-dom-turbopack_164kp-6._.js:1937:105)
    at getOutlinedModel (http://localhost:3000/_next/static/chunks/node_modules_next_dist_compiled_react-server-dom-turbopack_164kp-6._.js:1487:28)
    at parseModelString (http://localhost:3000/_next/static/chunks/node_modules_next_dist_compiled_react-server-dom-turbopack_164kp-6._.js:1602:50)
    at reviveModel (http://localhost:3000/_next/static/chunks/node_modules_next_dist_compiled_react-server-dom-turbopack_164kp-6._.js:2544:66)
    at parseModel (http://localhost:3000/_next/static/chunks/node_modules_next_dist_compiled_react-server-dom-turbopack_164kp-6._.js:2539:16)
    at initializeModelChunk (http://localhost:3000/_next/static/chunks/node_modules_next_dist_compiled_react-server-dom-turbopack_164kp-6._.js:1100:25)
    at getOutlinedModel (http://localhost:3000/_next/static/chunks/node_modules_next_dist_compiled_react-server-dom-turbopack_164kp-6._.js:1423:17)
    at parseModelString (http://localhost:3000/_next/static/chunks/node_modules_next_dist_compiled_react-server-dom-turbopack_164kp-6._.js:1657:50)
    at reviveModel (http://localhost:3000/_next/static/chunks/node_modules_next_dist_compiled_react-server-dom-turbopack_164kp-6._.js:2544:66)
    at reviveModel (http://localhost:3000/_next/static/chunks/node_modules_next_dist_compiled_react-server-dom-turbopack_164kp-6._.js:2547:61)
    at parseModel (http://localhost:3000/_next/static/chunks/node_modules_next_dist_compiled_react-server-dom-turbopack_164kp-6._.js:2539:16)
    at initializeModelChunk (http://localhost:3000/_next/static/chunks/node_modules_next_dist_compiled_react-server-dom-turbopack_164kp-6._.js:1100:25)
    at resolveConsoleEntry (http://localhost:3000/_next/static/chunks/node_modules_next_dist_compiled_react-server-dom-turbopack_164kp-6._.js:2069:96)
    at processFullStringRow (http://localhost:3000/_next/static/chunks/node_modules_next_dist_compiled_react-server-dom-turbopack_164kp-6._.js:2475:17)
    at processFullBinaryRow (http://localhost:3000/_next/static/chunks/node_modules_next_dist_compiled_react-server-dom-turbopack_164kp-6._.js:2415:9)
    at processBinaryChunk (http://localhost:3000/_next/static/chunks/node_modules_next_dist_compiled_react-server-dom-turbopack_164kp-6._.js:2524:221)
    at progress (http://localhost:3000/_next/static/chunks/node_modules_next_dist_compiled_react-server-dom-turbopack_164kp-6._.js:2698:20) @ http://localhost:3000/_next/static/chunks/node_modules_next_dist_1e8vcs8._.js:1052
[  247444ms] [ERROR] %c%s%c background: #e6e6e6;background: light-dark(rgba(0,0,0,0.1), rgba(255,255,255,0.25));color: #000000;color: light-dark(#000000, #ffffff);border-radius: 2px  Server   Error: MISSING_MESSAGE: Could not resolve `support.erasmus` in messages for locale `en`.
    at renderMatchMessage (about://React/Server/D:%5C%D0%BF%D1%80%D0%BE%D0%B5%D0%BA%D1%82%D1%8B%5CUnikchoose%5C.next%5Cdev%5Cserver%5Cchunks%5Cssr%5C%5Broot-of-the-server%5D__1622ik9._.js?65:822:12)
    at <anonymous> (about://React/Server/D:%5C%D0%BF%D1%80%D0%BE%D0%B5%D0%BA%D1%82%D1%8B%5CUnikchoose%5C.next%5Cdev%5Cserver%5Cchunks%5Cssr%5C%5Broot-of-the-server%5D__1622ik9._.js?66:1056:211)
    at Array.map (<anonymous>:1:18)
    at ProgrammeCard (about://React/Server/D:%5C%D0%BF%D1%80%D0%BE%D0%B5%D0%BA%D1%82%D1%8B%5CUnikchoose%5C.next%5Cdev%5Cserver%5Cchunks%5Cssr%5C%5Broot-of-the-server%5D__1622ik9._.js?67:1043:50)
    at resolveErrorDev (http://localhost:3000/_next/static/chunks/node_modules_next_dist_compiled_react-server-dom-turbopack_164kp-6._.js:1937:105)
    at getOutlinedModel (http://localhost:3000/_next/static/chunks/node_modules_next_dist_compiled_react-server-dom-turbopack_164kp-6._.js:1487:28)
    at parseModelString (http://localhost:3000/_next/static/chunks/node_modules_next_dist_compiled_react-server-dom-turbopack_164kp-6._.js:1602:50)
    at reviveModel (http://localhost:3000/_next/static/chunks/node_modules_next_dist_compiled_react-server-dom-turbopack_164kp-6._.js:2544:66)
    at parseModel (http://localhost:3000/_next/static/chunks/node_modules_next_dist_compiled_react-server-dom-turbopack_164kp-6._.js:2539:16)
    at initializeModelChunk (http://localhost:3000/_next/static/chunks/node_modules_next_dist_compiled_react-server-dom-turbopack_164kp-6._.js:1100:25)
    at getOutlinedModel (http://localhost:3000/_next/static/chunks/node_modules_next_dist_compiled_react-server-dom-turbopack_164kp-6._.js:1423:17)
    at parseModelString (http://localhost:3000/_next/static/chunks/node_modules_next_dist_compiled_react-server-dom-turbopack_164kp-6._.js:1657:50)
    at reviveModel (http://localhost:3000/_next/static/chunks/node_modules_next_dist_compiled_react-server-dom-turbopack_164kp-6._.js:2544:66)
    at reviveModel (http://localhost:3000/_next/static/chunks/node_modules_next_dist_compiled_react-server-dom-turbopack_164kp-6._.js:2547:61)
    at parseModel (http://localhost:3000/_next/static/chunks/node_modules_next_dist_compiled_react-server-dom-turbopack_164kp-6._.js:2539:16)
    at initializeModelChunk (http://localhost:3000/_next/static/chunks/node_modules_next_dist_compiled_react-server-dom-turbopack_164kp-6._.js:1100:25)
    at resolveConsoleEntry (http://localhost:3000/_next/static/chunks/node_modules_next_dist_compiled_react-server-dom-turbopack_164kp-6._.js:2069:96)
    at processFullStringRow (http://localhost:3000/_next/static/chunks/node_modules_next_dist_compiled_react-server-dom-turbopack_164kp-6._.js:2475:17)
    at processFullBinaryRow (http://localhost:3000/_next/static/chunks/node_modules_next_dist_compiled_react-server-dom-turbopack_164kp-6._.js:2415:9)
    at processBinaryChunk (http://localhost:3000/_next/static/chunks/node_modules_next_dist_compiled_react-server-dom-turbopack_164kp-6._.js:2524:221)
    at progress (http://localhost:3000/_next/static/chunks/node_modules_next_dist_compiled_react-server-dom-turbopack_164kp-6._.js:2698:20) @ http://localhost:3000/_next/static/chunks/node_modules_next_dist_1e8vcs8._.js:1052
[  247445ms] [ERROR] %c%s%c background: #e6e6e6;background: light-dark(rgba(0,0,0,0.1), rgba(255,255,255,0.25));color: #000000;color: light-dark(#000000, #ffffff);border-radius: 2px  Server   Error: MISSING_MESSAGE: Could not resolve `academic.entranceExamGeneric` in messages for locale `en`.
    at renderMatchMessage (about://React/Server/D:%5C%D0%BF%D1%80%D0%BE%D0%B5%D0%BA%D1%82%D1%8B%5CUnikchoose%5C.next%5Cdev%5Cserver%5Cchunks%5Cssr%5C%5Broot-of-the-server%5D__1622ik9._.js?65:822:12)
    at ProgrammeCard (about://React/Server/D:%5C%D0%BF%D1%80%D0%BE%D0%B5%D0%BA%D1%82%D1%8B%5CUnikchoose%5C.next%5Cdev%5Cserver%5Cchunks%5Cssr%5C%5Broot-of-the-server%5D__1622ik9._.js?70:1102:203)
    at resolveErrorDev (http://localhost:3000/_next/static/chunks/node_modules_next_dist_compiled_react-server-dom-turbopack_164kp-6._.js:1937:105)
    at getOutlinedModel (http://localhost:3000/_next/static/chunks/node_modules_next_dist_compiled_react-server-dom-turbopack_164kp-6._.js:1487:28)
    at parseModelString (http://localhost:3000/_next/static/chunks/node_modules_next_dist_compiled_react-server-dom-turbopack_164kp-6._.js:1602:50)
    at reviveModel (http://localhost:3000/_next/static/chunks/node_modules_next_dist_compiled_react-server-dom-turbopack_164kp-6._.js:2544:66)
    at parseModel (http://localhost:3000/_next/static/chunks/node_modules_next_dist_compiled_react-server-dom-turbopack_164kp-6._.js:2539:16)
    at initializeModelChunk (http://localhost:3000/_next/static/chunks/node_modules_next_dist_compiled_react-server-dom-turbopack_164kp-6._.js:1100:25)
    at getOutlinedModel (http://localhost:3000/_next/static/chunks/node_modules_next_dist_compiled_react-server-dom-turbopack_164kp-6._.js:1423:17)
    at parseModelString (http://localhost:3000/_next/static/chunks/node_modules_next_dist_compiled_react-server-dom-turbopack_164kp-6._.js:1657:50)
    at reviveModel (http://localhost:3000/_next/static/chunks/node_modules_next_dist_compiled_react-server-dom-turbopack_164kp-6._.js:2544:66)
    at reviveModel (http://localhost:3000/_next/static/chunks/node_modules_next_dist_compiled_react-server-dom-turbopack_164kp-6._.js:2547:61)
    at parseModel (http://localhost:3000/_next/static/chunks/node_modules_next_dist_compiled_react-server-dom-turbopack_164kp-6._.js:2539:16)
    at initializeModelChunk (http://localhost:3000/_next/static/chunks/node_modules_next_dist_compiled_react-server-dom-turbopack_164kp-6._.js:1100:25)
    at resolveConsoleEntry (http://localhost:3000/_next/static/chunks/node_modules_next_dist_compiled_react-server-dom-turbopack_164kp-6._.js:2069:96)
    at processFullStringRow (http://localhost:3000/_next/static/chunks/node_modules_next_dist_compiled_react-server-dom-turbopack_164kp-6._.js:2475:17)
    at processFullBinaryRow (http://localhost:3000/_next/static/chunks/node_modules_next_dist_compiled_react-server-dom-turbopack_164kp-6._.js:2415:9)
    at processBinaryChunk (http://localhost:3000/_next/static/chunks/node_modules_next_dist_compiled_react-server-dom-turbopack_164kp-6._.js:2524:221)
    at progress (http://localhost:3000/_next/static/chunks/node_modules_next_dist_compiled_react-server-dom-turbopack_164kp-6._.js:2698:20) @ http://localhost:3000/_next/static/chunks/node_modules_next_dist_1e8vcs8._.js:1052
[  247445ms] [ERROR] %c%s%c background: #e6e6e6;background: light-dark(rgba(0,0,0,0.1), rgba(255,255,255,0.25));color: #000000;color: light-dark(#000000, #ffffff);border-radius: 2px  Server   Error: MISSING_MESSAGE: Could not resolve `budget.missingBudget` in messages for locale `en`.
    at renderMatchMessage (about://React/Server/D:%5C%D0%BF%D1%80%D0%BE%D0%B5%D0%BA%D1%82%D1%8B%5CUnikchoose%5C.next%5Cdev%5Cserver%5Cchunks%5Cssr%5C%5Broot-of-the-server%5D__1622ik9._.js?65:822:12)
    at <anonymous> (about://React/Server/D:%5C%D0%BF%D1%80%D0%BE%D0%B5%D0%BA%D1%82%D1%8B%5CUnikchoose%5C.next%5Cdev%5Cserver%5Cchunks%5Cssr%5C%5Broot-of-the-server%5D__1622ik9._.js?71:1378:227)
    at Array.map (<anonymous>:1:18)
    at ProgrammeCard (about://React/Server/D:%5C%D0%BF%D1%80%D0%BE%D0%B5%D0%BA%D1%82%D1%8B%5CUnikchoose%5C.next%5Cdev%5Cserver%5Cchunks%5Cssr%5C%5Broot-of-the-server%5D__1622ik9._.js?72:1365:64)
    at resolveErrorDev (http://localhost:3000/_next/static/chunks/node_modules_next_dist_compiled_react-server-dom-turbopack_164kp-6._.js:1937:105)
    at getOutlinedModel (http://localhost:3000/_next/static/chunks/node_modules_next_dist_compiled_react-server-dom-turbopack_164kp-6._.js:1487:28)
    at parseModelString (http://localhost:3000/_next/static/chunks/node_modules_next_dist_compiled_react-server-dom-turbopack_164kp-6._.js:1602:50)
    at reviveModel (http://localhost:3000/_next/static/chunks/node_modules_next_dist_compiled_react-server-dom-turbopack_164kp-6._.js:2544:66)
    at parseModel (http://localhost:3000/_next/static/chunks/node_modules_next_dist_compiled_react-server-dom-turbopack_164kp-6._.js:2539:16)
    at initializeModelChunk (http://localhost:3000/_next/static/chunks/node_modules_next_dist_compiled_react-server-dom-turbopack_164kp-6._.js:1100:25)
    at getOutlinedModel (http://localhost:3000/_next/static/chunks/node_modules_next_dist_compiled_react-server-dom-turbopack_164kp-6._.js:1423:17)
    at parseModelString (http://localhost:3000/_next/static/chunks/node_modules_next_dist_compiled_react-server-dom-turbopack_164kp-6._.js:1657:50)
    at reviveModel (http://localhost:3000/_next/static/chunks/node_modules_next_dist_compiled_react-server-dom-turbopack_164kp-6._.js:2544:66)
    at reviveModel (http://localhost:3000/_next/static/chunks/node_modules_next_dist_compiled_react-server-dom-turbopack_164kp-6._.js:2547:61)
    at parseModel (http://localhost:3000/_next/static/chunks/node_modules_next_dist_compiled_react-server-dom-turbopack_164kp-6._.js:2539:16)
    at initializeModelChunk (http://localhost:3000/_next/static/chunks/node_modules_next_dist_compiled_react-server-dom-turbopack_164kp-6._.js:1100:25)
    at resolveConsoleEntry (http://localhost:3000/_next/static/chunks/node_modules_next_dist_compiled_react-server-dom-turbopack_164kp-6._.js:2069:96)
    at processFullStringRow (http://localhost:3000/_next/static/chunks/node_modules_next_dist_compiled_react-server-dom-turbopack_164kp-6._.js:2475:17)
    at processFullBinaryRow (http://localhost:3000/_next/static/chunks/node_modules_next_dist_compiled_react-server-dom-turbopack_164kp-6._.js:2415:9)
    at processBinaryChunk (http://localhost:3000/_next/static/chunks/node_modules_next_dist_compiled_react-server-dom-turbopack_164kp-6._.js:2524:221)
    at progress (http://localhost:3000/_next/static/chunks/node_modules_next_dist_compiled_react-server-dom-turbopack_164kp-6._.js:2698:20) @ http://localhost:3000/_next/static/chunks/node_modules_next_dist_1e8vcs8._.js:1052
[  247445ms] [ERROR] %c%s%c background: #e6e6e6;background: light-dark(rgba(0,0,0,0.1), rgba(255,255,255,0.25));color: #000000;color: light-dark(#000000, #ffffff);border-radius: 2px  Server   Error: MISSING_MESSAGE: Could not resolve `language.addTestScore` in messages for locale `en`.
    at renderMatchMessage (about://React/Server/D:%5C%D0%BF%D1%80%D0%BE%D0%B5%D0%BA%D1%82%D1%8B%5CUnikchoose%5C.next%5Cdev%5Cserver%5Cchunks%5Cssr%5C%5Broot-of-the-server%5D__1622ik9._.js?65:822:12)
    at <anonymous> (about://React/Server/D:%5C%D0%BF%D1%80%D0%BE%D0%B5%D0%BA%D1%82%D1%8B%5CUnikchoose%5C.next%5Cdev%5Cserver%5Cchunks%5Cssr%5C%5Broot-of-the-server%5D__1622ik9._.js?71:1378:227)
    at Array.map (<anonymous>:1:18)
    at ProgrammeCard (about://React/Server/D:%5C%D0%BF%D1%80%D0%BE%D0%B5%D0%BA%D1%82%D1%8B%5CUnikchoose%5C.next%5Cdev%5Cserver%5Cchunks%5Cssr%5C%5Broot-of-the-server%5D__1622ik9._.js?72:1365:64)
    at resolveErrorDev (http://localhost:3000/_next/static/chunks/node_modules_next_dist_compiled_react-server-dom-turbopack_164kp-6._.js:1937:105)
    at getOutlinedModel (http://localhost:3000/_next/static/chunks/node_modules_next_dist_compiled_react-server-dom-turbopack_164kp-6._.js:1487:28)
    at parseModelString (http://localhost:3000/_next/static/chunks/node_modules_next_dist_compiled_react-server-dom-turbopack_164kp-6._.js:1602:50)
    at reviveModel (http://localhost:3000/_next/static/chunks/node_modules_next_dist_compiled_react-server-dom-turbopack_164kp-6._.js:2544:66)
    at parseModel (http://localhost:3000/_next/static/chunks/node_modules_next_dist_compiled_react-server-dom-turbopack_164kp-6._.js:2539:16)
    at initializeModelChunk (http://localhost:3000/_next/static/chunks/node_modules_next_dist_compiled_react-server-dom-turbopack_164kp-6._.js:1100:25)
    at getOutlinedModel (http://localhost:3000/_next/static/chunks/node_modules_next_dist_compiled_react-server-dom-turbopack_164kp-6._.js:1423:17)
    at parseModelString (http://localhost:3000/_next/static/chunks/node_modules_next_dist_compiled_react-server-dom-turbopack_164kp-6._.js:1657:50)
    at reviveModel (http://localhost:3000/_next/static/chunks/node_modules_next_dist_compiled_react-server-dom-turbopack_164kp-6._.js:2544:66)
    at reviveModel (http://localhost:3000/_next/static/chunks/node_modules_next_dist_compiled_react-server-dom-turbopack_164kp-6._.js:2547:61)
    at parseModel (http://localhost:3000/_next/static/chunks/node_modules_next_dist_compiled_react-server-dom-turbopack_164kp-6._.js:2539:16)
    at initializeModelChunk (http://localhost:3000/_next/static/chunks/node_modules_next_dist_compiled_react-server-dom-turbopack_164kp-6._.js:1100:25)
    at resolveConsoleEntry (http://localhost:3000/_next/static/chunks/node_modules_next_dist_compiled_react-server-dom-turbopack_164kp-6._.js:2069:96)
    at processFullStringRow (http://localhost:3000/_next/static/chunks/node_modules_next_dist_compiled_react-server-dom-turbopack_164kp-6._.js:2475:17)
    at processFullBinaryRow (http://localhost:3000/_next/static/chunks/node_modules_next_dist_compiled_react-server-dom-turbopack_164kp-6._.js:2415:9)
    at processBinaryChunk (http://localhost:3000/_next/static/chunks/node_modules_next_dist_compiled_react-server-dom-turbopack_164kp-6._.js:2524:221)
    at progress (http://localhost:3000/_next/static/chunks/node_modules_next_dist_compiled_react-server-dom-turbopack_164kp-6._.js:2698:20) @ http://localhost:3000/_next/static/chunks/node_modules_next_dist_1e8vcs8._.js:1052
[  247445ms] [ERROR] %c%s%c background: #e6e6e6;background: light-dark(rgba(0,0,0,0.1), rgba(255,255,255,0.25));color: #000000;color: light-dark(#000000, #ffffff);border-radius: 2px  Server   Error: MISSING_MESSAGE: Could not resolve `location.missingLocationPreference` in messages for locale `en`.
    at renderMatchMessage (about://React/Server/D:%5C%D0%BF%D1%80%D0%BE%D0%B5%D0%BA%D1%82%D1%8B%5CUnikchoose%5C.next%5Cdev%5Cserver%5Cchunks%5Cssr%5C%5Broot-of-the-server%5D__1622ik9._.js?65:822:12)
    at <anonymous> (about://React/Server/D:%5C%D0%BF%D1%80%D0%BE%D0%B5%D0%BA%D1%82%D1%8B%5CUnikchoose%5C.next%5Cdev%5Cserver%5Cchunks%5Cssr%5C%5Broot-of-the-server%5D__1622ik9._.js?71:1378:227)
    at Array.map (<anonymous>:1:18)
    at ProgrammeCard (about://React/Server/D:%5C%D0%BF%D1%80%D0%BE%D0%B5%D0%BA%D1%82%D1%8B%5CUnikchoose%5C.next%5Cdev%5Cserver%5Cchunks%5Cssr%5C%5Broot-of-the-server%5D__1622ik9._.js?72:1365:64)
    at resolveErrorDev (http://localhost:3000/_next/static/chunks/node_modules_next_dist_compiled_react-server-dom-turbopack_164kp-6._.js:1937:105)
    at getOutlinedModel (http://localhost:3000/_next/static/chunks/node_modules_next_dist_compiled_react-server-dom-turbopack_164kp-6._.js:1487:28)
    at parseModelString (http://localhost:3000/_next/static/chunks/node_modules_next_dist_compiled_react-server-dom-turbopack_164kp-6._.js:1602:50)
    at reviveModel (http://localhost:3000/_next/static/chunks/node_modules_next_dist_compiled_react-server-dom-turbopack_164kp-6._.js:2544:66)
    at parseModel (http://localhost:3000/_next/static/chunks/node_modules_next_dist_compiled_react-server-dom-turbopack_164kp-6._.js:2539:16)
    at initializeModelChunk (http://localhost:3000/_next/static/chunks/node_modules_next_dist_compiled_react-server-dom-turbopack_164kp-6._.js:1100:25)
    at getOutlinedModel (http://localhost:3000/_next/static/chunks/node_modules_next_dist_compiled_react-server-dom-turbopack_164kp-6._.js:1423:17)
    at parseModelString (http://localhost:3000/_next/static/chunks/node_modules_next_dist_compiled_react-server-dom-turbopack_164kp-6._.js:1657:50)
    at reviveModel (http://localhost:3000/_next/static/chunks/node_modules_next_dist_compiled_react-server-dom-turbopack_164kp-6._.js:2544:66)
    at reviveModel (http://localhost:3000/_next/static/chunks/node_modules_next_dist_compiled_react-server-dom-turbopack_164kp-6._.js:2547:61)
    at parseModel (http://localhost:3000/_next/static/chunks/node_modules_next_dist_compiled_react-server-dom-turbopack_164kp-6._.js:2539:16)
    at initializeModelChunk (http://localhost:3000/_next/static/chunks/node_modules_next_dist_compiled_react-server-dom-turbopack_164kp-6._.js:1100:25)
    at resolveConsoleEntry (http://localhost:3000/_next/static/chunks/node_modules_next_dist_compiled_react-server-dom-turbopack_164kp-6._.js:2069:96)
    at processFullStringRow (http://localhost:3000/_next/static/chunks/node_modules_next_dist_compiled_react-server-dom-turbopack_164kp-6._.js:2475:17)
    at processFullBinaryRow (http://localhost:3000/_next/static/chunks/node_modules_next_dist_compiled_react-server-dom-turbopack_164kp-6._.js:2415:9)
    at processBinaryChunk (http://localhost:3000/_next/static/chunks/node_modules_next_dist_compiled_react-server-dom-turbopack_164kp-6._.js:2524:221)
    at progress (http://localhost:3000/_next/static/chunks/node_modules_next_dist_compiled_react-server-dom-turbopack_164kp-6._.js:2698:20) @ http://localhost:3000/_next/static/chunks/node_modules_next_dist_1e8vcs8._.js:1052
[  247445ms] [ERROR] %c%s%c background: #e6e6e6;background: light-dark(rgba(0,0,0,0.1), rgba(255,255,255,0.25));color: #000000;color: light-dark(#000000, #ffffff);border-radius: 2px  Server   Error: MISSING_MESSAGE: Could not resolve `admission.entranceExamRequired` in messages for locale `en`.
    at renderMatchMessage (about://React/Server/D:%5C%D0%BF%D1%80%D0%BE%D0%B5%D0%BA%D1%82%D1%8B%5CUnikchoose%5C.next%5Cdev%5Cserver%5Cchunks%5Cssr%5C%5Broot-of-the-server%5D__1622ik9._.js?65:822:12)
    at <anonymous> (about://React/Server/D:%5C%D0%BF%D1%80%D0%BE%D0%B5%D0%BA%D1%82%D1%8B%5CUnikchoose%5C.next%5Cdev%5Cserver%5Cchunks%5Cssr%5C%5Broot-of-the-server%5D__1622ik9._.js?71:1378:227)
    at Array.map (<anonymous>:1:18)
    at ProgrammeCard (about://React/Server/D:%5C%D0%BF%D1%80%D0%BE%D0%B5%D0%BA%D1%82%D1%8B%5CUnikchoose%5C.next%5Cdev%5Cserver%5Cchunks%5Cssr%5C%5Broot-of-the-server%5D__1622ik9._.js?72:1365:64)
    at resolveErrorDev (http://localhost:3000/_next/static/chunks/node_modules_next_dist_compiled_react-server-dom-turbopack_164kp-6._.js:1937:105)
    at getOutlinedModel (http://localhost:3000/_next/static/chunks/node_modules_next_dist_compiled_react-server-dom-turbopack_164kp-6._.js:1487:28)
    at parseModelString (http://localhost:3000/_next/static/chunks/node_modules_next_dist_compiled_react-server-dom-turbopack_164kp-6._.js:1602:50)
    at reviveModel (http://localhost:3000/_next/static/chunks/node_modules_next_dist_compiled_react-server-dom-turbopack_164kp-6._.js:2544:66)
    at parseModel (http://localhost:3000/_next/static/chunks/node_modules_next_dist_compiled_react-server-dom-turbopack_164kp-6._.js:2539:16)
    at initializeModelChunk (http://localhost:3000/_next/static/chunks/node_modules_next_dist_compiled_react-server-dom-turbopack_164kp-6._.js:1100:25)
    at getOutlinedModel (http://localhost:3000/_next/static/chunks/node_modules_next_dist_compiled_react-server-dom-turbopack_164kp-6._.js:1423:17)
    at parseModelString (http://localhost:3000/_next/static/chunks/node_modules_next_dist_compiled_react-server-dom-turbopack_164kp-6._.js:1657:50)
    at reviveModel (http://localhost:3000/_next/static/chunks/node_modules_next_dist_compiled_react-server-dom-turbopack_164kp-6._.js:2544:66)
    at reviveModel (http://localhost:3000/_next/static/chunks/node_modules_next_dist_compiled_react-server-dom-turbopack_164kp-6._.js:2547:61)
    at parseModel (http://localhost:3000/_next/static/chunks/node_modules_next_dist_compiled_react-server-dom-turbopack_164kp-6._.js:2539:16)
    at initializeModelChunk (http://localhost:3000/_next/static/chunks/node_modules_next_dist_compiled_react-server-dom-turbopack_164kp-6._.js:1100:25)
    at resolveConsoleEntry (http://localhost:3000/_next/static/chunks/node_modules_next_dist_compiled_react-server-dom-turbopack_164kp-6._.js:2069:96)
    at processFullStringRow (http://localhost:3000/_next/static/chunks/node_modules_next_dist_compiled_react-server-dom-turbopack_164kp-6._.js:2475:17)
    at processFullBinaryRow (http://localhost:3000/_next/static/chunks/node_modules_next_dist_compiled_react-server-dom-turbopack_164kp-6._.js:2415:9)
    at processBinaryChunk (http://localhost:3000/_next/static/chunks/node_modules_next_dist_compiled_react-server-dom-turbopack_164kp-6._.js:2524:221)
    at progress (http://localhost:3000/_next/static/chunks/node_modules_next_dist_compiled_react-server-dom-turbopack_164kp-6._.js:2698:20) @ http://localhost:3000/_next/static/chunks/node_modules_next_dist_1e8vcs8._.js:1052
[  247445ms] [ERROR] %c%s%c background: #e6e6e6;background: light-dark(rgba(0,0,0,0.1), rgba(255,255,255,0.25));color: #000000;color: light-dark(#000000, #ffffff);border-radius: 2px  Server   Error: MISSING_MESSAGE: Could not resolve `career.missingData` in messages for locale `en`.
    at renderMatchMessage (about://React/Server/D:%5C%D0%BF%D1%80%D0%BE%D0%B5%D0%BA%D1%82%D1%8B%5CUnikchoose%5C.next%5Cdev%5Cserver%5Cchunks%5Cssr%5C%5Broot-of-the-server%5D__1622ik9._.js?65:822:12)
    at <anonymous> (about://React/Server/D:%5C%D0%BF%D1%80%D0%BE%D0%B5%D0%BA%D1%82%D1%8B%5CUnikchoose%5C.next%5Cdev%5Cserver%5Cchunks%5Cssr%5C%5Broot-of-the-server%5D__1622ik9._.js?71:1378:227)
    at Array.map (<anonymous>:1:18)
    at ProgrammeCard (about://React/Server/D:%5C%D0%BF%D1%80%D0%BE%D0%B5%D0%BA%D1%82%D1%8B%5CUnikchoose%5C.next%5Cdev%5Cserver%5Cchunks%5Cssr%5C%5Broot-of-the-server%5D__1622ik9._.js?72:1365:64)
    at resolveErrorDev (http://localhost:3000/_next/static/chunks/node_modules_next_dist_compiled_react-server-dom-turbopack_164kp-6._.js:1937:105)
    at getOutlinedModel (http://localhost:3000/_next/static/chunks/node_modules_next_dist_compiled_react-server-dom-turbopack_164kp-6._.js:1487:28)
    at parseModelString (http://localhost:3000/_next/static/chunks/node_modules_next_dist_compiled_react-server-dom-turbopack_164kp-6._.js:1602:50)
    at reviveModel (http://localhost:3000/_next/static/chunks/node_modules_next_dist_compiled_react-server-dom-turbopack_164kp-6._.js:2544:66)
    at parseModel (http://localhost:3000/_next/static/chunks/node_modules_next_dist_compiled_react-server-dom-turbopack_164kp-6._.js:2539:16)
    at initializeModelChunk (http://localhost:3000/_next/static/chunks/node_modules_next_dist_compiled_react-server-dom-turbopack_164kp-6._.js:1100:25)
    at getOutlinedModel (http://localhost:3000/_next/static/chunks/node_modules_next_dist_compiled_react-server-dom-turbopack_164kp-6._.js:1423:17)
    at parseModelString (http://localhost:3000/_next/static/chunks/node_modules_next_dist_compiled_react-server-dom-turbopack_164kp-6._.js:1657:50)
    at reviveModel (http://localhost:3000/_next/static/chunks/node_modules_next_dist_compiled_react-server-dom-turbopack_164kp-6._.js:2544:66)
    at reviveModel (http://localhost:3000/_next/static/chunks/node_modules_next_dist_compiled_react-server-dom-turbopack_164kp-6._.js:2547:61)
    at parseModel (http://localhost:3000/_next/static/chunks/node_modules_next_dist_compiled_react-server-dom-turbopack_164kp-6._.js:2539:16)
    at initializeModelChunk (http://localhost:3000/_next/static/chunks/node_modules_next_dist_compiled_react-server-dom-turbopack_164kp-6._.js:1100:25)
    at resolveConsoleEntry (http://localhost:3000/_next/static/chunks/node_modules_next_dist_compiled_react-server-dom-turbopack_164kp-6._.js:2069:96)
    at processFullStringRow (http://localhost:3000/_next/static/chunks/node_modules_next_dist_compiled_react-server-dom-turbopack_164kp-6._.js:2475:17)
    at processFullBinaryRow (http://localhost:3000/_next/static/chunks/node_modules_next_dist_compiled_react-server-dom-turbopack_164kp-6._.js:2415:9)
    at processBinaryChunk (http://localhost:3000/_next/static/chunks/node_modules_next_dist_compiled_react-server-dom-turbopack_164kp-6._.js:2524:221)
    at progress (http://localhost:3000/_next/static/chunks/node_modules_next_dist_compiled_react-server-dom-turbopack_164kp-6._.js:2698:20) @ http://localhost:3000/_next/static/chunks/node_modules_next_dist_1e8vcs8._.js:1052
[  247445ms] [ERROR] %c%s%c background: #e6e6e6;background: light-dark(rgba(0,0,0,0.1), rgba(255,255,255,0.25));color: #000000;color: light-dark(#000000, #ffffff);border-radius: 2px  Server   Error: MISSING_MESSAGE: Could not resolve `format.missingPreference` in messages for locale `en`.
    at renderMatchMessage (about://React/Server/D:%5C%D0%BF%D1%80%D0%BE%D0%B5%D0%BA%D1%82%D1%8B%5CUnikchoose%5C.next%5Cdev%5Cserver%5Cchunks%5Cssr%5C%5Broot-of-the-server%5D__1622ik9._.js?65:822:12)
    at <anonymous> (about://React/Server/D:%5C%D0%BF%D1%80%D0%BE%D0%B5%D0%BA%D1%82%D1%8B%5CUnikchoose%5C.next%5Cdev%5Cserver%5Cchunks%5Cssr%5C%5Broot-of-the-server%5D__1622ik9._.js?71:1378:227)
    at Array.map (<anonymous>:1:18)
    at ProgrammeCard (about://React/Server/D:%5C%D0%BF%D1%80%D0%BE%D0%B5%D0%BA%D1%82%D1%8B%5CUnikchoose%5C.next%5Cdev%5Cserver%5Cchunks%5Cssr%5C%5Broot-of-the-server%5D__1622ik9._.js?72:1365:64)
    at resolveErrorDev (http://localhost:3000/_next/static/chunks/node_modules_next_dist_compiled_react-server-dom-turbopack_164kp-6._.js:1937:105)
    at getOutlinedModel (http://localhost:3000/_next/static/chunks/node_modules_next_dist_compiled_react-server-dom-turbopack_164kp-6._.js:1487:28)
    at parseModelString (http://localhost:3000/_next/static/chunks/node_modules_next_dist_compiled_react-server-dom-turbopack_164kp-6._.js:1602:50)
    at reviveModel (http://localhost:3000/_next/static/chunks/node_modules_next_dist_compiled_react-server-dom-turbopack_164kp-6._.js:2544:66)
    at parseModel (http://localhost:3000/_next/static/chunks/node_modules_next_dist_compiled_react-server-dom-turbopack_164kp-6._.js:2539:16)
    at initializeModelChunk (http://localhost:3000/_next/static/chunks/node_modules_next_dist_compiled_react-server-dom-turbopack_164kp-6._.js:1100:25)
    at getOutlinedModel (http://localhost:3000/_next/static/chunks/node_modules_next_dist_compiled_react-server-dom-turbopack_164kp-6._.js:1423:17)
    at parseModelString (http://localhost:3000/_next/static/chunks/node_modules_next_dist_compiled_react-server-dom-turbopack_164kp-6._.js:1657:50)
    at reviveModel (http://localhost:3000/_next/static/chunks/node_modules_next_dist_compiled_react-server-dom-turbopack_164kp-6._.js:2544:66)
    at reviveModel (http://localhost:3000/_next/static/chunks/node_modules_next_dist_compiled_react-server-dom-turbopack_164kp-6._.js:2547:61)
    at parseModel (http://localhost:3000/_next/static/chunks/node_modules_next_dist_compiled_react-server-dom-turbopack_164kp-6._.js:2539:16)
    at initializeModelChunk (http://localhost:3000/_next/static/chunks/node_modules_next_dist_compiled_react-server-dom-turbopack_164kp-6._.js:1100:25)
    at resolveConsoleEntry (http://localhost:3000/_next/static/chunks/node_modules_next_dist_compiled_react-server-dom-turbopack_164kp-6._.js:2069:96)
    at processFullStringRow (http://localhost:3000/_next/static/chunks/node_modules_next_dist_compiled_react-server-dom-turbopack_164kp-6._.js:2475:17)
    at processFullBinaryRow (http://localhost:3000/_next/static/chunks/node_modules_next_dist_compiled_react-server-dom-turbopack_164kp-6._.js:2415:9)
    at processBinaryChunk (http://localhost:3000/_next/static/chunks/node_modules_next_dist_compiled_react-server-dom-turbopack_164kp-6._.js:2524:221)
    at progress (http://localhost:3000/_next/static/chunks/node_modules_next_dist_compiled_react-server-dom-turbopack_164kp-6._.js:2698:20) @ http://localhost:3000/_next/static/chunks/node_modules_next_dist_1e8vcs8._.js:1052
[  247445ms] [ERROR] %c%s%c background: #e6e6e6;background: light-dark(rgba(0,0,0,0.1), rgba(255,255,255,0.25));color: #000000;color: light-dark(#000000, #ffffff);border-radius: 2px  Server   Error: MISSING_MESSAGE: Could not resolve `lifestyle.missingData` in messages for locale `en`.
    at renderMatchMessage (about://React/Server/D:%5C%D0%BF%D1%80%D0%BE%D0%B5%D0%BA%D1%82%D1%8B%5CUnikchoose%5C.next%5Cdev%5Cserver%5Cchunks%5Cssr%5C%5Broot-of-the-server%5D__1622ik9._.js?65:822:12)
    at <anonymous> (about://React/Server/D:%5C%D0%BF%D1%80%D0%BE%D0%B5%D0%BA%D1%82%D1%8B%5CUnikchoose%5C.next%5Cdev%5Cserver%5Cchunks%5Cssr%5C%5Broot-of-the-server%5D__1622ik9._.js?71:1378:227)
    at Array.map (<anonymous>:1:18)
    at ProgrammeCard (about://React/Server/D:%5C%D0%BF%D1%80%D0%BE%D0%B5%D0%BA%D1%82%D1%8B%5CUnikchoose%5C.next%5Cdev%5Cserver%5Cchunks%5Cssr%5C%5Broot-of-the-server%5D__1622ik9._.js?72:1365:64)
    at resolveErrorDev (http://localhost:3000/_next/static/chunks/node_modules_next_dist_compiled_react-server-dom-turbopack_164kp-6._.js:1937:105)
    at getOutlinedModel (http://localhost:3000/_next/static/chunks/node_modules_next_dist_compiled_react-server-dom-turbopack_164kp-6._.js:1487:28)
    at parseModelString (http://localhost:3000/_next/static/chunks/node_modules_next_dist_compiled_react-server-dom-turbopack_164kp-6._.js:1602:50)
    at reviveModel (http://localhost:3000/_next/static/chunks/node_modules_next_dist_compiled_react-server-dom-turbopack_164kp-6._.js:2544:66)
    at parseModel (http://localhost:3000/_next/static/chunks/node_modules_next_dist_compiled_react-server-dom-turbopack_164kp-6._.js:2539:16)
    at initializeModelChunk (http://localhost:3000/_next/static/chunks/node_modules_next_dist_compiled_react-server-dom-turbopack_164kp-6._.js:1100:25)
    at getOutlinedModel (http://localhost:3000/_next/static/chunks/node_modules_next_dist_compiled_react-server-dom-turbopack_164kp-6._.js:1423:17)
    at parseModelString (http://localhost:3000/_next/static/chunks/node_modules_next_dist_compiled_react-server-dom-turbopack_164kp-6._.js:1657:50)
    at reviveModel (http://localhost:3000/_next/static/chunks/node_modules_next_dist_compiled_react-server-dom-turbopack_164kp-6._.js:2544:66)
    at reviveModel (http://localhost:3000/_next/static/chunks/node_modules_next_dist_compiled_react-server-dom-turbopack_164kp-6._.js:2547:61)
    at parseModel (http://localhost:3000/_next/static/chunks/node_modules_next_dist_compiled_react-server-dom-turbopack_164kp-6._.js:2539:16)
    at initializeModelChunk (http://localhost:3000/_next/static/chunks/node_modules_next_dist_compiled_react-server-dom-turbopack_164kp-6._.js:1100:25)
    at resolveConsoleEntry (http://localhost:3000/_next/static/chunks/node_modules_next_dist_compiled_react-server-dom-turbopack_164kp-6._.js:2069:96)
    at processFullStringRow (http://localhost:3000/_next/static/chunks/node_modules_next_dist_compiled_react-server-dom-turbopack_164kp-6._.js:2475:17)
    at processFullBinaryRow (http://localhost:3000/_next/static/chunks/node_modules_next_dist_compiled_react-server-dom-turbopack_164kp-6._.js:2415:9)
    at processBinaryChunk (http://localhost:3000/_next/static/chunks/node_modules_next_dist_compiled_react-server-dom-turbopack_164kp-6._.js:2524:221)
    at progress (http://localhost:3000/_next/static/chunks/node_modules_next_dist_compiled_react-server-dom-turbopack_164kp-6._.js:2698:20) @ http://localhost:3000/_next/static/chunks/node_modules_next_dist_1e8vcs8._.js:1052
[  247445ms] [ERROR] %c%s%c background: #e6e6e6;background: light-dark(rgba(0,0,0,0.1), rgba(255,255,255,0.25));color: #000000;color: light-dark(#000000, #ffffff);border-radius: 2px  Server   Error: MISSING_MESSAGE: Could not resolve `language.matchesPreferredLanguage` in messages for locale `en`.
    at renderMatchMessage (about://React/Server/D:%5C%D0%BF%D1%80%D0%BE%D0%B5%D0%BA%D1%82%D1%8B%5CUnikchoose%5C.next%5Cdev%5Cserver%5Cchunks%5Cssr%5C%5Broot-of-the-server%5D__1622ik9._.js?65:822:12)
    at <anonymous> (about://React/Server/D:%5C%D0%BF%D1%80%D0%BE%D0%B5%D0%BA%D1%82%D1%8B%5CUnikchoose%5C.next%5Cdev%5Cserver%5Cchunks%5Cssr%5C%5Broot-of-the-server%5D__1622ik9._.js?66:1056:211)
    at Array.map (<anonymous>:1:18)
    at ProgrammeCard (about://React/Server/D:%5C%D0%BF%D1%80%D0%BE%D0%B5%D0%BA%D1%82%D1%8B%5CUnikchoose%5C.next%5Cdev%5Cserver%5Cchunks%5Cssr%5C%5Broot-of-the-server%5D__1622ik9._.js?67:1043:50)
    at resolveErrorDev (http://localhost:3000/_next/static/chunks/node_modules_next_dist_compiled_react-server-dom-turbopack_164kp-6._.js:1937:105)
    at getOutlinedModel (http://localhost:3000/_next/static/chunks/node_modules_next_dist_compiled_react-server-dom-turbopack_164kp-6._.js:1487:28)
    at parseModelString (http://localhost:3000/_next/static/chunks/node_modules_next_dist_compiled_react-server-dom-turbopack_164kp-6._.js:1602:50)
    at reviveModel (http://localhost:3000/_next/static/chunks/node_modules_next_dist_compiled_react-server-dom-turbopack_164kp-6._.js:2544:66)
    at parseModel (http://localhost:3000/_next/static/chunks/node_modules_next_dist_compiled_react-server-dom-turbopack_164kp-6._.js:2539:16)
    at initializeModelChunk (http://localhost:3000/_next/static/chunks/node_modules_next_dist_compiled_react-server-dom-turbopack_164kp-6._.js:1100:25)
    at getOutlinedModel (http://localhost:3000/_next/static/chunks/node_modules_next_dist_compiled_react-server-dom-turbopack_164kp-6._.js:1423:17)
    at parseModelString (http://localhost:3000/_next/static/chunks/node_modules_next_dist_compiled_react-server-dom-turbopack_164kp-6._.js:1657:50)
    at reviveModel (http://localhost:3000/_next/static/chunks/node_modules_next_dist_compiled_react-server-dom-turbopack_164kp-6._.js:2544:66)
    at reviveModel (http://localhost:3000/_next/static/chunks/node_modules_next_dist_compiled_react-server-dom-turbopack_164kp-6._.js:2547:61)
    at parseModel (http://localhost:3000/_next/static/chunks/node_modules_next_dist_compiled_react-server-dom-turbopack_164kp-6._.js:2539:16)
    at initializeModelChunk (http://localhost:3000/_next/static/chunks/node_modules_next_dist_compiled_react-server-dom-turbopack_164kp-6._.js:1100:25)
    at resolveConsoleEntry (http://localhost:3000/_next/static/chunks/node_modules_next_dist_compiled_react-server-dom-turbopack_164kp-6._.js:2069:96)
    at processFullStringRow (http://localhost:3000/_next/static/chunks/node_modules_next_dist_compiled_react-server-dom-turbopack_164kp-6._.js:2475:17)
    at processFullBinaryRow (http://localhost:3000/_next/static/chunks/node_modules_next_dist_compiled_react-server-dom-turbopack_164kp-6._.js:2415:9)
    at processBinaryChunk (http://localhost:3000/_next/static/chunks/node_modules_next_dist_compiled_react-server-dom-turbopack_164kp-6._.js:2524:221)
    at progress (http://localhost:3000/_next/static/chunks/node_modules_next_dist_compiled_react-server-dom-turbopack_164kp-6._.js:2698:20) @ http://localhost:3000/_next/static/chunks/node_modules_next_dist_1e8vcs8._.js:1052
[  247446ms] [ERROR] %c%s%c background: #e6e6e6;background: light-dark(rgba(0,0,0,0.1), rgba(255,255,255,0.25));color: #000000;color: light-dark(#000000, #ffffff);border-radius: 2px  Server   Error: MISSING_MESSAGE: Could not resolve `academic.entranceExamGeneric` in messages for locale `en`.
    at renderMatchMessage (about://React/Server/D:%5C%D0%BF%D1%80%D0%BE%D0%B5%D0%BA%D1%82%D1%8B%5CUnikchoose%5C.next%5Cdev%5Cserver%5Cchunks%5Cssr%5C%5Broot-of-the-server%5D__1622ik9._.js?65:822:12)
    at ProgrammeCard (about://React/Server/D:%5C%D0%BF%D1%80%D0%BE%D0%B5%D0%BA%D1%82%D1%8B%5CUnikchoose%5C.next%5Cdev%5Cserver%5Cchunks%5Cssr%5C%5Broot-of-the-server%5D__1622ik9._.js?70:1102:203)
    at resolveErrorDev (http://localhost:3000/_next/static/chunks/node_modules_next_dist_compiled_react-server-dom-turbopack_164kp-6._.js:1937:105)
    at getOutlinedModel (http://localhost:3000/_next/static/chunks/node_modules_next_dist_compiled_react-server-dom-turbopack_164kp-6._.js:1487:28)
    at parseModelString (http://localhost:3000/_next/static/chunks/node_modules_next_dist_compiled_react-server-dom-turbopack_164kp-6._.js:1602:50)
    at reviveModel (http://localhost:3000/_next/static/chunks/node_modules_next_dist_compiled_react-server-dom-turbopack_164kp-6._.js:2544:66)
    at parseModel (http://localhost:3000/_next/static/chunks/node_modules_next_dist_compiled_react-server-dom-turbopack_164kp-6._.js:2539:16)
    at initializeModelChunk (http://localhost:3000/_next/static/chunks/node_modules_next_dist_compiled_react-server-dom-turbopack_164kp-6._.js:1100:25)
    at getOutlinedModel (http://localhost:3000/_next/static/chunks/node_modules_next_dist_compiled_react-server-dom-turbopack_164kp-6._.js:1423:17)
    at parseModelString (http://localhost:3000/_next/static/chunks/node_modules_next_dist_compiled_react-server-dom-turbopack_164kp-6._.js:1657:50)
    at reviveModel (http://localhost:3000/_next/static/chunks/node_modules_next_dist_compiled_react-server-dom-turbopack_164kp-6._.js:2544:66)
    at reviveModel (http://localhost:3000/_next/static/chunks/node_modules_next_dist_compiled_react-server-dom-turbopack_164kp-6._.js:2547:61)
    at parseModel (http://localhost:3000/_next/static/chunks/node_modules_next_dist_compiled_react-server-dom-turbopack_164kp-6._.js:2539:16)
    at initializeModelChunk (http://localhost:3000/_next/static/chunks/node_modules_next_dist_compiled_react-server-dom-turbopack_164kp-6._.js:1100:25)
    at resolveConsoleEntry (http://localhost:3000/_next/static/chunks/node_modules_next_dist_compiled_react-server-dom-turbopack_164kp-6._.js:2069:96)
    at processFullStringRow (http://localhost:3000/_next/static/chunks/node_modules_next_dist_compiled_react-server-dom-turbopack_164kp-6._.js:2475:17)
    at processFullBinaryRow (http://localhost:3000/_next/static/chunks/node_modules_next_dist_compiled_react-server-dom-turbopack_164kp-6._.js:2415:9)
    at processBinaryChunk (http://localhost:3000/_next/static/chunks/node_modules_next_dist_compiled_react-server-dom-turbopack_164kp-6._.js:2524:221)
    at progress (http://localhost:3000/_next/static/chunks/node_modules_next_dist_compiled_react-server-dom-turbopack_164kp-6._.js:2698:20) @ http://localhost:3000/_next/static/chunks/node_modules_next_dist_1e8vcs8._.js:1052
[  247446ms] [ERROR] %c%s%c background: #e6e6e6;background: light-dark(rgba(0,0,0,0.1), rgba(255,255,255,0.25));color: #000000;color: light-dark(#000000, #ffffff);border-radius: 2px  Server   Error: MISSING_MESSAGE: Could not resolve `budget.missingBudget` in messages for locale `en`.
    at renderMatchMessage (about://React/Server/D:%5C%D0%BF%D1%80%D0%BE%D0%B5%D0%BA%D1%82%D1%8B%5CUnikchoose%5C.next%5Cdev%5Cserver%5Cchunks%5Cssr%5C%5Broot-of-the-server%5D__1622ik9._.js?65:822:12)
    at <anonymous> (about://React/Server/D:%5C%D0%BF%D1%80%D0%BE%D0%B5%D0%BA%D1%82%D1%8B%5CUnikchoose%5C.next%5Cdev%5Cserver%5Cchunks%5Cssr%5C%5Broot-of-the-server%5D__1622ik9._.js?71:1378:227)
    at Array.map (<anonymous>:1:18)
    at ProgrammeCard (about://React/Server/D:%5C%D0%BF%D1%80%D0%BE%D0%B5%D0%BA%D1%82%D1%8B%5CUnikchoose%5C.next%5Cdev%5Cserver%5Cchunks%5Cssr%5C%5Broot-of-the-server%5D__1622ik9._.js?72:1365:64)
    at resolveErrorDev (http://localhost:3000/_next/static/chunks/node_modules_next_dist_compiled_react-server-dom-turbopack_164kp-6._.js:1937:105)
    at getOutlinedModel (http://localhost:3000/_next/static/chunks/node_modules_next_dist_compiled_react-server-dom-turbopack_164kp-6._.js:1487:28)
    at parseModelString (http://localhost:3000/_next/static/chunks/node_modules_next_dist_compiled_react-server-dom-turbopack_164kp-6._.js:1602:50)
    at reviveModel (http://localhost:3000/_next/static/chunks/node_modules_next_dist_compiled_react-server-dom-turbopack_164kp-6._.js:2544:66)
    at parseModel (http://localhost:3000/_next/static/chunks/node_modules_next_dist_compiled_react-server-dom-turbopack_164kp-6._.js:2539:16)
    at initializeModelChunk (http://localhost:3000/_next/static/chunks/node_modules_next_dist_compiled_react-server-dom-turbopack_164kp-6._.js:1100:25)
    at getOutlinedModel (http://localhost:3000/_next/static/chunks/node_modules_next_dist_compiled_react-server-dom-turbopack_164kp-6._.js:1423:17)
    at parseModelString (http://localhost:3000/_next/static/chunks/node_modules_next_dist_compiled_react-server-dom-turbopack_164kp-6._.js:1657:50)
    at reviveModel (http://localhost:3000/_next/static/chunks/node_modules_next_dist_compiled_react-server-dom-turbopack_164kp-6._.js:2544:66)
    at reviveModel (http://localhost:3000/_next/static/chunks/node_modules_next_dist_compiled_react-server-dom-turbopack_164kp-6._.js:2547:61)
    at parseModel (http://localhost:3000/_next/static/chunks/node_modules_next_dist_compiled_react-server-dom-turbopack_164kp-6._.js:2539:16)
    at initializeModelChunk (http://localhost:3000/_next/static/chunks/node_modules_next_dist_compiled_react-server-dom-turbopack_164kp-6._.js:1100:25)
    at resolveConsoleEntry (http://localhost:3000/_next/static/chunks/node_modules_next_dist_compiled_react-server-dom-turbopack_164kp-6._.js:2069:96)
    at processFullStringRow (http://localhost:3000/_next/static/chunks/node_modules_next_dist_compiled_react-server-dom-turbopack_164kp-6._.js:2475:17)
    at processFullBinaryRow (http://localhost:3000/_next/static/chunks/node_modules_next_dist_compiled_react-server-dom-turbopack_164kp-6._.js:2415:9)
    at processBinaryChunk (http://localhost:3000/_next/static/chunks/node_modules_next_dist_compiled_react-server-dom-turbopack_164kp-6._.js:2524:221)
    at progress (http://localhost:3000/_next/static/chunks/node_modules_next_dist_compiled_react-server-dom-turbopack_164kp-6._.js:2698:20) @ http://localhost:3000/_next/static/chunks/node_modules_next_dist_1e8vcs8._.js:1052
[  247446ms] [ERROR] %c%s%c background: #e6e6e6;background: light-dark(rgba(0,0,0,0.1), rgba(255,255,255,0.25));color: #000000;color: light-dark(#000000, #ffffff);border-radius: 2px  Server   Error: MISSING_MESSAGE: Could not resolve `location.missingLocationPreference` in messages for locale `en`.
    at renderMatchMessage (about://React/Server/D:%5C%D0%BF%D1%80%D0%BE%D0%B5%D0%BA%D1%82%D1%8B%5CUnikchoose%5C.next%5Cdev%5Cserver%5Cchunks%5Cssr%5C%5Broot-of-the-server%5D__1622ik9._.js?65:822:12)
    at <anonymous> (about://React/Server/D:%5C%D0%BF%D1%80%D0%BE%D0%B5%D0%BA%D1%82%D1%8B%5CUnikchoose%5C.next%5Cdev%5Cserver%5Cchunks%5Cssr%5C%5Broot-of-the-server%5D__1622ik9._.js?71:1378:227)
    at Array.map (<anonymous>:1:18)
    at ProgrammeCard (about://React/Server/D:%5C%D0%BF%D1%80%D0%BE%D0%B5%D0%BA%D1%82%D1%8B%5CUnikchoose%5C.next%5Cdev%5Cserver%5Cchunks%5Cssr%5C%5Broot-of-the-server%5D__1622ik9._.js?72:1365:64)
    at resolveErrorDev (http://localhost:3000/_next/static/chunks/node_modules_next_dist_compiled_react-server-dom-turbopack_164kp-6._.js:1937:105)
    at getOutlinedModel (http://localhost:3000/_next/static/chunks/node_modules_next_dist_compiled_react-server-dom-turbopack_164kp-6._.js:1487:28)
    at parseModelString (http://localhost:3000/_next/static/chunks/node_modules_next_dist_compiled_react-server-dom-turbopack_164kp-6._.js:1602:50)
    at reviveModel (http://localhost:3000/_next/static/chunks/node_modules_next_dist_compiled_react-server-dom-turbopack_164kp-6._.js:2544:66)
    at parseModel (http://localhost:3000/_next/static/chunks/node_modules_next_dist_compiled_react-server-dom-turbopack_164kp-6._.js:2539:16)
    at initializeModelChunk (http://localhost:3000/_next/static/chunks/node_modules_next_dist_compiled_react-server-dom-turbopack_164kp-6._.js:1100:25)
    at getOutlinedModel (http://localhost:3000/_next/static/chunks/node_modules_next_dist_compiled_react-server-dom-turbopack_164kp-6._.js:1423:17)
    at parseModelString (http://localhost:3000/_next/static/chunks/node_modules_next_dist_compiled_react-server-dom-turbopack_164kp-6._.js:1657:50)
    at reviveModel (http://localhost:3000/_next/static/chunks/node_modules_next_dist_compiled_react-server-dom-turbopack_164kp-6._.js:2544:66)
    at reviveModel (http://localhost:3000/_next/static/chunks/node_modules_next_dist_compiled_react-server-dom-turbopack_164kp-6._.js:2547:61)
    at parseModel (http://localhost:3000/_next/static/chunks/node_modules_next_dist_compiled_react-server-dom-turbopack_164kp-6._.js:2539:16)
    at initializeModelChunk (http://localhost:3000/_next/static/chunks/node_modules_next_dist_compiled_react-server-dom-turbopack_164kp-6._.js:1100:25)
    at resolveConsoleEntry (http://localhost:3000/_next/static/chunks/node_modules_next_dist_compiled_react-server-dom-turbopack_164kp-6._.js:2069:96)
    at processFullStringRow (http://localhost:3000/_next/static/chunks/node_modules_next_dist_compiled_react-server-dom-turbopack_164kp-6._.js:2475:17)
    at processFullBinaryRow (http://localhost:3000/_next/static/chunks/node_modules_next_dist_compiled_react-server-dom-turbopack_164kp-6._.js:2415:9)
    at processBinaryChunk (http://localhost:3000/_next/static/chunks/node_modules_next_dist_compiled_react-server-dom-turbopack_164kp-6._.js:2524:221)
    at progress (http://localhost:3000/_next/static/chunks/node_modules_next_dist_compiled_react-server-dom-turbopack_164kp-6._.js:2698:20) @ http://localhost:3000/_next/static/chunks/node_modules_next_dist_1e8vcs8._.js:1052
[  247446ms] [ERROR] %c%s%c background: #e6e6e6;background: light-dark(rgba(0,0,0,0.1), rgba(255,255,255,0.25));color: #000000;color: light-dark(#000000, #ffffff);border-radius: 2px  Server   Error: MISSING_MESSAGE: Could not resolve `admission.entranceExamRequired` in messages for locale `en`.
    at renderMatchMessage (about://React/Server/D:%5C%D0%BF%D1%80%D0%BE%D0%B5%D0%BA%D1%82%D1%8B%5CUnikchoose%5C.next%5Cdev%5Cserver%5Cchunks%5Cssr%5C%5Broot-of-the-server%5D__1622ik9._.js?65:822:12)
    at <anonymous> (about://React/Server/D:%5C%D0%BF%D1%80%D0%BE%D0%B5%D0%BA%D1%82%D1%8B%5CUnikchoose%5C.next%5Cdev%5Cserver%5Cchunks%5Cssr%5C%5Broot-of-the-server%5D__1622ik9._.js?71:1378:227)
    at Array.map (<anonymous>:1:18)
    at ProgrammeCard (about://React/Server/D:%5C%D0%BF%D1%80%D0%BE%D0%B5%D0%BA%D1%82%D1%8B%5CUnikchoose%5C.next%5Cdev%5Cserver%5Cchunks%5Cssr%5C%5Broot-of-the-server%5D__1622ik9._.js?72:1365:64)
    at resolveErrorDev (http://localhost:3000/_next/static/chunks/node_modules_next_dist_compiled_react-server-dom-turbopack_164kp-6._.js:1937:105)
    at getOutlinedModel (http://localhost:3000/_next/static/chunks/node_modules_next_dist_compiled_react-server-dom-turbopack_164kp-6._.js:1487:28)
    at parseModelString (http://localhost:3000/_next/static/chunks/node_modules_next_dist_compiled_react-server-dom-turbopack_164kp-6._.js:1602:50)
    at reviveModel (http://localhost:3000/_next/static/chunks/node_modules_next_dist_compiled_react-server-dom-turbopack_164kp-6._.js:2544:66)
    at parseModel (http://localhost:3000/_next/static/chunks/node_modules_next_dist_compiled_react-server-dom-turbopack_164kp-6._.js:2539:16)
    at initializeModelChunk (http://localhost:3000/_next/static/chunks/node_modules_next_dist_compiled_react-server-dom-turbopack_164kp-6._.js:1100:25)
    at getOutlinedModel (http://localhost:3000/_next/static/chunks/node_modules_next_dist_compiled_react-server-dom-turbopack_164kp-6._.js:1423:17)
    at parseModelString (http://localhost:3000/_next/static/chunks/node_modules_next_dist_compiled_react-server-dom-turbopack_164kp-6._.js:1657:50)
    at reviveModel (http://localhost:3000/_next/static/chunks/node_modules_next_dist_compiled_react-server-dom-turbopack_164kp-6._.js:2544:66)
    at reviveModel (http://localhost:3000/_next/static/chunks/node_modules_next_dist_compiled_react-server-dom-turbopack_164kp-6._.js:2547:61)
    at parseModel (http://localhost:3000/_next/static/chunks/node_modules_next_dist_compiled_react-server-dom-turbopack_164kp-6._.js:2539:16)
    at initializeModelChunk (http://localhost:3000/_next/static/chunks/node_modules_next_dist_compiled_react-server-dom-turbopack_164kp-6._.js:1100:25)
    at resolveConsoleEntry (http://localhost:3000/_next/static/chunks/node_modules_next_dist_compiled_react-server-dom-turbopack_164kp-6._.js:2069:96)
    at processFullStringRow (http://localhost:3000/_next/static/chunks/node_modules_next_dist_compiled_react-server-dom-turbopack_164kp-6._.js:2475:17)
    at processFullBinaryRow (http://localhost:3000/_next/static/chunks/node_modules_next_dist_compiled_react-server-dom-turbopack_164kp-6._.js:2415:9)
    at processBinaryChunk (http://localhost:3000/_next/static/chunks/node_modules_next_dist_compiled_react-server-dom-turbopack_164kp-6._.js:2524:221)
    at progress (http://localhost:3000/_next/static/chunks/node_modules_next_dist_compiled_react-server-dom-turbopack_164kp-6._.js:2698:20) @ http://localhost:3000/_next/static/chunks/node_modules_next_dist_1e8vcs8._.js:1052
[  247446ms] [ERROR] %c%s%c background: #e6e6e6;background: light-dark(rgba(0,0,0,0.1), rgba(255,255,255,0.25));color: #000000;color: light-dark(#000000, #ffffff);border-radius: 2px  Server   Error: MISSING_MESSAGE: Could not resolve `career.missingData` in messages for locale `en`.
    at renderMatchMessage (about://React/Server/D:%5C%D0%BF%D1%80%D0%BE%D0%B5%D0%BA%D1%82%D1%8B%5CUnikchoose%5C.next%5Cdev%5Cserver%5Cchunks%5Cssr%5C%5Broot-of-the-server%5D__1622ik9._.js?65:822:12)
    at <anonymous> (about://React/Server/D:%5C%D0%BF%D1%80%D0%BE%D0%B5%D0%BA%D1%82%D1%8B%5CUnikchoose%5C.next%5Cdev%5Cserver%5Cchunks%5Cssr%5C%5Broot-of-the-server%5D__1622ik9._.js?71:1378:227)
    at Array.map (<anonymous>:1:18)
    at ProgrammeCard (about://React/Server/D:%5C%D0%BF%D1%80%D0%BE%D0%B5%D0%BA%D1%82%D1%8B%5CUnikchoose%5C.next%5Cdev%5Cserver%5Cchunks%5Cssr%5C%5Broot-of-the-server%5D__1622ik9._.js?72:1365:64)
    at resolveErrorDev (http://localhost:3000/_next/static/chunks/node_modules_next_dist_compiled_react-server-dom-turbopack_164kp-6._.js:1937:105)
    at getOutlinedModel (http://localhost:3000/_next/static/chunks/node_modules_next_dist_compiled_react-server-dom-turbopack_164kp-6._.js:1487:28)
    at parseModelString (http://localhost:3000/_next/static/chunks/node_modules_next_dist_compiled_react-server-dom-turbopack_164kp-6._.js:1602:50)
    at reviveModel (http://localhost:3000/_next/static/chunks/node_modules_next_dist_compiled_react-server-dom-turbopack_164kp-6._.js:2544:66)
    at parseModel (http://localhost:3000/_next/static/chunks/node_modules_next_dist_compiled_react-server-dom-turbopack_164kp-6._.js:2539:16)
    at initializeModelChunk (http://localhost:3000/_next/static/chunks/node_modules_next_dist_compiled_react-server-dom-turbopack_164kp-6._.js:1100:25)
    at getOutlinedModel (http://localhost:3000/_next/static/chunks/node_modules_next_dist_compiled_react-server-dom-turbopack_164kp-6._.js:1423:17)
    at parseModelString (http://localhost:3000/_next/static/chunks/node_modules_next_dist_compiled_react-server-dom-turbopack_164kp-6._.js:1657:50)
    at reviveModel (http://localhost:3000/_next/static/chunks/node_modules_next_dist_compiled_react-server-dom-turbopack_164kp-6._.js:2544:66)
    at reviveModel (http://localhost:3000/_next/static/chunks/node_modules_next_dist_compiled_react-server-dom-turbopack_164kp-6._.js:2547:61)
    at parseModel (http://localhost:3000/_next/static/chunks/node_modules_next_dist_compiled_react-server-dom-turbopack_164kp-6._.js:2539:16)
    at initializeModelChunk (http://localhost:3000/_next/static/chunks/node_modules_next_dist_compiled_react-server-dom-turbopack_164kp-6._.js:1100:25)
    at resolveConsoleEntry (http://localhost:3000/_next/static/chunks/node_modules_next_dist_compiled_react-server-dom-turbopack_164kp-6._.js:2069:96)
    at processFullStringRow (http://localhost:3000/_next/static/chunks/node_modules_next_dist_compiled_react-server-dom-turbopack_164kp-6._.js:2475:17)
    at processFullBinaryRow (http://localhost:3000/_next/static/chunks/node_modules_next_dist_compiled_react-server-dom-turbopack_164kp-6._.js:2415:9)
    at processBinaryChunk (http://localhost:3000/_next/static/chunks/node_modules_next_dist_compiled_react-server-dom-turbopack_164kp-6._.js:2524:221)
    at progress (http://localhost:3000/_next/static/chunks/node_modules_next_dist_compiled_react-server-dom-turbopack_164kp-6._.js:2698:20) @ http://localhost:3000/_next/static/chunks/node_modules_next_dist_1e8vcs8._.js:1052
[  247446ms] [ERROR] %c%s%c background: #e6e6e6;background: light-dark(rgba(0,0,0,0.1), rgba(255,255,255,0.25));color: #000000;color: light-dark(#000000, #ffffff);border-radius: 2px  Server   Error: MISSING_MESSAGE: Could not resolve `format.missingData` in messages for locale `en`.
    at renderMatchMessage (about://React/Server/D:%5C%D0%BF%D1%80%D0%BE%D0%B5%D0%BA%D1%82%D1%8B%5CUnikchoose%5C.next%5Cdev%5Cserver%5Cchunks%5Cssr%5C%5Broot-of-the-server%5D__1622ik9._.js?65:822:12)
    at <anonymous> (about://React/Server/D:%5C%D0%BF%D1%80%D0%BE%D0%B5%D0%BA%D1%82%D1%8B%5CUnikchoose%5C.next%5Cdev%5Cserver%5Cchunks%5Cssr%5C%5Broot-of-the-server%5D__1622ik9._.js?71:1378:227)
    at Array.map (<anonymous>:1:18)
    at ProgrammeCard (about://React/Server/D:%5C%D0%BF%D1%80%D0%BE%D0%B5%D0%BA%D1%82%D1%8B%5CUnikchoose%5C.next%5Cdev%5Cserver%5Cchunks%5Cssr%5C%5Broot-of-the-server%5D__1622ik9._.js?72:1365:64)
    at resolveErrorDev (http://localhost:3000/_next/static/chunks/node_modules_next_dist_compiled_react-server-dom-turbopack_164kp-6._.js:1937:105)
    at getOutlinedModel (http://localhost:3000/_next/static/chunks/node_modules_next_dist_compiled_react-server-dom-turbopack_164kp-6._.js:1487:28)
    at parseModelString (http://localhost:3000/_next/static/chunks/node_modules_next_dist_compiled_react-server-dom-turbopack_164kp-6._.js:1602:50)
    at reviveModel (http://localhost:3000/_next/static/chunks/node_modules_next_dist_compiled_react-server-dom-turbopack_164kp-6._.js:2544:66)
    at parseModel (http://localhost:3000/_next/static/chunks/node_modules_next_dist_compiled_react-server-dom-turbopack_164kp-6._.js:2539:16)
    at initializeModelChunk (http://localhost:3000/_next/static/chunks/node_modules_next_dist_compiled_react-server-dom-turbopack_164kp-6._.js:1100:25)
    at getOutlinedModel (http://localhost:3000/_next/static/chunks/node_modules_next_dist_compiled_react-server-dom-turbopack_164kp-6._.js:1423:17)
    at parseModelString (http://localhost:3000/_next/static/chunks/node_modules_next_dist_compiled_react-server-dom-turbopack_164kp-6._.js:1657:50)
    at reviveModel (http://localhost:3000/_next/static/chunks/node_modules_next_dist_compiled_react-server-dom-turbopack_164kp-6._.js:2544:66)
    at reviveModel (http://localhost:3000/_next/static/chunks/node_modules_next_dist_compiled_react-server-dom-turbopack_164kp-6._.js:2547:61)
    at parseModel (http://localhost:3000/_next/static/chunks/node_modules_next_dist_compiled_react-server-dom-turbopack_164kp-6._.js:2539:16)
    at initializeModelChunk (http://localhost:3000/_next/static/chunks/node_modules_next_dist_compiled_react-server-dom-turbopack_164kp-6._.js:1100:25)
    at resolveConsoleEntry (http://localhost:3000/_next/static/chunks/node_modules_next_dist_compiled_react-server-dom-turbopack_164kp-6._.js:2069:96)
    at processFullStringRow (http://localhost:3000/_next/static/chunks/node_modules_next_dist_compiled_react-server-dom-turbopack_164kp-6._.js:2475:17)
    at processFullBinaryRow (http://localhost:3000/_next/static/chunks/node_modules_next_dist_compiled_react-server-dom-turbopack_164kp-6._.js:2415:9)
    at processBinaryChunk (http://localhost:3000/_next/static/chunks/node_modules_next_dist_compiled_react-server-dom-turbopack_164kp-6._.js:2524:221)
    at progress (http://localhost:3000/_next/static/chunks/node_modules_next_dist_compiled_react-server-dom-turbopack_164kp-6._.js:2698:20) @ http://localhost:3000/_next/static/chunks/node_modules_next_dist_1e8vcs8._.js:1052
[  247447ms] [ERROR] %c%s%c background: #e6e6e6;background: light-dark(rgba(0,0,0,0.1), rgba(255,255,255,0.25));color: #000000;color: light-dark(#000000, #ffffff);border-radius: 2px  Server   Error: MISSING_MESSAGE: Could not resolve `lifestyle.missingData` in messages for locale `en`.
    at renderMatchMessage (about://React/Server/D:%5C%D0%BF%D1%80%D0%BE%D0%B5%D0%BA%D1%82%D1%8B%5CUnikchoose%5C.next%5Cdev%5Cserver%5Cchunks%5Cssr%5C%5Broot-of-the-server%5D__1622ik9._.js?65:822:12)
    at <anonymous> (about://React/Server/D:%5C%D0%BF%D1%80%D0%BE%D0%B5%D0%BA%D1%82%D1%8B%5CUnikchoose%5C.next%5Cdev%5Cserver%5Cchunks%5Cssr%5C%5Broot-of-the-server%5D__1622ik9._.js?71:1378:227)
    at Array.map (<anonymous>:1:18)
    at ProgrammeCard (about://React/Server/D:%5C%D0%BF%D1%80%D0%BE%D0%B5%D0%BA%D1%82%D1%8B%5CUnikchoose%5C.next%5Cdev%5Cserver%5Cchunks%5Cssr%5C%5Broot-of-the-server%5D__1622ik9._.js?72:1365:64)
    at resolveErrorDev (http://localhost:3000/_next/static/chunks/node_modules_next_dist_compiled_react-server-dom-turbopack_164kp-6._.js:1937:105)
    at getOutlinedModel (http://localhost:3000/_next/static/chunks/node_modules_next_dist_compiled_react-server-dom-turbopack_164kp-6._.js:1487:28)
    at parseModelString (http://localhost:3000/_next/static/chunks/node_modules_next_dist_compiled_react-server-dom-turbopack_164kp-6._.js:1602:50)
    at reviveModel (http://localhost:3000/_next/static/chunks/node_modules_next_dist_compiled_react-server-dom-turbopack_164kp-6._.js:2544:66)
    at parseModel (http://localhost:3000/_next/static/chunks/node_modules_next_dist_compiled_react-server-dom-turbopack_164kp-6._.js:2539:16)
    at initializeModelChunk (http://localhost:3000/_next/static/chunks/node_modules_next_dist_compiled_react-server-dom-turbopack_164kp-6._.js:1100:25)
    at getOutlinedModel (http://localhost:3000/_next/static/chunks/node_modules_next_dist_compiled_react-server-dom-turbopack_164kp-6._.js:1423:17)
    at parseModelString (http://localhost:3000/_next/static/chunks/node_modules_next_dist_compiled_react-server-dom-turbopack_164kp-6._.js:1657:50)
    at reviveModel (http://localhost:3000/_next/static/chunks/node_modules_next_dist_compiled_react-server-dom-turbopack_164kp-6._.js:2544:66)
    at reviveModel (http://localhost:3000/_next/static/chunks/node_modules_next_dist_compiled_react-server-dom-turbopack_164kp-6._.js:2547:61)
    at parseModel (http://localhost:3000/_next/static/chunks/node_modules_next_dist_compiled_react-server-dom-turbopack_164kp-6._.js:2539:16)
    at initializeModelChunk (http://localhost:3000/_next/static/chunks/node_modules_next_dist_compiled_react-server-dom-turbopack_164kp-6._.js:1100:25)
    at resolveConsoleEntry (http://localhost:3000/_next/static/chunks/node_modules_next_dist_compiled_react-server-dom-turbopack_164kp-6._.js:2069:96)
    at processFullStringRow (http://localhost:3000/_next/static/chunks/node_modules_next_dist_compiled_react-server-dom-turbopack_164kp-6._.js:2475:17)
    at processFullBinaryRow (http://localhost:3000/_next/static/chunks/node_modules_next_dist_compiled_react-server-dom-turbopack_164kp-6._.js:2415:9)
    at processBinaryChunk (http://localhost:3000/_next/static/chunks/node_modules_next_dist_compiled_react-server-dom-turbopack_164kp-6._.js:2524:221)
    at progress (http://localhost:3000/_next/static/chunks/node_modules_next_dist_compiled_react-server-dom-turbopack_164kp-6._.js:2698:20) @ http://localhost:3000/_next/static/chunks/node_modules_next_dist_1e8vcs8._.js:1052
[  247447ms] [ERROR] %c%s%c background: #e6e6e6;background: light-dark(rgba(0,0,0,0.1), rgba(255,255,255,0.25));color: #000000;color: light-dark(#000000, #ffffff);border-radius: 2px  Server   Error: MISSING_MESSAGE: Could not resolve `language.matchesPreferredLanguage` in messages for locale `en`.
    at renderMatchMessage (about://React/Server/D:%5C%D0%BF%D1%80%D0%BE%D0%B5%D0%BA%D1%82%D1%8B%5CUnikchoose%5C.next%5Cdev%5Cserver%5Cchunks%5Cssr%5C%5Broot-of-the-server%5D__1622ik9._.js?65:822:12)
    at <anonymous> (about://React/Server/D:%5C%D0%BF%D1%80%D0%BE%D0%B5%D0%BA%D1%82%D1%8B%5CUnikchoose%5C.next%5Cdev%5Cserver%5Cchunks%5Cssr%5C%5Broot-of-the-server%5D__1622ik9._.js?66:1056:211)
    at Array.map (<anonymous>:1:18)
    at ProgrammeCard (about://React/Server/D:%5C%D0%BF%D1%80%D0%BE%D0%B5%D0%BA%D1%82%D1%8B%5CUnikchoose%5C.next%5Cdev%5Cserver%5Cchunks%5Cssr%5C%5Broot-of-the-server%5D__1622ik9._.js?67:1043:50)
    at resolveErrorDev (http://localhost:3000/_next/static/chunks/node_modules_next_dist_compiled_react-server-dom-turbopack_164kp-6._.js:1937:105)
    at getOutlinedModel (http://localhost:3000/_next/static/chunks/node_modules_next_dist_compiled_react-server-dom-turbopack_164kp-6._.js:1487:28)
    at parseModelString (http://localhost:3000/_next/static/chunks/node_modules_next_dist_compiled_react-server-dom-turbopack_164kp-6._.js:1602:50)
    at reviveModel (http://localhost:3000/_next/static/chunks/node_modules_next_dist_compiled_react-server-dom-turbopack_164kp-6._.js:2544:66)
    at parseModel (http://localhost:3000/_next/static/chunks/node_modules_next_dist_compiled_react-server-dom-turbopack_164kp-6._.js:2539:16)
    at initializeModelChunk (http://localhost:3000/_next/static/chunks/node_modules_next_dist_compiled_react-server-dom-turbopack_164kp-6._.js:1100:25)
    at getOutlinedModel (http://localhost:3000/_next/static/chunks/node_modules_next_dist_compiled_react-server-dom-turbopack_164kp-6._.js:1423:17)
    at parseModelString (http://localhost:3000/_next/static/chunks/node_modules_next_dist_compiled_react-server-dom-turbopack_164kp-6._.js:1657:50)
    at reviveModel (http://localhost:3000/_next/static/chunks/node_modules_next_dist_compiled_react-server-dom-turbopack_164kp-6._.js:2544:66)
    at reviveModel (http://localhost:3000/_next/static/chunks/node_modules_next_dist_compiled_react-server-dom-turbopack_164kp-6._.js:2547:61)
    at parseModel (http://localhost:3000/_next/static/chunks/node_modules_next_dist_compiled_react-server-dom-turbopack_164kp-6._.js:2539:16)
    at initializeModelChunk (http://localhost:3000/_next/static/chunks/node_modules_next_dist_compiled_react-server-dom-turbopack_164kp-6._.js:1100:25)
    at resolveConsoleEntry (http://localhost:3000/_next/static/chunks/node_modules_next_dist_compiled_react-server-dom-turbopack_164kp-6._.js:2069:96)
    at processFullStringRow (http://localhost:3000/_next/static/chunks/node_modules_next_dist_compiled_react-server-dom-turbopack_164kp-6._.js:2475:17)
    at processFullBinaryRow (http://localhost:3000/_next/static/chunks/node_modules_next_dist_compiled_react-server-dom-turbopack_164kp-6._.js:2415:9)
    at processBinaryChunk (http://localhost:3000/_next/static/chunks/node_modules_next_dist_compiled_react-server-dom-turbopack_164kp-6._.js:2524:221)
    at progress (http://localhost:3000/_next/static/chunks/node_modules_next_dist_compiled_react-server-dom-turbopack_164kp-6._.js:2698:20) @ http://localhost:3000/_next/static/chunks/node_modules_next_dist_1e8vcs8._.js:1052
[  247447ms] [ERROR] %c%s%c background: #e6e6e6;background: light-dark(rgba(0,0,0,0.1), rgba(255,255,255,0.25));color: #000000;color: light-dark(#000000, #ffffff);border-radius: 2px  Server   Error: MISSING_MESSAGE: Could not resolve `academic.entranceExamGeneric` in messages for locale `en`.
    at renderMatchMessage (about://React/Server/D:%5C%D0%BF%D1%80%D0%BE%D0%B5%D0%BA%D1%82%D1%8B%5CUnikchoose%5C.next%5Cdev%5Cserver%5Cchunks%5Cssr%5C%5Broot-of-the-server%5D__1622ik9._.js?65:822:12)
    at ProgrammeCard (about://React/Server/D:%5C%D0%BF%D1%80%D0%BE%D0%B5%D0%BA%D1%82%D1%8B%5CUnikchoose%5C.next%5Cdev%5Cserver%5Cchunks%5Cssr%5C%5Broot-of-the-server%5D__1622ik9._.js?70:1102:203)
    at resolveErrorDev (http://localhost:3000/_next/static/chunks/node_modules_next_dist_compiled_react-server-dom-turbopack_164kp-6._.js:1937:105)
    at getOutlinedModel (http://localhost:3000/_next/static/chunks/node_modules_next_dist_compiled_react-server-dom-turbopack_164kp-6._.js:1487:28)
    at parseModelString (http://localhost:3000/_next/static/chunks/node_modules_next_dist_compiled_react-server-dom-turbopack_164kp-6._.js:1602:50)
    at reviveModel (http://localhost:3000/_next/static/chunks/node_modules_next_dist_compiled_react-server-dom-turbopack_164kp-6._.js:2544:66)
    at parseModel (http://localhost:3000/_next/static/chunks/node_modules_next_dist_compiled_react-server-dom-turbopack_164kp-6._.js:2539:16)
    at initializeModelChunk (http://localhost:3000/_next/static/chunks/node_modules_next_dist_compiled_react-server-dom-turbopack_164kp-6._.js:1100:25)
    at getOutlinedModel (http://localhost:3000/_next/static/chunks/node_modules_next_dist_compiled_react-server-dom-turbopack_164kp-6._.js:1423:17)
    at parseModelString (http://localhost:3000/_next/static/chunks/node_modules_next_dist_compiled_react-server-dom-turbopack_164kp-6._.js:1657:50)
    at reviveModel (http://localhost:3000/_next/static/chunks/node_modules_next_dist_compiled_react-server-dom-turbopack_164kp-6._.js:2544:66)
    at reviveModel (http://localhost:3000/_next/static/chunks/node_modules_next_dist_compiled_react-server-dom-turbopack_164kp-6._.js:2547:61)
    at parseModel (http://localhost:3000/_next/static/chunks/node_modules_next_dist_compiled_react-server-dom-turbopack_164kp-6._.js:2539:16)
    at initializeModelChunk (http://localhost:3000/_next/static/chunks/node_modules_next_dist_compiled_react-server-dom-turbopack_164kp-6._.js:1100:25)
    at resolveConsoleEntry (http://localhost:3000/_next/static/chunks/node_modules_next_dist_compiled_react-server-dom-turbopack_164kp-6._.js:2069:96)
    at processFullStringRow (http://localhost:3000/_next/static/chunks/node_modules_next_dist_compiled_react-server-dom-turbopack_164kp-6._.js:2475:17)
    at processFullBinaryRow (http://localhost:3000/_next/static/chunks/node_modules_next_dist_compiled_react-server-dom-turbopack_164kp-6._.js:2415:9)
    at processBinaryChunk (http://localhost:3000/_next/static/chunks/node_modules_next_dist_compiled_react-server-dom-turbopack_164kp-6._.js:2524:221)
    at progress (http://localhost:3000/_next/static/chunks/node_modules_next_dist_compiled_react-server-dom-turbopack_164kp-6._.js:2698:20) @ http://localhost:3000/_next/static/chunks/node_modules_next_dist_1e8vcs8._.js:1052
[  247447ms] [ERROR] %c%s%c background: #e6e6e6;background: light-dark(rgba(0,0,0,0.1), rgba(255,255,255,0.25));color: #000000;color: light-dark(#000000, #ffffff);border-radius: 2px  Server   Error: MISSING_MESSAGE: Could not resolve `budget.missingBudget` in messages for locale `en`.
    at renderMatchMessage (about://React/Server/D:%5C%D0%BF%D1%80%D0%BE%D0%B5%D0%BA%D1%82%D1%8B%5CUnikchoose%5C.next%5Cdev%5Cserver%5Cchunks%5Cssr%5C%5Broot-of-the-server%5D__1622ik9._.js?65:822:12)
    at <anonymous> (about://React/Server/D:%5C%D0%BF%D1%80%D0%BE%D0%B5%D0%BA%D1%82%D1%8B%5CUnikchoose%5C.next%5Cdev%5Cserver%5Cchunks%5Cssr%5C%5Broot-of-the-server%5D__1622ik9._.js?71:1378:227)
    at Array.map (<anonymous>:1:18)
    at ProgrammeCard (about://React/Server/D:%5C%D0%BF%D1%80%D0%BE%D0%B5%D0%BA%D1%82%D1%8B%5CUnikchoose%5C.next%5Cdev%5Cserver%5Cchunks%5Cssr%5C%5Broot-of-the-server%5D__1622ik9._.js?72:1365:64)
    at resolveErrorDev (http://localhost:3000/_next/static/chunks/node_modules_next_dist_compiled_react-server-dom-turbopack_164kp-6._.js:1937:105)
    at getOutlinedModel (http://localhost:3000/_next/static/chunks/node_modules_next_dist_compiled_react-server-dom-turbopack_164kp-6._.js:1487:28)
    at parseModelString (http://localhost:3000/_next/static/chunks/node_modules_next_dist_compiled_react-server-dom-turbopack_164kp-6._.js:1602:50)
    at reviveModel (http://localhost:3000/_next/static/chunks/node_modules_next_dist_compiled_react-server-dom-turbopack_164kp-6._.js:2544:66)
    at parseModel (http://localhost:3000/_next/static/chunks/node_modules_next_dist_compiled_react-server-dom-turbopack_164kp-6._.js:2539:16)
    at initializeModelChunk (http://localhost:3000/_next/static/chunks/node_modules_next_dist_compiled_react-server-dom-turbopack_164kp-6._.js:1100:25)
    at getOutlinedModel (http://localhost:3000/_next/static/chunks/node_modules_next_dist_compiled_react-server-dom-turbopack_164kp-6._.js:1423:17)
    at parseModelString (http://localhost:3000/_next/static/chunks/node_modules_next_dist_compiled_react-server-dom-turbopack_164kp-6._.js:1657:50)
    at reviveModel (http://localhost:3000/_next/static/chunks/node_modules_next_dist_compiled_react-server-dom-turbopack_164kp-6._.js:2544:66)
    at reviveModel (http://localhost:3000/_next/static/chunks/node_modules_next_dist_compiled_react-server-dom-turbopack_164kp-6._.js:2547:61)
    at parseModel (http://localhost:3000/_next/static/chunks/node_modules_next_dist_compiled_react-server-dom-turbopack_164kp-6._.js:2539:16)
    at initializeModelChunk (http://localhost:3000/_next/static/chunks/node_modules_next_dist_compiled_react-server-dom-turbopack_164kp-6._.js:1100:25)
    at resolveConsoleEntry (http://localhost:3000/_next/static/chunks/node_modules_next_dist_compiled_react-server-dom-turbopack_164kp-6._.js:2069:96)
    at processFullStringRow (http://localhost:3000/_next/static/chunks/node_modules_next_dist_compiled_react-server-dom-turbopack_164kp-6._.js:2475:17)
    at processFullBinaryRow (http://localhost:3000/_next/static/chunks/node_modules_next_dist_compiled_react-server-dom-turbopack_164kp-6._.js:2415:9)
    at processBinaryChunk (http://localhost:3000/_next/static/chunks/node_modules_next_dist_compiled_react-server-dom-turbopack_164kp-6._.js:2524:221)
    at progress (http://localhost:3000/_next/static/chunks/node_modules_next_dist_compiled_react-server-dom-turbopack_164kp-6._.js:2698:20) @ http://localhost:3000/_next/static/chunks/node_modules_next_dist_1e8vcs8._.js:1052
[  247447ms] [ERROR] %c%s%c background: #e6e6e6;background: light-dark(rgba(0,0,0,0.1), rgba(255,255,255,0.25));color: #000000;color: light-dark(#000000, #ffffff);border-radius: 2px  Server   Error: MISSING_MESSAGE: Could not resolve `language.addTestScore` in messages for locale `en`.
    at renderMatchMessage (about://React/Server/D:%5C%D0%BF%D1%80%D0%BE%D0%B5%D0%BA%D1%82%D1%8B%5CUnikchoose%5C.next%5Cdev%5Cserver%5Cchunks%5Cssr%5C%5Broot-of-the-server%5D__1622ik9._.js?65:822:12)
    at <anonymous> (about://React/Server/D:%5C%D0%BF%D1%80%D0%BE%D0%B5%D0%BA%D1%82%D1%8B%5CUnikchoose%5C.next%5Cdev%5Cserver%5Cchunks%5Cssr%5C%5Broot-of-the-server%5D__1622ik9._.js?71:1378:227)
    at Array.map (<anonymous>:1:18)
    at ProgrammeCard (about://React/Server/D:%5C%D0%BF%D1%80%D0%BE%D0%B5%D0%BA%D1%82%D1%8B%5CUnikchoose%5C.next%5Cdev%5Cserver%5Cchunks%5Cssr%5C%5Broot-of-the-server%5D__1622ik9._.js?72:1365:64)
    at resolveErrorDev (http://localhost:3000/_next/static/chunks/node_modules_next_dist_compiled_react-server-dom-turbopack_164kp-6._.js:1937:105)
    at getOutlinedModel (http://localhost:3000/_next/static/chunks/node_modules_next_dist_compiled_react-server-dom-turbopack_164kp-6._.js:1487:28)
    at parseModelString (http://localhost:3000/_next/static/chunks/node_modules_next_dist_compiled_react-server-dom-turbopack_164kp-6._.js:1602:50)
    at reviveModel (http://localhost:3000/_next/static/chunks/node_modules_next_dist_compiled_react-server-dom-turbopack_164kp-6._.js:2544:66)
    at parseModel (http://localhost:3000/_next/static/chunks/node_modules_next_dist_compiled_react-server-dom-turbopack_164kp-6._.js:2539:16)
    at initializeModelChunk (http://localhost:3000/_next/static/chunks/node_modules_next_dist_compiled_react-server-dom-turbopack_164kp-6._.js:1100:25)
    at getOutlinedModel (http://localhost:3000/_next/static/chunks/node_modules_next_dist_compiled_react-server-dom-turbopack_164kp-6._.js:1423:17)
    at parseModelString (http://localhost:3000/_next/static/chunks/node_modules_next_dist_compiled_react-server-dom-turbopack_164kp-6._.js:1657:50)
    at reviveModel (http://localhost:3000/_next/static/chunks/node_modules_next_dist_compiled_react-server-dom-turbopack_164kp-6._.js:2544:66)
    at reviveModel (http://localhost:3000/_next/static/chunks/node_modules_next_dist_compiled_react-server-dom-turbopack_164kp-6._.js:2547:61)
    at parseModel (http://localhost:3000/_next/static/chunks/node_modules_next_dist_compiled_react-server-dom-turbopack_164kp-6._.js:2539:16)
    at initializeModelChunk (http://localhost:3000/_next/static/chunks/node_modules_next_dist_compiled_react-server-dom-turbopack_164kp-6._.js:1100:25)
    at resolveConsoleEntry (http://localhost:3000/_next/static/chunks/node_modules_next_dist_compiled_react-server-dom-turbopack_164kp-6._.js:2069:96)
    at processFullStringRow (http://localhost:3000/_next/static/chunks/node_modules_next_dist_compiled_react-server-dom-turbopack_164kp-6._.js:2475:17)
    at processFullBinaryRow (http://localhost:3000/_next/static/chunks/node_modules_next_dist_compiled_react-server-dom-turbopack_164kp-6._.js:2415:9)
    at processBinaryChunk (http://localhost:3000/_next/static/chunks/node_modules_next_dist_compiled_react-server-dom-turbopack_164kp-6._.js:2524:221)
    at progress (http://localhost:3000/_next/static/chunks/node_modules_next_dist_compiled_react-server-dom-turbopack_164kp-6._.js:2698:20) @ http://localhost:3000/_next/static/chunks/node_modules_next_dist_1e8vcs8._.js:1052
[  247448ms] [ERROR] %c%s%c background: #e6e6e6;background: light-dark(rgba(0,0,0,0.1), rgba(255,255,255,0.25));color: #000000;color: light-dark(#000000, #ffffff);border-radius: 2px  Server   Error: MISSING_MESSAGE: Could not resolve `location.missingLocationPreference` in messages for locale `en`.
    at renderMatchMessage (about://React/Server/D:%5C%D0%BF%D1%80%D0%BE%D0%B5%D0%BA%D1%82%D1%8B%5CUnikchoose%5C.next%5Cdev%5Cserver%5Cchunks%5Cssr%5C%5Broot-of-the-server%5D__1622ik9._.js?65:822:12)
    at <anonymous> (about://React/Server/D:%5C%D0%BF%D1%80%D0%BE%D0%B5%D0%BA%D1%82%D1%8B%5CUnikchoose%5C.next%5Cdev%5Cserver%5Cchunks%5Cssr%5C%5Broot-of-the-server%5D__1622ik9._.js?71:1378:227)
    at Array.map (<anonymous>:1:18)
    at ProgrammeCard (about://React/Server/D:%5C%D0%BF%D1%80%D0%BE%D0%B5%D0%BA%D1%82%D1%8B%5CUnikchoose%5C.next%5Cdev%5Cserver%5Cchunks%5Cssr%5C%5Broot-of-the-server%5D__1622ik9._.js?72:1365:64)
    at resolveErrorDev (http://localhost:3000/_next/static/chunks/node_modules_next_dist_compiled_react-server-dom-turbopack_164kp-6._.js:1937:105)
    at getOutlinedModel (http://localhost:3000/_next/static/chunks/node_modules_next_dist_compiled_react-server-dom-turbopack_164kp-6._.js:1487:28)
    at parseModelString (http://localhost:3000/_next/static/chunks/node_modules_next_dist_compiled_react-server-dom-turbopack_164kp-6._.js:1602:50)
    at reviveModel (http://localhost:3000/_next/static/chunks/node_modules_next_dist_compiled_react-server-dom-turbopack_164kp-6._.js:2544:66)
    at parseModel (http://localhost:3000/_next/static/chunks/node_modules_next_dist_compiled_react-server-dom-turbopack_164kp-6._.js:2539:16)
    at initializeModelChunk (http://localhost:3000/_next/static/chunks/node_modules_next_dist_compiled_react-server-dom-turbopack_164kp-6._.js:1100:25)
    at getOutlinedModel (http://localhost:3000/_next/static/chunks/node_modules_next_dist_compiled_react-server-dom-turbopack_164kp-6._.js:1423:17)
    at parseModelString (http://localhost:3000/_next/static/chunks/node_modules_next_dist_compiled_react-server-dom-turbopack_164kp-6._.js:1657:50)
    at reviveModel (http://localhost:3000/_next/static/chunks/node_modules_next_dist_compiled_react-server-dom-turbopack_164kp-6._.js:2544:66)
    at reviveModel (http://localhost:3000/_next/static/chunks/node_modules_next_dist_compiled_react-server-dom-turbopack_164kp-6._.js:2547:61)
    at parseModel (http://localhost:3000/_next/static/chunks/node_modules_next_dist_compiled_react-server-dom-turbopack_164kp-6._.js:2539:16)
    at initializeModelChunk (http://localhost:3000/_next/static/chunks/node_modules_next_dist_compiled_react-server-dom-turbopack_164kp-6._.js:1100:25)
    at resolveConsoleEntry (http://localhost:3000/_next/static/chunks/node_modules_next_dist_compiled_react-server-dom-turbopack_164kp-6._.js:2069:96)
    at processFullStringRow (http://localhost:3000/_next/static/chunks/node_modules_next_dist_compiled_react-server-dom-turbopack_164kp-6._.js:2475:17)
    at processFullBinaryRow (http://localhost:3000/_next/static/chunks/node_modules_next_dist_compiled_react-server-dom-turbopack_164kp-6._.js:2415:9)
    at processBinaryChunk (http://localhost:3000/_next/static/chunks/node_modules_next_dist_compiled_react-server-dom-turbopack_164kp-6._.js:2524:221)
    at progress (http://localhost:3000/_next/static/chunks/node_modules_next_dist_compiled_react-server-dom-turbopack_164kp-6._.js:2698:20) @ http://localhost:3000/_next/static/chunks/node_modules_next_dist_1e8vcs8._.js:1052
[  247448ms] [ERROR] %c%s%c background: #e6e6e6;background: light-dark(rgba(0,0,0,0.1), rgba(255,255,255,0.25));color: #000000;color: light-dark(#000000, #ffffff);border-radius: 2px  Server   Error: MISSING_MESSAGE: Could not resolve `admission.entranceExamRequired` in messages for locale `en`.
    at renderMatchMessage (about://React/Server/D:%5C%D0%BF%D1%80%D0%BE%D0%B5%D0%BA%D1%82%D1%8B%5CUnikchoose%5C.next%5Cdev%5Cserver%5Cchunks%5Cssr%5C%5Broot-of-the-server%5D__1622ik9._.js?65:822:12)
    at <anonymous> (about://React/Server/D:%5C%D0%BF%D1%80%D0%BE%D0%B5%D0%BA%D1%82%D1%8B%5CUnikchoose%5C.next%5Cdev%5Cserver%5Cchunks%5Cssr%5C%5Broot-of-the-server%5D__1622ik9._.js?71:1378:227)
    at Array.map (<anonymous>:1:18)
    at ProgrammeCard (about://React/Server/D:%5C%D0%BF%D1%80%D0%BE%D0%B5%D0%BA%D1%82%D1%8B%5CUnikchoose%5C.next%5Cdev%5Cserver%5Cchunks%5Cssr%5C%5Broot-of-the-server%5D__1622ik9._.js?72:1365:64)
    at resolveErrorDev (http://localhost:3000/_next/static/chunks/node_modules_next_dist_compiled_react-server-dom-turbopack_164kp-6._.js:1937:105)
    at getOutlinedModel (http://localhost:3000/_next/static/chunks/node_modules_next_dist_compiled_react-server-dom-turbopack_164kp-6._.js:1487:28)
    at parseModelString (http://localhost:3000/_next/static/chunks/node_modules_next_dist_compiled_react-server-dom-turbopack_164kp-6._.js:1602:50)
    at reviveModel (http://localhost:3000/_next/static/chunks/node_modules_next_dist_compiled_react-server-dom-turbopack_164kp-6._.js:2544:66)
    at parseModel (http://localhost:3000/_next/static/chunks/node_modules_next_dist_compiled_react-server-dom-turbopack_164kp-6._.js:2539:16)
    at initializeModelChunk (http://localhost:3000/_next/static/chunks/node_modules_next_dist_compiled_react-server-dom-turbopack_164kp-6._.js:1100:25)
    at getOutlinedModel (http://localhost:3000/_next/static/chunks/node_modules_next_dist_compiled_react-server-dom-turbopack_164kp-6._.js:1423:17)
    at parseModelString (http://localhost:3000/_next/static/chunks/node_modules_next_dist_compiled_react-server-dom-turbopack_164kp-6._.js:1657:50)
    at reviveModel (http://localhost:3000/_next/static/chunks/node_modules_next_dist_compiled_react-server-dom-turbopack_164kp-6._.js:2544:66)
    at reviveModel (http://localhost:3000/_next/static/chunks/node_modules_next_dist_compiled_react-server-dom-turbopack_164kp-6._.js:2547:61)
    at parseModel (http://localhost:3000/_next/static/chunks/node_modules_next_dist_compiled_react-server-dom-turbopack_164kp-6._.js:2539:16)
    at initializeModelChunk (http://localhost:3000/_next/static/chunks/node_modules_next_dist_compiled_react-server-dom-turbopack_164kp-6._.js:1100:25)
    at resolveConsoleEntry (http://localhost:3000/_next/static/chunks/node_modules_next_dist_compiled_react-server-dom-turbopack_164kp-6._.js:2069:96)
    at processFullStringRow (http://localhost:3000/_next/static/chunks/node_modules_next_dist_compiled_react-server-dom-turbopack_164kp-6._.js:2475:17)
    at processFullBinaryRow (http://localhost:3000/_next/static/chunks/node_modules_next_dist_compiled_react-server-dom-turbopack_164kp-6._.js:2415:9)
    at processBinaryChunk (http://localhost:3000/_next/static/chunks/node_modules_next_dist_compiled_react-server-dom-turbopack_164kp-6._.js:2524:221)
    at progress (http://localhost:3000/_next/static/chunks/node_modules_next_dist_compiled_react-server-dom-turbopack_164kp-6._.js:2698:20) @ http://localhost:3000/_next/static/chunks/node_modules_next_dist_1e8vcs8._.js:1052
[  247448ms] [ERROR] %c%s%c background: #e6e6e6;background: light-dark(rgba(0,0,0,0.1), rgba(255,255,255,0.25));color: #000000;color: light-dark(#000000, #ffffff);border-radius: 2px  Server   Error: MISSING_MESSAGE: Could not resolve `career.missingData` in messages for locale `en`.
    at renderMatchMessage (about://React/Server/D:%5C%D0%BF%D1%80%D0%BE%D0%B5%D0%BA%D1%82%D1%8B%5CUnikchoose%5C.next%5Cdev%5Cserver%5Cchunks%5Cssr%5C%5Broot-of-the-server%5D__1622ik9._.js?65:822:12)
    at <anonymous> (about://React/Server/D:%5C%D0%BF%D1%80%D0%BE%D0%B5%D0%BA%D1%82%D1%8B%5CUnikchoose%5C.next%5Cdev%5Cserver%5Cchunks%5Cssr%5C%5Broot-of-the-server%5D__1622ik9._.js?71:1378:227)
    at Array.map (<anonymous>:1:18)
    at ProgrammeCard (about://React/Server/D:%5C%D0%BF%D1%80%D0%BE%D0%B5%D0%BA%D1%82%D1%8B%5CUnikchoose%5C.next%5Cdev%5Cserver%5Cchunks%5Cssr%5C%5Broot-of-the-server%5D__1622ik9._.js?72:1365:64)
    at resolveErrorDev (http://localhost:3000/_next/static/chunks/node_modules_next_dist_compiled_react-server-dom-turbopack_164kp-6._.js:1937:105)
    at getOutlinedModel (http://localhost:3000/_next/static/chunks/node_modules_next_dist_compiled_react-server-dom-turbopack_164kp-6._.js:1487:28)
    at parseModelString (http://localhost:3000/_next/static/chunks/node_modules_next_dist_compiled_react-server-dom-turbopack_164kp-6._.js:1602:50)
    at reviveModel (http://localhost:3000/_next/static/chunks/node_modules_next_dist_compiled_react-server-dom-turbopack_164kp-6._.js:2544:66)
    at parseModel (http://localhost:3000/_next/static/chunks/node_modules_next_dist_compiled_react-server-dom-turbopack_164kp-6._.js:2539:16)
    at initializeModelChunk (http://localhost:3000/_next/static/chunks/node_modules_next_dist_compiled_react-server-dom-turbopack_164kp-6._.js:1100:25)
    at getOutlinedModel (http://localhost:3000/_next/static/chunks/node_modules_next_dist_compiled_react-server-dom-turbopack_164kp-6._.js:1423:17)
    at parseModelString (http://localhost:3000/_next/static/chunks/node_modules_next_dist_compiled_react-server-dom-turbopack_164kp-6._.js:1657:50)
    at reviveModel (http://localhost:3000/_next/static/chunks/node_modules_next_dist_compiled_react-server-dom-turbopack_164kp-6._.js:2544:66)
    at reviveModel (http://localhost:3000/_next/static/chunks/node_modules_next_dist_compiled_react-server-dom-turbopack_164kp-6._.js:2547:61)
    at parseModel (http://localhost:3000/_next/static/chunks/node_modules_next_dist_compiled_react-server-dom-turbopack_164kp-6._.js:2539:16)
    at initializeModelChunk (http://localhost:3000/_next/static/chunks/node_modules_next_dist_compiled_react-server-dom-turbopack_164kp-6._.js:1100:25)
    at resolveConsoleEntry (http://localhost:3000/_next/static/chunks/node_modules_next_dist_compiled_react-server-dom-turbopack_164kp-6._.js:2069:96)
    at processFullStringRow (http://localhost:3000/_next/static/chunks/node_modules_next_dist_compiled_react-server-dom-turbopack_164kp-6._.js:2475:17)
    at processFullBinaryRow (http://localhost:3000/_next/static/chunks/node_modules_next_dist_compiled_react-server-dom-turbopack_164kp-6._.js:2415:9)
    at processBinaryChunk (http://localhost:3000/_next/static/chunks/node_modules_next_dist_compiled_react-server-dom-turbopack_164kp-6._.js:2524:221)
    at progress (http://localhost:3000/_next/static/chunks/node_modules_next_dist_compiled_react-server-dom-turbopack_164kp-6._.js:2698:20) @ http://localhost:3000/_next/static/chunks/node_modules_next_dist_1e8vcs8._.js:1052
[  247448ms] [ERROR] %c%s%c background: #e6e6e6;background: light-dark(rgba(0,0,0,0.1), rgba(255,255,255,0.25));color: #000000;color: light-dark(#000000, #ffffff);border-radius: 2px  Server   Error: MISSING_MESSAGE: Could not resolve `format.missingData` in messages for locale `en`.
    at renderMatchMessage (about://React/Server/D:%5C%D0%BF%D1%80%D0%BE%D0%B5%D0%BA%D1%82%D1%8B%5CUnikchoose%5C.next%5Cdev%5Cserver%5Cchunks%5Cssr%5C%5Broot-of-the-server%5D__1622ik9._.js?65:822:12)
    at <anonymous> (about://React/Server/D:%5C%D0%BF%D1%80%D0%BE%D0%B5%D0%BA%D1%82%D1%8B%5CUnikchoose%5C.next%5Cdev%5Cserver%5Cchunks%5Cssr%5C%5Broot-of-the-server%5D__1622ik9._.js?71:1378:227)
    at Array.map (<anonymous>:1:18)
    at ProgrammeCard (about://React/Server/D:%5C%D0%BF%D1%80%D0%BE%D0%B5%D0%BA%D1%82%D1%8B%5CUnikchoose%5C.next%5Cdev%5Cserver%5Cchunks%5Cssr%5C%5Broot-of-the-server%5D__1622ik9._.js?72:1365:64)
    at resolveErrorDev (http://localhost:3000/_next/static/chunks/node_modules_next_dist_compiled_react-server-dom-turbopack_164kp-6._.js:1937:105)
    at getOutlinedModel (http://localhost:3000/_next/static/chunks/node_modules_next_dist_compiled_react-server-dom-turbopack_164kp-6._.js:1487:28)
    at parseModelString (http://localhost:3000/_next/static/chunks/node_modules_next_dist_compiled_react-server-dom-turbopack_164kp-6._.js:1602:50)
    at reviveModel (http://localhost:3000/_next/static/chunks/node_modules_next_dist_compiled_react-server-dom-turbopack_164kp-6._.js:2544:66)
    at parseModel (http://localhost:3000/_next/static/chunks/node_modules_next_dist_compiled_react-server-dom-turbopack_164kp-6._.js:2539:16)
    at initializeModelChunk (http://localhost:3000/_next/static/chunks/node_modules_next_dist_compiled_react-server-dom-turbopack_164kp-6._.js:1100:25)
    at getOutlinedModel (http://localhost:3000/_next/static/chunks/node_modules_next_dist_compiled_react-server-dom-turbopack_164kp-6._.js:1423:17)
    at parseModelString (http://localhost:3000/_next/static/chunks/node_modules_next_dist_compiled_react-server-dom-turbopack_164kp-6._.js:1657:50)
    at reviveModel (http://localhost:3000/_next/static/chunks/node_modules_next_dist_compiled_react-server-dom-turbopack_164kp-6._.js:2544:66)
    at reviveModel (http://localhost:3000/_next/static/chunks/node_modules_next_dist_compiled_react-server-dom-turbopack_164kp-6._.js:2547:61)
    at parseModel (http://localhost:3000/_next/static/chunks/node_modules_next_dist_compiled_react-server-dom-turbopack_164kp-6._.js:2539:16)
    at initializeModelChunk (http://localhost:3000/_next/static/chunks/node_modules_next_dist_compiled_react-server-dom-turbopack_164kp-6._.js:1100:25)
    at resolveConsoleEntry (http://localhost:3000/_next/static/chunks/node_modules_next_dist_compiled_react-server-dom-turbopack_164kp-6._.js:2069:96)
    at processFullStringRow (http://localhost:3000/_next/static/chunks/node_modules_next_dist_compiled_react-server-dom-turbopack_164kp-6._.js:2475:17)
    at processFullBinaryRow (http://localhost:3000/_next/static/chunks/node_modules_next_dist_compiled_react-server-dom-turbopack_164kp-6._.js:2415:9)
    at processBinaryChunk (http://localhost:3000/_next/static/chunks/node_modules_next_dist_compiled_react-server-dom-turbopack_164kp-6._.js:2524:221)
    at progress (http://localhost:3000/_next/static/chunks/node_modules_next_dist_compiled_react-server-dom-turbopack_164kp-6._.js:2698:20) @ http://localhost:3000/_next/static/chunks/node_modules_next_dist_1e8vcs8._.js:1052
[  247448ms] [ERROR] %c%s%c background: #e6e6e6;background: light-dark(rgba(0,0,0,0.1), rgba(255,255,255,0.25));color: #000000;color: light-dark(#000000, #ffffff);border-radius: 2px  Server   Error: MISSING_MESSAGE: Could not resolve `lifestyle.missingData` in messages for locale `en`.
    at renderMatchMessage (about://React/Server/D:%5C%D0%BF%D1%80%D0%BE%D0%B5%D0%BA%D1%82%D1%8B%5CUnikchoose%5C.next%5Cdev%5Cserver%5Cchunks%5Cssr%5C%5Broot-of-the-server%5D__1622ik9._.js?65:822:12)
    at <anonymous> (about://React/Server/D:%5C%D0%BF%D1%80%D0%BE%D0%B5%D0%BA%D1%82%D1%8B%5CUnikchoose%5C.next%5Cdev%5Cserver%5Cchunks%5Cssr%5C%5Broot-of-the-server%5D__1622ik9._.js?71:1378:227)
    at Array.map (<anonymous>:1:18)
    at ProgrammeCard (about://React/Server/D:%5C%D0%BF%D1%80%D0%BE%D0%B5%D0%BA%D1%82%D1%8B%5CUnikchoose%5C.next%5Cdev%5Cserver%5Cchunks%5Cssr%5C%5Broot-of-the-server%5D__1622ik9._.js?72:1365:64)
    at resolveErrorDev (http://localhost:3000/_next/static/chunks/node_modules_next_dist_compiled_react-server-dom-turbopack_164kp-6._.js:1937:105)
    at getOutlinedModel (http://localhost:3000/_next/static/chunks/node_modules_next_dist_compiled_react-server-dom-turbopack_164kp-6._.js:1487:28)
    at parseModelString (http://localhost:3000/_next/static/chunks/node_modules_next_dist_compiled_react-server-dom-turbopack_164kp-6._.js:1602:50)
    at reviveModel (http://localhost:3000/_next/static/chunks/node_modules_next_dist_compiled_react-server-dom-turbopack_164kp-6._.js:2544:66)
    at parseModel (http://localhost:3000/_next/static/chunks/node_modules_next_dist_compiled_react-server-dom-turbopack_164kp-6._.js:2539:16)
    at initializeModelChunk (http://localhost:3000/_next/static/chunks/node_modules_next_dist_compiled_react-server-dom-turbopack_164kp-6._.js:1100:25)
    at getOutlinedModel (http://localhost:3000/_next/static/chunks/node_modules_next_dist_compiled_react-server-dom-turbopack_164kp-6._.js:1423:17)
    at parseModelString (http://localhost:3000/_next/static/chunks/node_modules_next_dist_compiled_react-server-dom-turbopack_164kp-6._.js:1657:50)
    at reviveModel (http://localhost:3000/_next/static/chunks/node_modules_next_dist_compiled_react-server-dom-turbopack_164kp-6._.js:2544:66)
    at reviveModel (http://localhost:3000/_next/static/chunks/node_modules_next_dist_compiled_react-server-dom-turbopack_164kp-6._.js:2547:61)
    at parseModel (http://localhost:3000/_next/static/chunks/node_modules_next_dist_compiled_react-server-dom-turbopack_164kp-6._.js:2539:16)
    at initializeModelChunk (http://localhost:3000/_next/static/chunks/node_modules_next_dist_compiled_react-server-dom-turbopack_164kp-6._.js:1100:25)
    at resolveConsoleEntry (http://localhost:3000/_next/static/chunks/node_modules_next_dist_compiled_react-server-dom-turbopack_164kp-6._.js:2069:96)
    at processFullStringRow (http://localhost:3000/_next/static/chunks/node_modules_next_dist_compiled_react-server-dom-turbopack_164kp-6._.js:2475:17)
    at processFullBinaryRow (http://localhost:3000/_next/static/chunks/node_modules_next_dist_compiled_react-server-dom-turbopack_164kp-6._.js:2415:9)
    at processBinaryChunk (http://localhost:3000/_next/static/chunks/node_modules_next_dist_compiled_react-server-dom-turbopack_164kp-6._.js:2524:221)
    at progress (http://localhost:3000/_next/static/chunks/node_modules_next_dist_compiled_react-server-dom-turbopack_164kp-6._.js:2698:20) @ http://localhost:3000/_next/static/chunks/node_modules_next_dist_1e8vcs8._.js:1052
[  247448ms] [ERROR] %c%s%c background: #e6e6e6;background: light-dark(rgba(0,0,0,0.1), rgba(255,255,255,0.25));color: #000000;color: light-dark(#000000, #ffffff);border-radius: 2px  Server   Error: MISSING_MESSAGE: Could not resolve `language.matchesPreferredLanguage` in messages for locale `en`.
    at renderMatchMessage (about://React/Server/D:%5C%D0%BF%D1%80%D0%BE%D0%B5%D0%BA%D1%82%D1%8B%5CUnikchoose%5C.next%5Cdev%5Cserver%5Cchunks%5Cssr%5C%5Broot-of-the-server%5D__1622ik9._.js?65:822:12)
    at <anonymous> (about://React/Server/D:%5C%D0%BF%D1%80%D0%BE%D0%B5%D0%BA%D1%82%D1%8B%5CUnikchoose%5C.next%5Cdev%5Cserver%5Cchunks%5Cssr%5C%5Broot-of-the-server%5D__1622ik9._.js?66:1056:211)
    at Array.map (<anonymous>:1:18)
    at ProgrammeCard (about://React/Server/D:%5C%D0%BF%D1%80%D0%BE%D0%B5%D0%BA%D1%82%D1%8B%5CUnikchoose%5C.next%5Cdev%5Cserver%5Cchunks%5Cssr%5C%5Broot-of-the-server%5D__1622ik9._.js?67:1043:50)
    at resolveErrorDev (http://localhost:3000/_next/static/chunks/node_modules_next_dist_compiled_react-server-dom-turbopack_164kp-6._.js:1937:105)
    at getOutlinedModel (http://localhost:3000/_next/static/chunks/node_modules_next_dist_compiled_react-server-dom-turbopack_164kp-6._.js:1487:28)
    at parseModelString (http://localhost:3000/_next/static/chunks/node_modules_next_dist_compiled_react-server-dom-turbopack_164kp-6._.js:1602:50)
    at reviveModel (http://localhost:3000/_next/static/chunks/node_modules_next_dist_compiled_react-server-dom-turbopack_164kp-6._.js:2544:66)
    at parseModel (http://localhost:3000/_next/static/chunks/node_modules_next_dist_compiled_react-server-dom-turbopack_164kp-6._.js:2539:16)
    at initializeModelChunk (http://localhost:3000/_next/static/chunks/node_modules_next_dist_compiled_react-server-dom-turbopack_164kp-6._.js:1100:25)
    at getOutlinedModel (http://localhost:3000/_next/static/chunks/node_modules_next_dist_compiled_react-server-dom-turbopack_164kp-6._.js:1423:17)
    at parseModelString (http://localhost:3000/_next/static/chunks/node_modules_next_dist_compiled_react-server-dom-turbopack_164kp-6._.js:1657:50)
    at reviveModel (http://localhost:3000/_next/static/chunks/node_modules_next_dist_compiled_react-server-dom-turbopack_164kp-6._.js:2544:66)
    at reviveModel (http://localhost:3000/_next/static/chunks/node_modules_next_dist_compiled_react-server-dom-turbopack_164kp-6._.js:2547:61)
    at parseModel (http://localhost:3000/_next/static/chunks/node_modules_next_dist_compiled_react-server-dom-turbopack_164kp-6._.js:2539:16)
    at initializeModelChunk (http://localhost:3000/_next/static/chunks/node_modules_next_dist_compiled_react-server-dom-turbopack_164kp-6._.js:1100:25)
    at resolveConsoleEntry (http://localhost:3000/_next/static/chunks/node_modules_next_dist_compiled_react-server-dom-turbopack_164kp-6._.js:2069:96)
    at processFullStringRow (http://localhost:3000/_next/static/chunks/node_modules_next_dist_compiled_react-server-dom-turbopack_164kp-6._.js:2475:17)
    at processFullBinaryRow (http://localhost:3000/_next/static/chunks/node_modules_next_dist_compiled_react-server-dom-turbopack_164kp-6._.js:2415:9)
    at processBinaryChunk (http://localhost:3000/_next/static/chunks/node_modules_next_dist_compiled_react-server-dom-turbopack_164kp-6._.js:2524:221)
    at progress (http://localhost:3000/_next/static/chunks/node_modules_next_dist_compiled_react-server-dom-turbopack_164kp-6._.js:2698:20) @ http://localhost:3000/_next/static/chunks/node_modules_next_dist_1e8vcs8._.js:1052
[  247448ms] [ERROR] %c%s%c background: #e6e6e6;background: light-dark(rgba(0,0,0,0.1), rgba(255,255,255,0.25));color: #000000;color: light-dark(#000000, #ffffff);border-radius: 2px  Server   Error: MISSING_MESSAGE: Could not resolve `support.internationalOffice` in messages for locale `en`.
    at renderMatchMessage (about://React/Server/D:%5C%D0%BF%D1%80%D0%BE%D0%B5%D0%BA%D1%82%D1%8B%5CUnikchoose%5C.next%5Cdev%5Cserver%5Cchunks%5Cssr%5C%5Broot-of-the-server%5D__1622ik9._.js?65:822:12)
    at <anonymous> (about://React/Server/D:%5C%D0%BF%D1%80%D0%BE%D0%B5%D0%BA%D1%82%D1%8B%5CUnikchoose%5C.next%5Cdev%5Cserver%5Cchunks%5Cssr%5C%5Broot-of-the-server%5D__1622ik9._.js?66:1056:211)
    at Array.map (<anonymous>:1:18)
    at ProgrammeCard (about://React/Server/D:%5C%D0%BF%D1%80%D0%BE%D0%B5%D0%BA%D1%82%D1%8B%5CUnikchoose%5C.next%5Cdev%5Cserver%5Cchunks%5Cssr%5C%5Broot-of-the-server%5D__1622ik9._.js?67:1043:50)
    at resolveErrorDev (http://localhost:3000/_next/static/chunks/node_modules_next_dist_compiled_react-server-dom-turbopack_164kp-6._.js:1937:105)
    at getOutlinedModel (http://localhost:3000/_next/static/chunks/node_modules_next_dist_compiled_react-server-dom-turbopack_164kp-6._.js:1487:28)
    at parseModelString (http://localhost:3000/_next/static/chunks/node_modules_next_dist_compiled_react-server-dom-turbopack_164kp-6._.js:1602:50)
    at reviveModel (http://localhost:3000/_next/static/chunks/node_modules_next_dist_compiled_react-server-dom-turbopack_164kp-6._.js:2544:66)
    at parseModel (http://localhost:3000/_next/static/chunks/node_modules_next_dist_compiled_react-server-dom-turbopack_164kp-6._.js:2539:16)
    at initializeModelChunk (http://localhost:3000/_next/static/chunks/node_modules_next_dist_compiled_react-server-dom-turbopack_164kp-6._.js:1100:25)
    at getOutlinedModel (http://localhost:3000/_next/static/chunks/node_modules_next_dist_compiled_react-server-dom-turbopack_164kp-6._.js:1423:17)
    at parseModelString (http://localhost:3000/_next/static/chunks/node_modules_next_dist_compiled_react-server-dom-turbopack_164kp-6._.js:1657:50)
    at reviveModel (http://localhost:3000/_next/static/chunks/node_modules_next_dist_compiled_react-server-dom-turbopack_164kp-6._.js:2544:66)
    at reviveModel (http://localhost:3000/_next/static/chunks/node_modules_next_dist_compiled_react-server-dom-turbopack_164kp-6._.js:2547:61)
    at parseModel (http://localhost:3000/_next/static/chunks/node_modules_next_dist_compiled_react-server-dom-turbopack_164kp-6._.js:2539:16)
    at initializeModelChunk (http://localhost:3000/_next/static/chunks/node_modules_next_dist_compiled_react-server-dom-turbopack_164kp-6._.js:1100:25)
    at resolveConsoleEntry (http://localhost:3000/_next/static/chunks/node_modules_next_dist_compiled_react-server-dom-turbopack_164kp-6._.js:2069:96)
    at processFullStringRow (http://localhost:3000/_next/static/chunks/node_modules_next_dist_compiled_react-server-dom-turbopack_164kp-6._.js:2475:17)
    at processFullBinaryRow (http://localhost:3000/_next/static/chunks/node_modules_next_dist_compiled_react-server-dom-turbopack_164kp-6._.js:2415:9)
    at processBinaryChunk (http://localhost:3000/_next/static/chunks/node_modules_next_dist_compiled_react-server-dom-turbopack_164kp-6._.js:2524:221)
    at progress (http://localhost:3000/_next/static/chunks/node_modules_next_dist_compiled_react-server-dom-turbopack_164kp-6._.js:2698:20) @ http://localhost:3000/_next/static/chunks/node_modules_next_dist_1e8vcs8._.js:1052
[  247449ms] [ERROR] %c%s%c background: #e6e6e6;background: light-dark(rgba(0,0,0,0.1), rgba(255,255,255,0.25));color: #000000;color: light-dark(#000000, #ffffff);border-radius: 2px  Server   Error: MISSING_MESSAGE: Could not resolve `support.erasmus` in messages for locale `en`.
    at renderMatchMessage (about://React/Server/D:%5C%D0%BF%D1%80%D0%BE%D0%B5%D0%BA%D1%82%D1%8B%5CUnikchoose%5C.next%5Cdev%5Cserver%5Cchunks%5Cssr%5C%5Broot-of-the-server%5D__1622ik9._.js?65:822:12)
    at <anonymous> (about://React/Server/D:%5C%D0%BF%D1%80%D0%BE%D0%B5%D0%BA%D1%82%D1%8B%5CUnikchoose%5C.next%5Cdev%5Cserver%5Cchunks%5Cssr%5C%5Broot-of-the-server%5D__1622ik9._.js?66:1056:211)
    at Array.map (<anonymous>:1:18)
    at ProgrammeCard (about://React/Server/D:%5C%D0%BF%D1%80%D0%BE%D0%B5%D0%BA%D1%82%D1%8B%5CUnikchoose%5C.next%5Cdev%5Cserver%5Cchunks%5Cssr%5C%5Broot-of-the-server%5D__1622ik9._.js?67:1043:50)
    at resolveErrorDev (http://localhost:3000/_next/static/chunks/node_modules_next_dist_compiled_react-server-dom-turbopack_164kp-6._.js:1937:105)
    at getOutlinedModel (http://localhost:3000/_next/static/chunks/node_modules_next_dist_compiled_react-server-dom-turbopack_164kp-6._.js:1487:28)
    at parseModelString (http://localhost:3000/_next/static/chunks/node_modules_next_dist_compiled_react-server-dom-turbopack_164kp-6._.js:1602:50)
    at reviveModel (http://localhost:3000/_next/static/chunks/node_modules_next_dist_compiled_react-server-dom-turbopack_164kp-6._.js:2544:66)
    at parseModel (http://localhost:3000/_next/static/chunks/node_modules_next_dist_compiled_react-server-dom-turbopack_164kp-6._.js:2539:16)
    at initializeModelChunk (http://localhost:3000/_next/static/chunks/node_modules_next_dist_compiled_react-server-dom-turbopack_164kp-6._.js:1100:25)
    at getOutlinedModel (http://localhost:3000/_next/static/chunks/node_modules_next_dist_compiled_react-server-dom-turbopack_164kp-6._.js:1423:17)
    at parseModelString (http://localhost:3000/_next/static/chunks/node_modules_next_dist_compiled_react-server-dom-turbopack_164kp-6._.js:1657:50)
    at reviveModel (http://localhost:3000/_next/static/chunks/node_modules_next_dist_compiled_react-server-dom-turbopack_164kp-6._.js:2544:66)
    at reviveModel (http://localhost:3000/_next/static/chunks/node_modules_next_dist_compiled_react-server-dom-turbopack_164kp-6._.js:2547:61)
    at parseModel (http://localhost:3000/_next/static/chunks/node_modules_next_dist_compiled_react-server-dom-turbopack_164kp-6._.js:2539:16)
    at initializeModelChunk (http://localhost:3000/_next/static/chunks/node_modules_next_dist_compiled_react-server-dom-turbopack_164kp-6._.js:1100:25)
    at resolveConsoleEntry (http://localhost:3000/_next/static/chunks/node_modules_next_dist_compiled_react-server-dom-turbopack_164kp-6._.js:2069:96)
    at processFullStringRow (http://localhost:3000/_next/static/chunks/node_modules_next_dist_compiled_react-server-dom-turbopack_164kp-6._.js:2475:17)
    at processFullBinaryRow (http://localhost:3000/_next/static/chunks/node_modules_next_dist_compiled_react-server-dom-turbopack_164kp-6._.js:2415:9)
    at processBinaryChunk (http://localhost:3000/_next/static/chunks/node_modules_next_dist_compiled_react-server-dom-turbopack_164kp-6._.js:2524:221)
    at progress (http://localhost:3000/_next/static/chunks/node_modules_next_dist_compiled_react-server-dom-turbopack_164kp-6._.js:2698:20) @ http://localhost:3000/_next/static/chunks/node_modules_next_dist_1e8vcs8._.js:1052
[  247449ms] [ERROR] %c%s%c background: #e6e6e6;background: light-dark(rgba(0,0,0,0.1), rgba(255,255,255,0.25));color: #000000;color: light-dark(#000000, #ffffff);border-radius: 2px  Server   Error: MISSING_MESSAGE: Could not resolve `academic.entranceExamGeneric` in messages for locale `en`.
    at renderMatchMessage (about://React/Server/D:%5C%D0%BF%D1%80%D0%BE%D0%B5%D0%BA%D1%82%D1%8B%5CUnikchoose%5C.next%5Cdev%5Cserver%5Cchunks%5Cssr%5C%5Broot-of-the-server%5D__1622ik9._.js?65:822:12)
    at ProgrammeCard (about://React/Server/D:%5C%D0%BF%D1%80%D0%BE%D0%B5%D0%BA%D1%82%D1%8B%5CUnikchoose%5C.next%5Cdev%5Cserver%5Cchunks%5Cssr%5C%5Broot-of-the-server%5D__1622ik9._.js?70:1102:203)
    at resolveErrorDev (http://localhost:3000/_next/static/chunks/node_modules_next_dist_compiled_react-server-dom-turbopack_164kp-6._.js:1937:105)
    at getOutlinedModel (http://localhost:3000/_next/static/chunks/node_modules_next_dist_compiled_react-server-dom-turbopack_164kp-6._.js:1487:28)
    at parseModelString (http://localhost:3000/_next/static/chunks/node_modules_next_dist_compiled_react-server-dom-turbopack_164kp-6._.js:1602:50)
    at reviveModel (http://localhost:3000/_next/static/chunks/node_modules_next_dist_compiled_react-server-dom-turbopack_164kp-6._.js:2544:66)
    at parseModel (http://localhost:3000/_next/static/chunks/node_modules_next_dist_compiled_react-server-dom-turbopack_164kp-6._.js:2539:16)
    at initializeModelChunk (http://localhost:3000/_next/static/chunks/node_modules_next_dist_compiled_react-server-dom-turbopack_164kp-6._.js:1100:25)
    at getOutlinedModel (http://localhost:3000/_next/static/chunks/node_modules_next_dist_compiled_react-server-dom-turbopack_164kp-6._.js:1423:17)
    at parseModelString (http://localhost:3000/_next/static/chunks/node_modules_next_dist_compiled_react-server-dom-turbopack_164kp-6._.js:1657:50)
    at reviveModel (http://localhost:3000/_next/static/chunks/node_modules_next_dist_compiled_react-server-dom-turbopack_164kp-6._.js:2544:66)
    at reviveModel (http://localhost:3000/_next/static/chunks/node_modules_next_dist_compiled_react-server-dom-turbopack_164kp-6._.js:2547:61)
    at parseModel (http://localhost:3000/_next/static/chunks/node_modules_next_dist_compiled_react-server-dom-turbopack_164kp-6._.js:2539:16)
    at initializeModelChunk (http://localhost:3000/_next/static/chunks/node_modules_next_dist_compiled_react-server-dom-turbopack_164kp-6._.js:1100:25)
    at resolveConsoleEntry (http://localhost:3000/_next/static/chunks/node_modules_next_dist_compiled_react-server-dom-turbopack_164kp-6._.js:2069:96)
    at processFullStringRow (http://localhost:3000/_next/static/chunks/node_modules_next_dist_compiled_react-server-dom-turbopack_164kp-6._.js:2475:17)
    at processFullBinaryRow (http://localhost:3000/_next/static/chunks/node_modules_next_dist_compiled_react-server-dom-turbopack_164kp-6._.js:2415:9)
    at processBinaryChunk (http://localhost:3000/_next/static/chunks/node_modules_next_dist_compiled_react-server-dom-turbopack_164kp-6._.js:2524:221)
    at progress (http://localhost:3000/_next/static/chunks/node_modules_next_dist_compiled_react-server-dom-turbopack_164kp-6._.js:2698:20) @ http://localhost:3000/_next/static/chunks/node_modules_next_dist_1e8vcs8._.js:1052
[  247449ms] [ERROR] %c%s%c background: #e6e6e6;background: light-dark(rgba(0,0,0,0.1), rgba(255,255,255,0.25));color: #000000;color: light-dark(#000000, #ffffff);border-radius: 2px  Server   Error: MISSING_MESSAGE: Could not resolve `budget.missingBudget` in messages for locale `en`.
    at renderMatchMessage (about://React/Server/D:%5C%D0%BF%D1%80%D0%BE%D0%B5%D0%BA%D1%82%D1%8B%5CUnikchoose%5C.next%5Cdev%5Cserver%5Cchunks%5Cssr%5C%5Broot-of-the-server%5D__1622ik9._.js?65:822:12)
    at <anonymous> (about://React/Server/D:%5C%D0%BF%D1%80%D0%BE%D0%B5%D0%BA%D1%82%D1%8B%5CUnikchoose%5C.next%5Cdev%5Cserver%5Cchunks%5Cssr%5C%5Broot-of-the-server%5D__1622ik9._.js?71:1378:227)
    at Array.map (<anonymous>:1:18)
    at ProgrammeCard (about://React/Server/D:%5C%D0%BF%D1%80%D0%BE%D0%B5%D0%BA%D1%82%D1%8B%5CUnikchoose%5C.next%5Cdev%5Cserver%5Cchunks%5Cssr%5C%5Broot-of-the-server%5D__1622ik9._.js?72:1365:64)
    at resolveErrorDev (http://localhost:3000/_next/static/chunks/node_modules_next_dist_compiled_react-server-dom-turbopack_164kp-6._.js:1937:105)
    at getOutlinedModel (http://localhost:3000/_next/static/chunks/node_modules_next_dist_compiled_react-server-dom-turbopack_164kp-6._.js:1487:28)
    at parseModelString (http://localhost:3000/_next/static/chunks/node_modules_next_dist_compiled_react-server-dom-turbopack_164kp-6._.js:1602:50)
    at reviveModel (http://localhost:3000/_next/static/chunks/node_modules_next_dist_compiled_react-server-dom-turbopack_164kp-6._.js:2544:66)
    at parseModel (http://localhost:3000/_next/static/chunks/node_modules_next_dist_compiled_react-server-dom-turbopack_164kp-6._.js:2539:16)
    at initializeModelChunk (http://localhost:3000/_next/static/chunks/node_modules_next_dist_compiled_react-server-dom-turbopack_164kp-6._.js:1100:25)
    at getOutlinedModel (http://localhost:3000/_next/static/chunks/node_modules_next_dist_compiled_react-server-dom-turbopack_164kp-6._.js:1423:17)
    at parseModelString (http://localhost:3000/_next/static/chunks/node_modules_next_dist_compiled_react-server-dom-turbopack_164kp-6._.js:1657:50)
    at reviveModel (http://localhost:3000/_next/static/chunks/node_modules_next_dist_compiled_react-server-dom-turbopack_164kp-6._.js:2544:66)
    at reviveModel (http://localhost:3000/_next/static/chunks/node_modules_next_dist_compiled_react-server-dom-turbopack_164kp-6._.js:2547:61)
    at parseModel (http://localhost:3000/_next/static/chunks/node_modules_next_dist_compiled_react-server-dom-turbopack_164kp-6._.js:2539:16)
    at initializeModelChunk (http://localhost:3000/_next/static/chunks/node_modules_next_dist_compiled_react-server-dom-turbopack_164kp-6._.js:1100:25)
    at resolveConsoleEntry (http://localhost:3000/_next/static/chunks/node_modules_next_dist_compiled_react-server-dom-turbopack_164kp-6._.js:2069:96)
    at processFullStringRow (http://localhost:3000/_next/static/chunks/node_modules_next_dist_compiled_react-server-dom-turbopack_164kp-6._.js:2475:17)
    at processFullBinaryRow (http://localhost:3000/_next/static/chunks/node_modules_next_dist_compiled_react-server-dom-turbopack_164kp-6._.js:2415:9)
    at processBinaryChunk (http://localhost:3000/_next/static/chunks/node_modules_next_dist_compiled_react-server-dom-turbopack_164kp-6._.js:2524:221)
    at progress (http://localhost:3000/_next/static/chunks/node_modules_next_dist_compiled_react-server-dom-turbopack_164kp-6._.js:2698:20) @ http://localhost:3000/_next/static/chunks/node_modules_next_dist_1e8vcs8._.js:1052
[  247449ms] [ERROR] %c%s%c background: #e6e6e6;background: light-dark(rgba(0,0,0,0.1), rgba(255,255,255,0.25));color: #000000;color: light-dark(#000000, #ffffff);border-radius: 2px  Server   Error: MISSING_MESSAGE: Could not resolve `location.missingLocationPreference` in messages for locale `en`.
    at renderMatchMessage (about://React/Server/D:%5C%D0%BF%D1%80%D0%BE%D0%B5%D0%BA%D1%82%D1%8B%5CUnikchoose%5C.next%5Cdev%5Cserver%5Cchunks%5Cssr%5C%5Broot-of-the-server%5D__1622ik9._.js?65:822:12)
    at <anonymous> (about://React/Server/D:%5C%D0%BF%D1%80%D0%BE%D0%B5%D0%BA%D1%82%D1%8B%5CUnikchoose%5C.next%5Cdev%5Cserver%5Cchunks%5Cssr%5C%5Broot-of-the-server%5D__1622ik9._.js?71:1378:227)
    at Array.map (<anonymous>:1:18)
    at ProgrammeCard (about://React/Server/D:%5C%D0%BF%D1%80%D0%BE%D0%B5%D0%BA%D1%82%D1%8B%5CUnikchoose%5C.next%5Cdev%5Cserver%5Cchunks%5Cssr%5C%5Broot-of-the-server%5D__1622ik9._.js?72:1365:64)
    at resolveErrorDev (http://localhost:3000/_next/static/chunks/node_modules_next_dist_compiled_react-server-dom-turbopack_164kp-6._.js:1937:105)
    at getOutlinedModel (http://localhost:3000/_next/static/chunks/node_modules_next_dist_compiled_react-server-dom-turbopack_164kp-6._.js:1487:28)
    at parseModelString (http://localhost:3000/_next/static/chunks/node_modules_next_dist_compiled_react-server-dom-turbopack_164kp-6._.js:1602:50)
    at reviveModel (http://localhost:3000/_next/static/chunks/node_modules_next_dist_compiled_react-server-dom-turbopack_164kp-6._.js:2544:66)
    at parseModel (http://localhost:3000/_next/static/chunks/node_modules_next_dist_compiled_react-server-dom-turbopack_164kp-6._.js:2539:16)
    at initializeModelChunk (http://localhost:3000/_next/static/chunks/node_modules_next_dist_compiled_react-server-dom-turbopack_164kp-6._.js:1100:25)
    at getOutlinedModel (http://localhost:3000/_next/static/chunks/node_modules_next_dist_compiled_react-server-dom-turbopack_164kp-6._.js:1423:17)
    at parseModelString (http://localhost:3000/_next/static/chunks/node_modules_next_dist_compiled_react-server-dom-turbopack_164kp-6._.js:1657:50)
    at reviveModel (http://localhost:3000/_next/static/chunks/node_modules_next_dist_compiled_react-server-dom-turbopack_164kp-6._.js:2544:66)
    at reviveModel (http://localhost:3000/_next/static/chunks/node_modules_next_dist_compiled_react-server-dom-turbopack_164kp-6._.js:2547:61)
    at parseModel (http://localhost:3000/_next/static/chunks/node_modules_next_dist_compiled_react-server-dom-turbopack_164kp-6._.js:2539:16)
    at initializeModelChunk (http://localhost:3000/_next/static/chunks/node_modules_next_dist_compiled_react-server-dom-turbopack_164kp-6._.js:1100:25)
    at resolveConsoleEntry (http://localhost:3000/_next/static/chunks/node_modules_next_dist_compiled_react-server-dom-turbopack_164kp-6._.js:2069:96)
    at processFullStringRow (http://localhost:3000/_next/static/chunks/node_modules_next_dist_compiled_react-server-dom-turbopack_164kp-6._.js:2475:17)
    at processFullBinaryRow (http://localhost:3000/_next/static/chunks/node_modules_next_dist_compiled_react-server-dom-turbopack_164kp-6._.js:2415:9)
    at processBinaryChunk (http://localhost:3000/_next/static/chunks/node_modules_next_dist_compiled_react-server-dom-turbopack_164kp-6._.js:2524:221)
    at progress (http://localhost:3000/_next/static/chunks/node_modules_next_dist_compiled_react-server-dom-turbopack_164kp-6._.js:2698:20) @ http://localhost:3000/_next/static/chunks/node_modules_next_dist_1e8vcs8._.js:1052
[  247449ms] [ERROR] %c%s%c background: #e6e6e6;background: light-dark(rgba(0,0,0,0.1), rgba(255,255,255,0.25));color: #000000;color: light-dark(#000000, #ffffff);border-radius: 2px  Server   Error: MISSING_MESSAGE: Could not resolve `admission.entranceExamRequired` in messages for locale `en`.
    at renderMatchMessage (about://React/Server/D:%5C%D0%BF%D1%80%D0%BE%D0%B5%D0%BA%D1%82%D1%8B%5CUnikchoose%5C.next%5Cdev%5Cserver%5Cchunks%5Cssr%5C%5Broot-of-the-server%5D__1622ik9._.js?65:822:12)
    at <anonymous> (about://React/Server/D:%5C%D0%BF%D1%80%D0%BE%D0%B5%D0%BA%D1%82%D1%8B%5CUnikchoose%5C.next%5Cdev%5Cserver%5Cchunks%5Cssr%5C%5Broot-of-the-server%5D__1622ik9._.js?71:1378:227)
    at Array.map (<anonymous>:1:18)
    at ProgrammeCard (about://React/Server/D:%5C%D0%BF%D1%80%D0%BE%D0%B5%D0%BA%D1%82%D1%8B%5CUnikchoose%5C.next%5Cdev%5Cserver%5Cchunks%5Cssr%5C%5Broot-of-the-server%5D__1622ik9._.js?72:1365:64)
    at resolveErrorDev (http://localhost:3000/_next/static/chunks/node_modules_next_dist_compiled_react-server-dom-turbopack_164kp-6._.js:1937:105)
    at getOutlinedModel (http://localhost:3000/_next/static/chunks/node_modules_next_dist_compiled_react-server-dom-turbopack_164kp-6._.js:1487:28)
    at parseModelString (http://localhost:3000/_next/static/chunks/node_modules_next_dist_compiled_react-server-dom-turbopack_164kp-6._.js:1602:50)
    at reviveModel (http://localhost:3000/_next/static/chunks/node_modules_next_dist_compiled_react-server-dom-turbopack_164kp-6._.js:2544:66)
    at parseModel (http://localhost:3000/_next/static/chunks/node_modules_next_dist_compiled_react-server-dom-turbopack_164kp-6._.js:2539:16)
    at initializeModelChunk (http://localhost:3000/_next/static/chunks/node_modules_next_dist_compiled_react-server-dom-turbopack_164kp-6._.js:1100:25)
    at getOutlinedModel (http://localhost:3000/_next/static/chunks/node_modules_next_dist_compiled_react-server-dom-turbopack_164kp-6._.js:1423:17)
    at parseModelString (http://localhost:3000/_next/static/chunks/node_modules_next_dist_compiled_react-server-dom-turbopack_164kp-6._.js:1657:50)
    at reviveModel (http://localhost:3000/_next/static/chunks/node_modules_next_dist_compiled_react-server-dom-turbopack_164kp-6._.js:2544:66)
    at reviveModel (http://localhost:3000/_next/static/chunks/node_modules_next_dist_compiled_react-server-dom-turbopack_164kp-6._.js:2547:61)
    at parseModel (http://localhost:3000/_next/static/chunks/node_modules_next_dist_compiled_react-server-dom-turbopack_164kp-6._.js:2539:16)
    at initializeModelChunk (http://localhost:3000/_next/static/chunks/node_modules_next_dist_compiled_react-server-dom-turbopack_164kp-6._.js:1100:25)
    at resolveConsoleEntry (http://localhost:3000/_next/static/chunks/node_modules_next_dist_compiled_react-server-dom-turbopack_164kp-6._.js:2069:96)
    at processFullStringRow (http://localhost:3000/_next/static/chunks/node_modules_next_dist_compiled_react-server-dom-turbopack_164kp-6._.js:2475:17)
    at processFullBinaryRow (http://localhost:3000/_next/static/chunks/node_modules_next_dist_compiled_react-server-dom-turbopack_164kp-6._.js:2415:9)
    at processBinaryChunk (http://localhost:3000/_next/static/chunks/node_modules_next_dist_compiled_react-server-dom-turbopack_164kp-6._.js:2524:221)
    at progress (http://localhost:3000/_next/static/chunks/node_modules_next_dist_compiled_react-server-dom-turbopack_164kp-6._.js:2698:20) @ http://localhost:3000/_next/static/chunks/node_modules_next_dist_1e8vcs8._.js:1052
[  247449ms] [ERROR] %c%s%c background: #e6e6e6;background: light-dark(rgba(0,0,0,0.1), rgba(255,255,255,0.25));color: #000000;color: light-dark(#000000, #ffffff);border-radius: 2px  Server   Error: MISSING_MESSAGE: Could not resolve `career.missingData` in messages for locale `en`.
    at renderMatchMessage (about://React/Server/D:%5C%D0%BF%D1%80%D0%BE%D0%B5%D0%BA%D1%82%D1%8B%5CUnikchoose%5C.next%5Cdev%5Cserver%5Cchunks%5Cssr%5C%5Broot-of-the-server%5D__1622ik9._.js?65:822:12)
    at <anonymous> (about://React/Server/D:%5C%D0%BF%D1%80%D0%BE%D0%B5%D0%BA%D1%82%D1%8B%5CUnikchoose%5C.next%5Cdev%5Cserver%5Cchunks%5Cssr%5C%5Broot-of-the-server%5D__1622ik9._.js?71:1378:227)
    at Array.map (<anonymous>:1:18)
    at ProgrammeCard (about://React/Server/D:%5C%D0%BF%D1%80%D0%BE%D0%B5%D0%BA%D1%82%D1%8B%5CUnikchoose%5C.next%5Cdev%5Cserver%5Cchunks%5Cssr%5C%5Broot-of-the-server%5D__1622ik9._.js?72:1365:64)
    at resolveErrorDev (http://localhost:3000/_next/static/chunks/node_modules_next_dist_compiled_react-server-dom-turbopack_164kp-6._.js:1937:105)
    at getOutlinedModel (http://localhost:3000/_next/static/chunks/node_modules_next_dist_compiled_react-server-dom-turbopack_164kp-6._.js:1487:28)
    at parseModelString (http://localhost:3000/_next/static/chunks/node_modules_next_dist_compiled_react-server-dom-turbopack_164kp-6._.js:1602:50)
    at reviveModel (http://localhost:3000/_next/static/chunks/node_modules_next_dist_compiled_react-server-dom-turbopack_164kp-6._.js:2544:66)
    at parseModel (http://localhost:3000/_next/static/chunks/node_modules_next_dist_compiled_react-server-dom-turbopack_164kp-6._.js:2539:16)
    at initializeModelChunk (http://localhost:3000/_next/static/chunks/node_modules_next_dist_compiled_react-server-dom-turbopack_164kp-6._.js:1100:25)
    at getOutlinedModel (http://localhost:3000/_next/static/chunks/node_modules_next_dist_compiled_react-server-dom-turbopack_164kp-6._.js:1423:17)
    at parseModelString (http://localhost:3000/_next/static/chunks/node_modules_next_dist_compiled_react-server-dom-turbopack_164kp-6._.js:1657:50)
    at reviveModel (http://localhost:3000/_next/static/chunks/node_modules_next_dist_compiled_react-server-dom-turbopack_164kp-6._.js:2544:66)
    at reviveModel (http://localhost:3000/_next/static/chunks/node_modules_next_dist_compiled_react-server-dom-turbopack_164kp-6._.js:2547:61)
    at parseModel (http://localhost:3000/_next/static/chunks/node_modules_next_dist_compiled_react-server-dom-turbopack_164kp-6._.js:2539:16)
    at initializeModelChunk (http://localhost:3000/_next/static/chunks/node_modules_next_dist_compiled_react-server-dom-turbopack_164kp-6._.js:1100:25)
    at resolveConsoleEntry (http://localhost:3000/_next/static/chunks/node_modules_next_dist_compiled_react-server-dom-turbopack_164kp-6._.js:2069:96)
    at processFullStringRow (http://localhost:3000/_next/static/chunks/node_modules_next_dist_compiled_react-server-dom-turbopack_164kp-6._.js:2475:17)
    at processFullBinaryRow (http://localhost:3000/_next/static/chunks/node_modules_next_dist_compiled_react-server-dom-turbopack_164kp-6._.js:2415:9)
    at processBinaryChunk (http://localhost:3000/_next/static/chunks/node_modules_next_dist_compiled_react-server-dom-turbopack_164kp-6._.js:2524:221)
    at progress (http://localhost:3000/_next/static/chunks/node_modules_next_dist_compiled_react-server-dom-turbopack_164kp-6._.js:2698:20) @ http://localhost:3000/_next/static/chunks/node_modules_next_dist_1e8vcs8._.js:1052
[  247449ms] [ERROR] %c%s%c background: #e6e6e6;background: light-dark(rgba(0,0,0,0.1), rgba(255,255,255,0.25));color: #000000;color: light-dark(#000000, #ffffff);border-radius: 2px  Server   Error: MISSING_MESSAGE: Could not resolve `format.missingPreference` in messages for locale `en`.
    at renderMatchMessage (about://React/Server/D:%5C%D0%BF%D1%80%D0%BE%D0%B5%D0%BA%D1%82%D1%8B%5CUnikchoose%5C.next%5Cdev%5Cserver%5Cchunks%5Cssr%5C%5Broot-of-the-server%5D__1622ik9._.js?65:822:12)
    at <anonymous> (about://React/Server/D:%5C%D0%BF%D1%80%D0%BE%D0%B5%D0%BA%D1%82%D1%8B%5CUnikchoose%5C.next%5Cdev%5Cserver%5Cchunks%5Cssr%5C%5Broot-of-the-server%5D__1622ik9._.js?71:1378:227)
    at Array.map (<anonymous>:1:18)
    at ProgrammeCard (about://React/Server/D:%5C%D0%BF%D1%80%D0%BE%D0%B5%D0%BA%D1%82%D1%8B%5CUnikchoose%5C.next%5Cdev%5Cserver%5Cchunks%5Cssr%5C%5Broot-of-the-server%5D__1622ik9._.js?72:1365:64)
    at resolveErrorDev (http://localhost:3000/_next/static/chunks/node_modules_next_dist_compiled_react-server-dom-turbopack_164kp-6._.js:1937:105)
    at getOutlinedModel (http://localhost:3000/_next/static/chunks/node_modules_next_dist_compiled_react-server-dom-turbopack_164kp-6._.js:1487:28)
    at parseModelString (http://localhost:3000/_next/static/chunks/node_modules_next_dist_compiled_react-server-dom-turbopack_164kp-6._.js:1602:50)
    at reviveModel (http://localhost:3000/_next/static/chunks/node_modules_next_dist_compiled_react-server-dom-turbopack_164kp-6._.js:2544:66)
    at parseModel (http://localhost:3000/_next/static/chunks/node_modules_next_dist_compiled_react-server-dom-turbopack_164kp-6._.js:2539:16)
    at initializeModelChunk (http://localhost:3000/_next/static/chunks/node_modules_next_dist_compiled_react-server-dom-turbopack_164kp-6._.js:1100:25)
    at getOutlinedModel (http://localhost:3000/_next/static/chunks/node_modules_next_dist_compiled_react-server-dom-turbopack_164kp-6._.js:1423:17)
    at parseModelString (http://localhost:3000/_next/static/chunks/node_modules_next_dist_compiled_react-server-dom-turbopack_164kp-6._.js:1657:50)
    at reviveModel (http://localhost:3000/_next/static/chunks/node_modules_next_dist_compiled_react-server-dom-turbopack_164kp-6._.js:2544:66)
    at reviveModel (http://localhost:3000/_next/static/chunks/node_modules_next_dist_compiled_react-server-dom-turbopack_164kp-6._.js:2547:61)
    at parseModel (http://localhost:3000/_next/static/chunks/node_modules_next_dist_compiled_react-server-dom-turbopack_164kp-6._.js:2539:16)
    at initializeModelChunk (http://localhost:3000/_next/static/chunks/node_modules_next_dist_compiled_react-server-dom-turbopack_164kp-6._.js:1100:25)
    at resolveConsoleEntry (http://localhost:3000/_next/static/chunks/node_modules_next_dist_compiled_react-server-dom-turbopack_164kp-6._.js:2069:96)
    at processFullStringRow (http://localhost:3000/_next/static/chunks/node_modules_next_dist_compiled_react-server-dom-turbopack_164kp-6._.js:2475:17)
    at processFullBinaryRow (http://localhost:3000/_next/static/chunks/node_modules_next_dist_compiled_react-server-dom-turbopack_164kp-6._.js:2415:9)
    at processBinaryChunk (http://localhost:3000/_next/static/chunks/node_modules_next_dist_compiled_react-server-dom-turbopack_164kp-6._.js:2524:221)
    at progress (http://localhost:3000/_next/static/chunks/node_modules_next_dist_compiled_react-server-dom-turbopack_164kp-6._.js:2698:20) @ http://localhost:3000/_next/static/chunks/node_modules_next_dist_1e8vcs8._.js:1052
[  247449ms] [ERROR] %c%s%c background: #e6e6e6;background: light-dark(rgba(0,0,0,0.1), rgba(255,255,255,0.25));color: #000000;color: light-dark(#000000, #ffffff);border-radius: 2px  Server   Error: MISSING_MESSAGE: Could not resolve `lifestyle.missingData` in messages for locale `en`.
    at renderMatchMessage (about://React/Server/D:%5C%D0%BF%D1%80%D0%BE%D0%B5%D0%BA%D1%82%D1%8B%5CUnikchoose%5C.next%5Cdev%5Cserver%5Cchunks%5Cssr%5C%5Broot-of-the-server%5D__1622ik9._.js?65:822:12)
    at <anonymous> (about://React/Server/D:%5C%D0%BF%D1%80%D0%BE%D0%B5%D0%BA%D1%82%D1%8B%5CUnikchoose%5C.next%5Cdev%5Cserver%5Cchunks%5Cssr%5C%5Broot-of-the-server%5D__1622ik9._.js?71:1378:227)
    at Array.map (<anonymous>:1:18)
    at ProgrammeCard (about://React/Server/D:%5C%D0%BF%D1%80%D0%BE%D0%B5%D0%BA%D1%82%D1%8B%5CUnikchoose%5C.next%5Cdev%5Cserver%5Cchunks%5Cssr%5C%5Broot-of-the-server%5D__1622ik9._.js?72:1365:64)
    at resolveErrorDev (http://localhost:3000/_next/static/chunks/node_modules_next_dist_compiled_react-server-dom-turbopack_164kp-6._.js:1937:105)
    at getOutlinedModel (http://localhost:3000/_next/static/chunks/node_modules_next_dist_compiled_react-server-dom-turbopack_164kp-6._.js:1487:28)
    at parseModelString (http://localhost:3000/_next/static/chunks/node_modules_next_dist_compiled_react-server-dom-turbopack_164kp-6._.js:1602:50)
    at reviveModel (http://localhost:3000/_next/static/chunks/node_modules_next_dist_compiled_react-server-dom-turbopack_164kp-6._.js:2544:66)
    at parseModel (http://localhost:3000/_next/static/chunks/node_modules_next_dist_compiled_react-server-dom-turbopack_164kp-6._.js:2539:16)
    at initializeModelChunk (http://localhost:3000/_next/static/chunks/node_modules_next_dist_compiled_react-server-dom-turbopack_164kp-6._.js:1100:25)
    at getOutlinedModel (http://localhost:3000/_next/static/chunks/node_modules_next_dist_compiled_react-server-dom-turbopack_164kp-6._.js:1423:17)
    at parseModelString (http://localhost:3000/_next/static/chunks/node_modules_next_dist_compiled_react-server-dom-turbopack_164kp-6._.js:1657:50)
    at reviveModel (http://localhost:3000/_next/static/chunks/node_modules_next_dist_compiled_react-server-dom-turbopack_164kp-6._.js:2544:66)
    at reviveModel (http://localhost:3000/_next/static/chunks/node_modules_next_dist_compiled_react-server-dom-turbopack_164kp-6._.js:2547:61)
    at parseModel (http://localhost:3000/_next/static/chunks/node_modules_next_dist_compiled_react-server-dom-turbopack_164kp-6._.js:2539:16)
    at initializeModelChunk (http://localhost:3000/_next/static/chunks/node_modules_next_dist_compiled_react-server-dom-turbopack_164kp-6._.js:1100:25)
    at resolveConsoleEntry (http://localhost:3000/_next/static/chunks/node_modules_next_dist_compiled_react-server-dom-turbopack_164kp-6._.js:2069:96)
    at processFullStringRow (http://localhost:3000/_next/static/chunks/node_modules_next_dist_compiled_react-server-dom-turbopack_164kp-6._.js:2475:17)
    at processFullBinaryRow (http://localhost:3000/_next/static/chunks/node_modules_next_dist_compiled_react-server-dom-turbopack_164kp-6._.js:2415:9)
    at processBinaryChunk (http://localhost:3000/_next/static/chunks/node_modules_next_dist_compiled_react-server-dom-turbopack_164kp-6._.js:2524:221)
    at progress (http://localhost:3000/_next/static/chunks/node_modules_next_dist_compiled_react-server-dom-turbopack_164kp-6._.js:2698:20) @ http://localhost:3000/_next/static/chunks/node_modules_next_dist_1e8vcs8._.js:1052
[  247450ms] [ERROR] %c%s%c background: #e6e6e6;background: light-dark(rgba(0,0,0,0.1), rgba(255,255,255,0.25));color: #000000;color: light-dark(#000000, #ffffff);border-radius: 2px  Server   Error: MISSING_MESSAGE: Could not resolve `language.matchesPreferredLanguage` in messages for locale `en`.
    at renderMatchMessage (about://React/Server/D:%5C%D0%BF%D1%80%D0%BE%D0%B5%D0%BA%D1%82%D1%8B%5CUnikchoose%5C.next%5Cdev%5Cserver%5Cchunks%5Cssr%5C%5Broot-of-the-server%5D__1622ik9._.js?65:822:12)
    at <anonymous> (about://React/Server/D:%5C%D0%BF%D1%80%D0%BE%D0%B5%D0%BA%D1%82%D1%8B%5CUnikchoose%5C.next%5Cdev%5Cserver%5Cchunks%5Cssr%5C%5Broot-of-the-server%5D__1622ik9._.js?66:1056:211)
    at Array.map (<anonymous>:1:18)
    at ProgrammeCard (about://React/Server/D:%5C%D0%BF%D1%80%D0%BE%D0%B5%D0%BA%D1%82%D1%8B%5CUnikchoose%5C.next%5Cdev%5Cserver%5Cchunks%5Cssr%5C%5Broot-of-the-server%5D__1622ik9._.js?67:1043:50)
    at resolveErrorDev (http://localhost:3000/_next/static/chunks/node_modules_next_dist_compiled_react-server-dom-turbopack_164kp-6._.js:1937:105)
    at getOutlinedModel (http://localhost:3000/_next/static/chunks/node_modules_next_dist_compiled_react-server-dom-turbopack_164kp-6._.js:1487:28)
    at parseModelString (http://localhost:3000/_next/static/chunks/node_modules_next_dist_compiled_react-server-dom-turbopack_164kp-6._.js:1602:50)
    at reviveModel (http://localhost:3000/_next/static/chunks/node_modules_next_dist_compiled_react-server-dom-turbopack_164kp-6._.js:2544:66)
    at parseModel (http://localhost:3000/_next/static/chunks/node_modules_next_dist_compiled_react-server-dom-turbopack_164kp-6._.js:2539:16)
    at initializeModelChunk (http://localhost:3000/_next/static/chunks/node_modules_next_dist_compiled_react-server-dom-turbopack_164kp-6._.js:1100:25)
    at getOutlinedModel (http://localhost:3000/_next/static/chunks/node_modules_next_dist_compiled_react-server-dom-turbopack_164kp-6._.js:1423:17)
    at parseModelString (http://localhost:3000/_next/static/chunks/node_modules_next_dist_compiled_react-server-dom-turbopack_164kp-6._.js:1657:50)
    at reviveModel (http://localhost:3000/_next/static/chunks/node_modules_next_dist_compiled_react-server-dom-turbopack_164kp-6._.js:2544:66)
    at reviveModel (http://localhost:3000/_next/static/chunks/node_modules_next_dist_compiled_react-server-dom-turbopack_164kp-6._.js:2547:61)
    at parseModel (http://localhost:3000/_next/static/chunks/node_modules_next_dist_compiled_react-server-dom-turbopack_164kp-6._.js:2539:16)
    at initializeModelChunk (http://localhost:3000/_next/static/chunks/node_modules_next_dist_compiled_react-server-dom-turbopack_164kp-6._.js:1100:25)
    at resolveConsoleEntry (http://localhost:3000/_next/static/chunks/node_modules_next_dist_compiled_react-server-dom-turbopack_164kp-6._.js:2069:96)
    at processFullStringRow (http://localhost:3000/_next/static/chunks/node_modules_next_dist_compiled_react-server-dom-turbopack_164kp-6._.js:2475:17)
    at processFullBinaryRow (http://localhost:3000/_next/static/chunks/node_modules_next_dist_compiled_react-server-dom-turbopack_164kp-6._.js:2415:9)
    at processBinaryChunk (http://localhost:3000/_next/static/chunks/node_modules_next_dist_compiled_react-server-dom-turbopack_164kp-6._.js:2524:221)
    at progress (http://localhost:3000/_next/static/chunks/node_modules_next_dist_compiled_react-server-dom-turbopack_164kp-6._.js:2698:20) @ http://localhost:3000/_next/static/chunks/node_modules_next_dist_1e8vcs8._.js:1052
[  247450ms] [ERROR] %c%s%c background: #e6e6e6;background: light-dark(rgba(0,0,0,0.1), rgba(255,255,255,0.25));color: #000000;color: light-dark(#000000, #ffffff);border-radius: 2px  Server   Error: MISSING_MESSAGE: Could not resolve `admission.deadlineInfo` in messages for locale `en`.
    at renderMatchMessage (about://React/Server/D:%5C%D0%BF%D1%80%D0%BE%D0%B5%D0%BA%D1%82%D1%8B%5CUnikchoose%5C.next%5Cdev%5Cserver%5Cchunks%5Cssr%5C%5Broot-of-the-server%5D__1622ik9._.js?65:822:12)
    at <anonymous> (about://React/Server/D:%5C%D0%BF%D1%80%D0%BE%D0%B5%D0%BA%D1%82%D1%8B%5CUnikchoose%5C.next%5Cdev%5Cserver%5Cchunks%5Cssr%5C%5Broot-of-the-server%5D__1622ik9._.js?66:1056:211)
    at Array.map (<anonymous>:1:18)
    at ProgrammeCard (about://React/Server/D:%5C%D0%BF%D1%80%D0%BE%D0%B5%D0%BA%D1%82%D1%8B%5CUnikchoose%5C.next%5Cdev%5Cserver%5Cchunks%5Cssr%5C%5Broot-of-the-server%5D__1622ik9._.js?67:1043:50)
    at resolveErrorDev (http://localhost:3000/_next/static/chunks/node_modules_next_dist_compiled_react-server-dom-turbopack_164kp-6._.js:1937:105)
    at getOutlinedModel (http://localhost:3000/_next/static/chunks/node_modules_next_dist_compiled_react-server-dom-turbopack_164kp-6._.js:1487:28)
    at parseModelString (http://localhost:3000/_next/static/chunks/node_modules_next_dist_compiled_react-server-dom-turbopack_164kp-6._.js:1602:50)
    at reviveModel (http://localhost:3000/_next/static/chunks/node_modules_next_dist_compiled_react-server-dom-turbopack_164kp-6._.js:2544:66)
    at parseModel (http://localhost:3000/_next/static/chunks/node_modules_next_dist_compiled_react-server-dom-turbopack_164kp-6._.js:2539:16)
    at initializeModelChunk (http://localhost:3000/_next/static/chunks/node_modules_next_dist_compiled_react-server-dom-turbopack_164kp-6._.js:1100:25)
    at getOutlinedModel (http://localhost:3000/_next/static/chunks/node_modules_next_dist_compiled_react-server-dom-turbopack_164kp-6._.js:1423:17)
    at parseModelString (http://localhost:3000/_next/static/chunks/node_modules_next_dist_compiled_react-server-dom-turbopack_164kp-6._.js:1657:50)
    at reviveModel (http://localhost:3000/_next/static/chunks/node_modules_next_dist_compiled_react-server-dom-turbopack_164kp-6._.js:2544:66)
    at reviveModel (http://localhost:3000/_next/static/chunks/node_modules_next_dist_compiled_react-server-dom-turbopack_164kp-6._.js:2547:61)
    at parseModel (http://localhost:3000/_next/static/chunks/node_modules_next_dist_compiled_react-server-dom-turbopack_164kp-6._.js:2539:16)
    at initializeModelChunk (http://localhost:3000/_next/static/chunks/node_modules_next_dist_compiled_react-server-dom-turbopack_164kp-6._.js:1100:25)
    at resolveConsoleEntry (http://localhost:3000/_next/static/chunks/node_modules_next_dist_compiled_react-server-dom-turbopack_164kp-6._.js:2069:96)
    at processFullStringRow (http://localhost:3000/_next/static/chunks/node_modules_next_dist_compiled_react-server-dom-turbopack_164kp-6._.js:2475:17)
    at processFullBinaryRow (http://localhost:3000/_next/static/chunks/node_modules_next_dist_compiled_react-server-dom-turbopack_164kp-6._.js:2415:9)
    at processBinaryChunk (http://localhost:3000/_next/static/chunks/node_modules_next_dist_compiled_react-server-dom-turbopack_164kp-6._.js:2524:221)
    at progress (http://localhost:3000/_next/static/chunks/node_modules_next_dist_compiled_react-server-dom-turbopack_164kp-6._.js:2698:20) @ http://localhost:3000/_next/static/chunks/node_modules_next_dist_1e8vcs8._.js:1052
[  247450ms] [ERROR] %c%s%c background: #e6e6e6;background: light-dark(rgba(0,0,0,0.1), rgba(255,255,255,0.25));color: #000000;color: light-dark(#000000, #ffffff);border-radius: 2px  Server   Error: MISSING_MESSAGE: Could not resolve `support.internationalOffice` in messages for locale `en`.
    at renderMatchMessage (about://React/Server/D:%5C%D0%BF%D1%80%D0%BE%D0%B5%D0%BA%D1%82%D1%8B%5CUnikchoose%5C.next%5Cdev%5Cserver%5Cchunks%5Cssr%5C%5Broot-of-the-server%5D__1622ik9._.js?65:822:12)
    at <anonymous> (about://React/Server/D:%5C%D0%BF%D1%80%D0%BE%D0%B5%D0%BA%D1%82%D1%8B%5CUnikchoose%5C.next%5Cdev%5Cserver%5Cchunks%5Cssr%5C%5Broot-of-the-server%5D__1622ik9._.js?66:1056:211)
    at Array.map (<anonymous>:1:18)
    at ProgrammeCard (about://React/Server/D:%5C%D0%BF%D1%80%D0%BE%D0%B5%D0%BA%D1%82%D1%8B%5CUnikchoose%5C.next%5Cdev%5Cserver%5Cchunks%5Cssr%5C%5Broot-of-the-server%5D__1622ik9._.js?67:1043:50)
    at resolveErrorDev (http://localhost:3000/_next/static/chunks/node_modules_next_dist_compiled_react-server-dom-turbopack_164kp-6._.js:1937:105)
    at getOutlinedModel (http://localhost:3000/_next/static/chunks/node_modules_next_dist_compiled_react-server-dom-turbopack_164kp-6._.js:1487:28)
    at parseModelString (http://localhost:3000/_next/static/chunks/node_modules_next_dist_compiled_react-server-dom-turbopack_164kp-6._.js:1602:50)
    at reviveModel (http://localhost:3000/_next/static/chunks/node_modules_next_dist_compiled_react-server-dom-turbopack_164kp-6._.js:2544:66)
    at parseModel (http://localhost:3000/_next/static/chunks/node_modules_next_dist_compiled_react-server-dom-turbopack_164kp-6._.js:2539:16)
    at initializeModelChunk (http://localhost:3000/_next/static/chunks/node_modules_next_dist_compiled_react-server-dom-turbopack_164kp-6._.js:1100:25)
    at getOutlinedModel (http://localhost:3000/_next/static/chunks/node_modules_next_dist_compiled_react-server-dom-turbopack_164kp-6._.js:1423:17)
    at parseModelString (http://localhost:3000/_next/static/chunks/node_modules_next_dist_compiled_react-server-dom-turbopack_164kp-6._.js:1657:50)
    at reviveModel (http://localhost:3000/_next/static/chunks/node_modules_next_dist_compiled_react-server-dom-turbopack_164kp-6._.js:2544:66)
    at reviveModel (http://localhost:3000/_next/static/chunks/node_modules_next_dist_compiled_react-server-dom-turbopack_164kp-6._.js:2547:61)
    at parseModel (http://localhost:3000/_next/static/chunks/node_modules_next_dist_compiled_react-server-dom-turbopack_164kp-6._.js:2539:16)
    at initializeModelChunk (http://localhost:3000/_next/static/chunks/node_modules_next_dist_compiled_react-server-dom-turbopack_164kp-6._.js:1100:25)
    at resolveConsoleEntry (http://localhost:3000/_next/static/chunks/node_modules_next_dist_compiled_react-server-dom-turbopack_164kp-6._.js:2069:96)
    at processFullStringRow (http://localhost:3000/_next/static/chunks/node_modules_next_dist_compiled_react-server-dom-turbopack_164kp-6._.js:2475:17)
    at processFullBinaryRow (http://localhost:3000/_next/static/chunks/node_modules_next_dist_compiled_react-server-dom-turbopack_164kp-6._.js:2415:9)
    at processBinaryChunk (http://localhost:3000/_next/static/chunks/node_modules_next_dist_compiled_react-server-dom-turbopack_164kp-6._.js:2524:221)
    at progress (http://localhost:3000/_next/static/chunks/node_modules_next_dist_compiled_react-server-dom-turbopack_164kp-6._.js:2698:20) @ http://localhost:3000/_next/static/chunks/node_modules_next_dist_1e8vcs8._.js:1052
[  247450ms] [ERROR] %c%s%c background: #e6e6e6;background: light-dark(rgba(0,0,0,0.1), rgba(255,255,255,0.25));color: #000000;color: light-dark(#000000, #ffffff);border-radius: 2px  Server   Error: MISSING_MESSAGE: Could not resolve `academic.entranceExamGeneric` in messages for locale `en`.
    at renderMatchMessage (about://React/Server/D:%5C%D0%BF%D1%80%D0%BE%D0%B5%D0%BA%D1%82%D1%8B%5CUnikchoose%5C.next%5Cdev%5Cserver%5Cchunks%5Cssr%5C%5Broot-of-the-server%5D__1622ik9._.js?65:822:12)
    at ProgrammeCard (about://React/Server/D:%5C%D0%BF%D1%80%D0%BE%D0%B5%D0%BA%D1%82%D1%8B%5CUnikchoose%5C.next%5Cdev%5Cserver%5Cchunks%5Cssr%5C%5Broot-of-the-server%5D__1622ik9._.js?70:1102:203)
    at resolveErrorDev (http://localhost:3000/_next/static/chunks/node_modules_next_dist_compiled_react-server-dom-turbopack_164kp-6._.js:1937:105)
    at getOutlinedModel (http://localhost:3000/_next/static/chunks/node_modules_next_dist_compiled_react-server-dom-turbopack_164kp-6._.js:1487:28)
    at parseModelString (http://localhost:3000/_next/static/chunks/node_modules_next_dist_compiled_react-server-dom-turbopack_164kp-6._.js:1602:50)
    at reviveModel (http://localhost:3000/_next/static/chunks/node_modules_next_dist_compiled_react-server-dom-turbopack_164kp-6._.js:2544:66)
    at parseModel (http://localhost:3000/_next/static/chunks/node_modules_next_dist_compiled_react-server-dom-turbopack_164kp-6._.js:2539:16)
    at initializeModelChunk (http://localhost:3000/_next/static/chunks/node_modules_next_dist_compiled_react-server-dom-turbopack_164kp-6._.js:1100:25)
    at getOutlinedModel (http://localhost:3000/_next/static/chunks/node_modules_next_dist_compiled_react-server-dom-turbopack_164kp-6._.js:1423:17)
    at parseModelString (http://localhost:3000/_next/static/chunks/node_modules_next_dist_compiled_react-server-dom-turbopack_164kp-6._.js:1657:50)
    at reviveModel (http://localhost:3000/_next/static/chunks/node_modules_next_dist_compiled_react-server-dom-turbopack_164kp-6._.js:2544:66)
    at reviveModel (http://localhost:3000/_next/static/chunks/node_modules_next_dist_compiled_react-server-dom-turbopack_164kp-6._.js:2547:61)
    at parseModel (http://localhost:3000/_next/static/chunks/node_modules_next_dist_compiled_react-server-dom-turbopack_164kp-6._.js:2539:16)
    at initializeModelChunk (http://localhost:3000/_next/static/chunks/node_modules_next_dist_compiled_react-server-dom-turbopack_164kp-6._.js:1100:25)
    at resolveConsoleEntry (http://localhost:3000/_next/static/chunks/node_modules_next_dist_compiled_react-server-dom-turbopack_164kp-6._.js:2069:96)
    at processFullStringRow (http://localhost:3000/_next/static/chunks/node_modules_next_dist_compiled_react-server-dom-turbopack_164kp-6._.js:2475:17)
    at processFullBinaryRow (http://localhost:3000/_next/static/chunks/node_modules_next_dist_compiled_react-server-dom-turbopack_164kp-6._.js:2415:9)
    at processBinaryChunk (http://localhost:3000/_next/static/chunks/node_modules_next_dist_compiled_react-server-dom-turbopack_164kp-6._.js:2524:221)
    at progress (http://localhost:3000/_next/static/chunks/node_modules_next_dist_compiled_react-server-dom-turbopack_164kp-6._.js:2698:20) @ http://localhost:3000/_next/static/chunks/node_modules_next_dist_1e8vcs8._.js:1052
[  247450ms] [ERROR] %c%s%c background: #e6e6e6;background: light-dark(rgba(0,0,0,0.1), rgba(255,255,255,0.25));color: #000000;color: light-dark(#000000, #ffffff);border-radius: 2px  Server   Error: MISSING_MESSAGE: Could not resolve `support.dormitory` in messages for locale `en`.
    at renderMatchMessage (about://React/Server/D:%5C%D0%BF%D1%80%D0%BE%D0%B5%D0%BA%D1%82%D1%8B%5CUnikchoose%5C.next%5Cdev%5Cserver%5Cchunks%5Cssr%5C%5Broot-of-the-server%5D__1622ik9._.js?65:822:12)
    at <anonymous> (about://React/Server/D:%5C%D0%BF%D1%80%D0%BE%D0%B5%D0%BA%D1%82%D1%8B%5CUnikchoose%5C.next%5Cdev%5Cserver%5Cchunks%5Cssr%5C%5Broot-of-the-server%5D__1622ik9._.js?73:1329:227)
    at Array.map (<anonymous>:1:18)
    at ProgrammeCard (about://React/Server/D:%5C%D0%BF%D1%80%D0%BE%D0%B5%D0%BA%D1%82%D1%8B%5CUnikchoose%5C.next%5Cdev%5Cserver%5Cchunks%5Cssr%5C%5Broot-of-the-server%5D__1622ik9._.js?74:1316:63)
    at resolveErrorDev (http://localhost:3000/_next/static/chunks/node_modules_next_dist_compiled_react-server-dom-turbopack_164kp-6._.js:1937:105)
    at getOutlinedModel (http://localhost:3000/_next/static/chunks/node_modules_next_dist_compiled_react-server-dom-turbopack_164kp-6._.js:1487:28)
    at parseModelString (http://localhost:3000/_next/static/chunks/node_modules_next_dist_compiled_react-server-dom-turbopack_164kp-6._.js:1602:50)
    at reviveModel (http://localhost:3000/_next/static/chunks/node_modules_next_dist_compiled_react-server-dom-turbopack_164kp-6._.js:2544:66)
    at parseModel (http://localhost:3000/_next/static/chunks/node_modules_next_dist_compiled_react-server-dom-turbopack_164kp-6._.js:2539:16)
    at initializeModelChunk (http://localhost:3000/_next/static/chunks/node_modules_next_dist_compiled_react-server-dom-turbopack_164kp-6._.js:1100:25)
    at getOutlinedModel (http://localhost:3000/_next/static/chunks/node_modules_next_dist_compiled_react-server-dom-turbopack_164kp-6._.js:1423:17)
    at parseModelString (http://localhost:3000/_next/static/chunks/node_modules_next_dist_compiled_react-server-dom-turbopack_164kp-6._.js:1657:50)
    at reviveModel (http://localhost:3000/_next/static/chunks/node_modules_next_dist_compiled_react-server-dom-turbopack_164kp-6._.js:2544:66)
    at reviveModel (http://localhost:3000/_next/static/chunks/node_modules_next_dist_compiled_react-server-dom-turbopack_164kp-6._.js:2547:61)
    at parseModel (http://localhost:3000/_next/static/chunks/node_modules_next_dist_compiled_react-server-dom-turbopack_164kp-6._.js:2539:16)
    at initializeModelChunk (http://localhost:3000/_next/static/chunks/node_modules_next_dist_compiled_react-server-dom-turbopack_164kp-6._.js:1100:25)
    at resolveConsoleEntry (http://localhost:3000/_next/static/chunks/node_modules_next_dist_compiled_react-server-dom-turbopack_164kp-6._.js:2069:96)
    at processFullStringRow (http://localhost:3000/_next/static/chunks/node_modules_next_dist_compiled_react-server-dom-turbopack_164kp-6._.js:2475:17)
    at processFullBinaryRow (http://localhost:3000/_next/static/chunks/node_modules_next_dist_compiled_react-server-dom-turbopack_164kp-6._.js:2415:9)
    at processBinaryChunk (http://localhost:3000/_next/static/chunks/node_modules_next_dist_compiled_react-server-dom-turbopack_164kp-6._.js:2524:221)
    at progress (http://localhost:3000/_next/static/chunks/node_modules_next_dist_compiled_react-server-dom-turbopack_164kp-6._.js:2698:20) @ http://localhost:3000/_next/static/chunks/node_modules_next_dist_1e8vcs8._.js:1052
[  247450ms] [ERROR] %c%s%c background: #e6e6e6;background: light-dark(rgba(0,0,0,0.1), rgba(255,255,255,0.25));color: #000000;color: light-dark(#000000, #ffffff);border-radius: 2px  Server   Error: MISSING_MESSAGE: Could not resolve `budget.missingBudget` in messages for locale `en`.
    at renderMatchMessage (about://React/Server/D:%5C%D0%BF%D1%80%D0%BE%D0%B5%D0%BA%D1%82%D1%8B%5CUnikchoose%5C.next%5Cdev%5Cserver%5Cchunks%5Cssr%5C%5Broot-of-the-server%5D__1622ik9._.js?65:822:12)
    at <anonymous> (about://React/Server/D:%5C%D0%BF%D1%80%D0%BE%D0%B5%D0%BA%D1%82%D1%8B%5CUnikchoose%5C.next%5Cdev%5Cserver%5Cchunks%5Cssr%5C%5Broot-of-the-server%5D__1622ik9._.js?71:1378:227)
    at Array.map (<anonymous>:1:18)
    at ProgrammeCard (about://React/Server/D:%5C%D0%BF%D1%80%D0%BE%D0%B5%D0%BA%D1%82%D1%8B%5CUnikchoose%5C.next%5Cdev%5Cserver%5Cchunks%5Cssr%5C%5Broot-of-the-server%5D__1622ik9._.js?72:1365:64)
    at resolveErrorDev (http://localhost:3000/_next/static/chunks/node_modules_next_dist_compiled_react-server-dom-turbopack_164kp-6._.js:1937:105)
    at getOutlinedModel (http://localhost:3000/_next/static/chunks/node_modules_next_dist_compiled_react-server-dom-turbopack_164kp-6._.js:1487:28)
    at parseModelString (http://localhost:3000/_next/static/chunks/node_modules_next_dist_compiled_react-server-dom-turbopack_164kp-6._.js:1602:50)
    at reviveModel (http://localhost:3000/_next/static/chunks/node_modules_next_dist_compiled_react-server-dom-turbopack_164kp-6._.js:2544:66)
    at parseModel (http://localhost:3000/_next/static/chunks/node_modules_next_dist_compiled_react-server-dom-turbopack_164kp-6._.js:2539:16)
    at initializeModelChunk (http://localhost:3000/_next/static/chunks/node_modules_next_dist_compiled_react-server-dom-turbopack_164kp-6._.js:1100:25)
    at getOutlinedModel (http://localhost:3000/_next/static/chunks/node_modules_next_dist_compiled_react-server-dom-turbopack_164kp-6._.js:1423:17)
    at parseModelString (http://localhost:3000/_next/static/chunks/node_modules_next_dist_compiled_react-server-dom-turbopack_164kp-6._.js:1657:50)
    at reviveModel (http://localhost:3000/_next/static/chunks/node_modules_next_dist_compiled_react-server-dom-turbopack_164kp-6._.js:2544:66)
    at reviveModel (http://localhost:3000/_next/static/chunks/node_modules_next_dist_compiled_react-server-dom-turbopack_164kp-6._.js:2547:61)
    at parseModel (http://localhost:3000/_next/static/chunks/node_modules_next_dist_compiled_react-server-dom-turbopack_164kp-6._.js:2539:16)
    at initializeModelChunk (http://localhost:3000/_next/static/chunks/node_modules_next_dist_compiled_react-server-dom-turbopack_164kp-6._.js:1100:25)
    at resolveConsoleEntry (http://localhost:3000/_next/static/chunks/node_modules_next_dist_compiled_react-server-dom-turbopack_164kp-6._.js:2069:96)
    at processFullStringRow (http://localhost:3000/_next/static/chunks/node_modules_next_dist_compiled_react-server-dom-turbopack_164kp-6._.js:2475:17)
    at processFullBinaryRow (http://localhost:3000/_next/static/chunks/node_modules_next_dist_compiled_react-server-dom-turbopack_164kp-6._.js:2415:9)
    at processBinaryChunk (http://localhost:3000/_next/static/chunks/node_modules_next_dist_compiled_react-server-dom-turbopack_164kp-6._.js:2524:221)
    at progress (http://localhost:3000/_next/static/chunks/node_modules_next_dist_compiled_react-server-dom-turbopack_164kp-6._.js:2698:20) @ http://localhost:3000/_next/static/chunks/node_modules_next_dist_1e8vcs8._.js:1052
[  247450ms] [ERROR] %c%s%c background: #e6e6e6;background: light-dark(rgba(0,0,0,0.1), rgba(255,255,255,0.25));color: #000000;color: light-dark(#000000, #ffffff);border-radius: 2px  Server   Error: MISSING_MESSAGE: Could not resolve `location.missingLocationPreference` in messages for locale `en`.
    at renderMatchMessage (about://React/Server/D:%5C%D0%BF%D1%80%D0%BE%D0%B5%D0%BA%D1%82%D1%8B%5CUnikchoose%5C.next%5Cdev%5Cserver%5Cchunks%5Cssr%5C%5Broot-of-the-server%5D__1622ik9._.js?65:822:12)
    at <anonymous> (about://React/Server/D:%5C%D0%BF%D1%80%D0%BE%D0%B5%D0%BA%D1%82%D1%8B%5CUnikchoose%5C.next%5Cdev%5Cserver%5Cchunks%5Cssr%5C%5Broot-of-the-server%5D__1622ik9._.js?71:1378:227)
    at Array.map (<anonymous>:1:18)
    at ProgrammeCard (about://React/Server/D:%5C%D0%BF%D1%80%D0%BE%D0%B5%D0%BA%D1%82%D1%8B%5CUnikchoose%5C.next%5Cdev%5Cserver%5Cchunks%5Cssr%5C%5Broot-of-the-server%5D__1622ik9._.js?72:1365:64)
    at resolveErrorDev (http://localhost:3000/_next/static/chunks/node_modules_next_dist_compiled_react-server-dom-turbopack_164kp-6._.js:1937:105)
    at getOutlinedModel (http://localhost:3000/_next/static/chunks/node_modules_next_dist_compiled_react-server-dom-turbopack_164kp-6._.js:1487:28)
    at parseModelString (http://localhost:3000/_next/static/chunks/node_modules_next_dist_compiled_react-server-dom-turbopack_164kp-6._.js:1602:50)
    at reviveModel (http://localhost:3000/_next/static/chunks/node_modules_next_dist_compiled_react-server-dom-turbopack_164kp-6._.js:2544:66)
    at parseModel (http://localhost:3000/_next/static/chunks/node_modules_next_dist_compiled_react-server-dom-turbopack_164kp-6._.js:2539:16)
    at initializeModelChunk (http://localhost:3000/_next/static/chunks/node_modules_next_dist_compiled_react-server-dom-turbopack_164kp-6._.js:1100:25)
    at getOutlinedModel (http://localhost:3000/_next/static/chunks/node_modules_next_dist_compiled_react-server-dom-turbopack_164kp-6._.js:1423:17)
    at parseModelString (http://localhost:3000/_next/static/chunks/node_modules_next_dist_compiled_react-server-dom-turbopack_164kp-6._.js:1657:50)
    at reviveModel (http://localhost:3000/_next/static/chunks/node_modules_next_dist_compiled_react-server-dom-turbopack_164kp-6._.js:2544:66)
    at reviveModel (http://localhost:3000/_next/static/chunks/node_modules_next_dist_compiled_react-server-dom-turbopack_164kp-6._.js:2547:61)
    at parseModel (http://localhost:3000/_next/static/chunks/node_modules_next_dist_compiled_react-server-dom-turbopack_164kp-6._.js:2539:16)
    at initializeModelChunk (http://localhost:3000/_next/static/chunks/node_modules_next_dist_compiled_react-server-dom-turbopack_164kp-6._.js:1100:25)
    at resolveConsoleEntry (http://localhost:3000/_next/static/chunks/node_modules_next_dist_compiled_react-server-dom-turbopack_164kp-6._.js:2069:96)
    at processFullStringRow (http://localhost:3000/_next/static/chunks/node_modules_next_dist_compiled_react-server-dom-turbopack_164kp-6._.js:2475:17)
    at processFullBinaryRow (http://localhost:3000/_next/static/chunks/node_modules_next_dist_compiled_react-server-dom-turbopack_164kp-6._.js:2415:9)
    at processBinaryChunk (http://localhost:3000/_next/static/chunks/node_modules_next_dist_compiled_react-server-dom-turbopack_164kp-6._.js:2524:221)
    at progress (http://localhost:3000/_next/static/chunks/node_modules_next_dist_compiled_react-server-dom-turbopack_164kp-6._.js:2698:20) @ http://localhost:3000/_next/static/chunks/node_modules_next_dist_1e8vcs8._.js:1052
[  247450ms] [ERROR] %c%s%c background: #e6e6e6;background: light-dark(rgba(0,0,0,0.1), rgba(255,255,255,0.25));color: #000000;color: light-dark(#000000, #ffffff);border-radius: 2px  Server   Error: MISSING_MESSAGE: Could not resolve `admission.entranceExamRequired` in messages for locale `en`.
    at renderMatchMessage (about://React/Server/D:%5C%D0%BF%D1%80%D0%BE%D0%B5%D0%BA%D1%82%D1%8B%5CUnikchoose%5C.next%5Cdev%5Cserver%5Cchunks%5Cssr%5C%5Broot-of-the-server%5D__1622ik9._.js?65:822:12)
    at <anonymous> (about://React/Server/D:%5C%D0%BF%D1%80%D0%BE%D0%B5%D0%BA%D1%82%D1%8B%5CUnikchoose%5C.next%5Cdev%5Cserver%5Cchunks%5Cssr%5C%5Broot-of-the-server%5D__1622ik9._.js?71:1378:227)
    at Array.map (<anonymous>:1:18)
    at ProgrammeCard (about://React/Server/D:%5C%D0%BF%D1%80%D0%BE%D0%B5%D0%BA%D1%82%D1%8B%5CUnikchoose%5C.next%5Cdev%5Cserver%5Cchunks%5Cssr%5C%5Broot-of-the-server%5D__1622ik9._.js?72:1365:64)
    at resolveErrorDev (http://localhost:3000/_next/static/chunks/node_modules_next_dist_compiled_react-server-dom-turbopack_164kp-6._.js:1937:105)
    at getOutlinedModel (http://localhost:3000/_next/static/chunks/node_modules_next_dist_compiled_react-server-dom-turbopack_164kp-6._.js:1487:28)
    at parseModelString (http://localhost:3000/_next/static/chunks/node_modules_next_dist_compiled_react-server-dom-turbopack_164kp-6._.js:1602:50)
    at reviveModel (http://localhost:3000/_next/static/chunks/node_modules_next_dist_compiled_react-server-dom-turbopack_164kp-6._.js:2544:66)
    at parseModel (http://localhost:3000/_next/static/chunks/node_modules_next_dist_compiled_react-server-dom-turbopack_164kp-6._.js:2539:16)
    at initializeModelChunk (http://localhost:3000/_next/static/chunks/node_modules_next_dist_compiled_react-server-dom-turbopack_164kp-6._.js:1100:25)
    at getOutlinedModel (http://localhost:3000/_next/static/chunks/node_modules_next_dist_compiled_react-server-dom-turbopack_164kp-6._.js:1423:17)
    at parseModelString (http://localhost:3000/_next/static/chunks/node_modules_next_dist_compiled_react-server-dom-turbopack_164kp-6._.js:1657:50)
    at reviveModel (http://localhost:3000/_next/static/chunks/node_modules_next_dist_compiled_react-server-dom-turbopack_164kp-6._.js:2544:66)
    at reviveModel (http://localhost:3000/_next/static/chunks/node_modules_next_dist_compiled_react-server-dom-turbopack_164kp-6._.js:2547:61)
    at parseModel (http://localhost:3000/_next/static/chunks/node_modules_next_dist_compiled_react-server-dom-turbopack_164kp-6._.js:2539:16)
    at initializeModelChunk (http://localhost:3000/_next/static/chunks/node_modules_next_dist_compiled_react-server-dom-turbopack_164kp-6._.js:1100:25)
    at resolveConsoleEntry (http://localhost:3000/_next/static/chunks/node_modules_next_dist_compiled_react-server-dom-turbopack_164kp-6._.js:2069:96)
    at processFullStringRow (http://localhost:3000/_next/static/chunks/node_modules_next_dist_compiled_react-server-dom-turbopack_164kp-6._.js:2475:17)
    at processFullBinaryRow (http://localhost:3000/_next/static/chunks/node_modules_next_dist_compiled_react-server-dom-turbopack_164kp-6._.js:2415:9)
    at processBinaryChunk (http://localhost:3000/_next/static/chunks/node_modules_next_dist_compiled_react-server-dom-turbopack_164kp-6._.js:2524:221)
    at progress (http://localhost:3000/_next/static/chunks/node_modules_next_dist_compiled_react-server-dom-turbopack_164kp-6._.js:2698:20) @ http://localhost:3000/_next/static/chunks/node_modules_next_dist_1e8vcs8._.js:1052
[  247450ms] [ERROR] %c%s%c background: #e6e6e6;background: light-dark(rgba(0,0,0,0.1), rgba(255,255,255,0.25));color: #000000;color: light-dark(#000000, #ffffff);border-radius: 2px  Server   Error: MISSING_MESSAGE: Could not resolve `career.missingData` in messages for locale `en`.
    at renderMatchMessage (about://React/Server/D:%5C%D0%BF%D1%80%D0%BE%D0%B5%D0%BA%D1%82%D1%8B%5CUnikchoose%5C.next%5Cdev%5Cserver%5Cchunks%5Cssr%5C%5Broot-of-the-server%5D__1622ik9._.js?65:822:12)
    at <anonymous> (about://React/Server/D:%5C%D0%BF%D1%80%D0%BE%D0%B5%D0%BA%D1%82%D1%8B%5CUnikchoose%5C.next%5Cdev%5Cserver%5Cchunks%5Cssr%5C%5Broot-of-the-server%5D__1622ik9._.js?71:1378:227)
    at Array.map (<anonymous>:1:18)
    at ProgrammeCard (about://React/Server/D:%5C%D0%BF%D1%80%D0%BE%D0%B5%D0%BA%D1%82%D1%8B%5CUnikchoose%5C.next%5Cdev%5Cserver%5Cchunks%5Cssr%5C%5Broot-of-the-server%5D__1622ik9._.js?72:1365:64)
    at resolveErrorDev (http://localhost:3000/_next/static/chunks/node_modules_next_dist_compiled_react-server-dom-turbopack_164kp-6._.js:1937:105)
    at getOutlinedModel (http://localhost:3000/_next/static/chunks/node_modules_next_dist_compiled_react-server-dom-turbopack_164kp-6._.js:1487:28)
    at parseModelString (http://localhost:3000/_next/static/chunks/node_modules_next_dist_compiled_react-server-dom-turbopack_164kp-6._.js:1602:50)
    at reviveModel (http://localhost:3000/_next/static/chunks/node_modules_next_dist_compiled_react-server-dom-turbopack_164kp-6._.js:2544:66)
    at parseModel (http://localhost:3000/_next/static/chunks/node_modules_next_dist_compiled_react-server-dom-turbopack_164kp-6._.js:2539:16)
    at initializeModelChunk (http://localhost:3000/_next/static/chunks/node_modules_next_dist_compiled_react-server-dom-turbopack_164kp-6._.js:1100:25)
    at getOutlinedModel (http://localhost:3000/_next/static/chunks/node_modules_next_dist_compiled_react-server-dom-turbopack_164kp-6._.js:1423:17)
    at parseModelString (http://localhost:3000/_next/static/chunks/node_modules_next_dist_compiled_react-server-dom-turbopack_164kp-6._.js:1657:50)
    at reviveModel (http://localhost:3000/_next/static/chunks/node_modules_next_dist_compiled_react-server-dom-turbopack_164kp-6._.js:2544:66)
    at reviveModel (http://localhost:3000/_next/static/chunks/node_modules_next_dist_compiled_react-server-dom-turbopack_164kp-6._.js:2547:61)
    at parseModel (http://localhost:3000/_next/static/chunks/node_modules_next_dist_compiled_react-server-dom-turbopack_164kp-6._.js:2539:16)
    at initializeModelChunk (http://localhost:3000/_next/static/chunks/node_modules_next_dist_compiled_react-server-dom-turbopack_164kp-6._.js:1100:25)
    at resolveConsoleEntry (http://localhost:3000/_next/static/chunks/node_modules_next_dist_compiled_react-server-dom-turbopack_164kp-6._.js:2069:96)
    at processFullStringRow (http://localhost:3000/_next/static/chunks/node_modules_next_dist_compiled_react-server-dom-turbopack_164kp-6._.js:2475:17)
    at processFullBinaryRow (http://localhost:3000/_next/static/chunks/node_modules_next_dist_compiled_react-server-dom-turbopack_164kp-6._.js:2415:9)
    at processBinaryChunk (http://localhost:3000/_next/static/chunks/node_modules_next_dist_compiled_react-server-dom-turbopack_164kp-6._.js:2524:221)
    at progress (http://localhost:3000/_next/static/chunks/node_modules_next_dist_compiled_react-server-dom-turbopack_164kp-6._.js:2698:20) @ http://localhost:3000/_next/static/chunks/node_modules_next_dist_1e8vcs8._.js:1052
[  247451ms] [ERROR] %c%s%c background: #e6e6e6;background: light-dark(rgba(0,0,0,0.1), rgba(255,255,255,0.25));color: #000000;color: light-dark(#000000, #ffffff);border-radius: 2px  Server   Error: MISSING_MESSAGE: Could not resolve `format.missingPreference` in messages for locale `en`.
    at renderMatchMessage (about://React/Server/D:%5C%D0%BF%D1%80%D0%BE%D0%B5%D0%BA%D1%82%D1%8B%5CUnikchoose%5C.next%5Cdev%5Cserver%5Cchunks%5Cssr%5C%5Broot-of-the-server%5D__1622ik9._.js?65:822:12)
    at <anonymous> (about://React/Server/D:%5C%D0%BF%D1%80%D0%BE%D0%B5%D0%BA%D1%82%D1%8B%5CUnikchoose%5C.next%5Cdev%5Cserver%5Cchunks%5Cssr%5C%5Broot-of-the-server%5D__1622ik9._.js?71:1378:227)
    at Array.map (<anonymous>:1:18)
    at ProgrammeCard (about://React/Server/D:%5C%D0%BF%D1%80%D0%BE%D0%B5%D0%BA%D1%82%D1%8B%5CUnikchoose%5C.next%5Cdev%5Cserver%5Cchunks%5Cssr%5C%5Broot-of-the-server%5D__1622ik9._.js?72:1365:64)
    at resolveErrorDev (http://localhost:3000/_next/static/chunks/node_modules_next_dist_compiled_react-server-dom-turbopack_164kp-6._.js:1937:105)
    at getOutlinedModel (http://localhost:3000/_next/static/chunks/node_modules_next_dist_compiled_react-server-dom-turbopack_164kp-6._.js:1487:28)
    at parseModelString (http://localhost:3000/_next/static/chunks/node_modules_next_dist_compiled_react-server-dom-turbopack_164kp-6._.js:1602:50)
    at reviveModel (http://localhost:3000/_next/static/chunks/node_modules_next_dist_compiled_react-server-dom-turbopack_164kp-6._.js:2544:66)
    at parseModel (http://localhost:3000/_next/static/chunks/node_modules_next_dist_compiled_react-server-dom-turbopack_164kp-6._.js:2539:16)
    at initializeModelChunk (http://localhost:3000/_next/static/chunks/node_modules_next_dist_compiled_react-server-dom-turbopack_164kp-6._.js:1100:25)
    at getOutlinedModel (http://localhost:3000/_next/static/chunks/node_modules_next_dist_compiled_react-server-dom-turbopack_164kp-6._.js:1423:17)
    at parseModelString (http://localhost:3000/_next/static/chunks/node_modules_next_dist_compiled_react-server-dom-turbopack_164kp-6._.js:1657:50)
    at reviveModel (http://localhost:3000/_next/static/chunks/node_modules_next_dist_compiled_react-server-dom-turbopack_164kp-6._.js:2544:66)
    at reviveModel (http://localhost:3000/_next/static/chunks/node_modules_next_dist_compiled_react-server-dom-turbopack_164kp-6._.js:2547:61)
    at parseModel (http://localhost:3000/_next/static/chunks/node_modules_next_dist_compiled_react-server-dom-turbopack_164kp-6._.js:2539:16)
    at initializeModelChunk (http://localhost:3000/_next/static/chunks/node_modules_next_dist_compiled_react-server-dom-turbopack_164kp-6._.js:1100:25)
    at resolveConsoleEntry (http://localhost:3000/_next/static/chunks/node_modules_next_dist_compiled_react-server-dom-turbopack_164kp-6._.js:2069:96)
    at processFullStringRow (http://localhost:3000/_next/static/chunks/node_modules_next_dist_compiled_react-server-dom-turbopack_164kp-6._.js:2475:17)
    at processFullBinaryRow (http://localhost:3000/_next/static/chunks/node_modules_next_dist_compiled_react-server-dom-turbopack_164kp-6._.js:2415:9)
    at processBinaryChunk (http://localhost:3000/_next/static/chunks/node_modules_next_dist_compiled_react-server-dom-turbopack_164kp-6._.js:2524:221)
    at progress (http://localhost:3000/_next/static/chunks/node_modules_next_dist_compiled_react-server-dom-turbopack_164kp-6._.js:2698:20) @ http://localhost:3000/_next/static/chunks/node_modules_next_dist_1e8vcs8._.js:1052
[  247451ms] [ERROR] %c%s%c background: #e6e6e6;background: light-dark(rgba(0,0,0,0.1), rgba(255,255,255,0.25));color: #000000;color: light-dark(#000000, #ffffff);border-radius: 2px  Server   Error: MISSING_MESSAGE: Could not resolve `lifestyle.missingData` in messages for locale `en`.
    at renderMatchMessage (about://React/Server/D:%5C%D0%BF%D1%80%D0%BE%D0%B5%D0%BA%D1%82%D1%8B%5CUnikchoose%5C.next%5Cdev%5Cserver%5Cchunks%5Cssr%5C%5Broot-of-the-server%5D__1622ik9._.js?65:822:12)
    at <anonymous> (about://React/Server/D:%5C%D0%BF%D1%80%D0%BE%D0%B5%D0%BA%D1%82%D1%8B%5CUnikchoose%5C.next%5Cdev%5Cserver%5Cchunks%5Cssr%5C%5Broot-of-the-server%5D__1622ik9._.js?71:1378:227)
    at Array.map (<anonymous>:1:18)
    at ProgrammeCard (about://React/Server/D:%5C%D0%BF%D1%80%D0%BE%D0%B5%D0%BA%D1%82%D1%8B%5CUnikchoose%5C.next%5Cdev%5Cserver%5Cchunks%5Cssr%5C%5Broot-of-the-server%5D__1622ik9._.js?72:1365:64)
    at resolveErrorDev (http://localhost:3000/_next/static/chunks/node_modules_next_dist_compiled_react-server-dom-turbopack_164kp-6._.js:1937:105)
    at getOutlinedModel (http://localhost:3000/_next/static/chunks/node_modules_next_dist_compiled_react-server-dom-turbopack_164kp-6._.js:1487:28)
    at parseModelString (http://localhost:3000/_next/static/chunks/node_modules_next_dist_compiled_react-server-dom-turbopack_164kp-6._.js:1602:50)
    at reviveModel (http://localhost:3000/_next/static/chunks/node_modules_next_dist_compiled_react-server-dom-turbopack_164kp-6._.js:2544:66)
    at parseModel (http://localhost:3000/_next/static/chunks/node_modules_next_dist_compiled_react-server-dom-turbopack_164kp-6._.js:2539:16)
    at initializeModelChunk (http://localhost:3000/_next/static/chunks/node_modules_next_dist_compiled_react-server-dom-turbopack_164kp-6._.js:1100:25)
    at getOutlinedModel (http://localhost:3000/_next/static/chunks/node_modules_next_dist_compiled_react-server-dom-turbopack_164kp-6._.js:1423:17)
    at parseModelString (http://localhost:3000/_next/static/chunks/node_modules_next_dist_compiled_react-server-dom-turbopack_164kp-6._.js:1657:50)
    at reviveModel (http://localhost:3000/_next/static/chunks/node_modules_next_dist_compiled_react-server-dom-turbopack_164kp-6._.js:2544:66)
    at reviveModel (http://localhost:3000/_next/static/chunks/node_modules_next_dist_compiled_react-server-dom-turbopack_164kp-6._.js:2547:61)
    at parseModel (http://localhost:3000/_next/static/chunks/node_modules_next_dist_compiled_react-server-dom-turbopack_164kp-6._.js:2539:16)
    at initializeModelChunk (http://localhost:3000/_next/static/chunks/node_modules_next_dist_compiled_react-server-dom-turbopack_164kp-6._.js:1100:25)
    at resolveConsoleEntry (http://localhost:3000/_next/static/chunks/node_modules_next_dist_compiled_react-server-dom-turbopack_164kp-6._.js:2069:96)
    at processFullStringRow (http://localhost:3000/_next/static/chunks/node_modules_next_dist_compiled_react-server-dom-turbopack_164kp-6._.js:2475:17)
    at processFullBinaryRow (http://localhost:3000/_next/static/chunks/node_modules_next_dist_compiled_react-server-dom-turbopack_164kp-6._.js:2415:9)
    at processBinaryChunk (http://localhost:3000/_next/static/chunks/node_modules_next_dist_compiled_react-server-dom-turbopack_164kp-6._.js:2524:221)
    at progress (http://localhost:3000/_next/static/chunks/node_modules_next_dist_compiled_react-server-dom-turbopack_164kp-6._.js:2698:20) @ http://localhost:3000/_next/static/chunks/node_modules_next_dist_1e8vcs8._.js:1052
[  247451ms] [ERROR] %c%s%c background: #e6e6e6;background: light-dark(rgba(0,0,0,0.1), rgba(255,255,255,0.25));color: #000000;color: light-dark(#000000, #ffffff);border-radius: 2px  Server   Error: MISSING_MESSAGE: Could not resolve `language.matchesPreferredLanguage` in messages for locale `en`.
    at renderMatchMessage (about://React/Server/D:%5C%D0%BF%D1%80%D0%BE%D0%B5%D0%BA%D1%82%D1%8B%5CUnikchoose%5C.next%5Cdev%5Cserver%5Cchunks%5Cssr%5C%5Broot-of-the-server%5D__1622ik9._.js?65:822:12)
    at <anonymous> (about://React/Server/D:%5C%D0%BF%D1%80%D0%BE%D0%B5%D0%BA%D1%82%D1%8B%5CUnikchoose%5C.next%5Cdev%5Cserver%5Cchunks%5Cssr%5C%5Broot-of-the-server%5D__1622ik9._.js?66:1056:211)
    at Array.map (<anonymous>:1:18)
    at ProgrammeCard (about://React/Server/D:%5C%D0%BF%D1%80%D0%BE%D0%B5%D0%BA%D1%82%D1%8B%5CUnikchoose%5C.next%5Cdev%5Cserver%5Cchunks%5Cssr%5C%5Broot-of-the-server%5D__1622ik9._.js?67:1043:50)
    at resolveErrorDev (http://localhost:3000/_next/static/chunks/node_modules_next_dist_compiled_react-server-dom-turbopack_164kp-6._.js:1937:105)
    at getOutlinedModel (http://localhost:3000/_next/static/chunks/node_modules_next_dist_compiled_react-server-dom-turbopack_164kp-6._.js:1487:28)
    at parseModelString (http://localhost:3000/_next/static/chunks/node_modules_next_dist_compiled_react-server-dom-turbopack_164kp-6._.js:1602:50)
    at reviveModel (http://localhost:3000/_next/static/chunks/node_modules_next_dist_compiled_react-server-dom-turbopack_164kp-6._.js:2544:66)
    at parseModel (http://localhost:3000/_next/static/chunks/node_modules_next_dist_compiled_react-server-dom-turbopack_164kp-6._.js:2539:16)
    at initializeModelChunk (http://localhost:3000/_next/static/chunks/node_modules_next_dist_compiled_react-server-dom-turbopack_164kp-6._.js:1100:25)
    at getOutlinedModel (http://localhost:3000/_next/static/chunks/node_modules_next_dist_compiled_react-server-dom-turbopack_164kp-6._.js:1423:17)
    at parseModelString (http://localhost:3000/_next/static/chunks/node_modules_next_dist_compiled_react-server-dom-turbopack_164kp-6._.js:1657:50)
    at reviveModel (http://localhost:3000/_next/static/chunks/node_modules_next_dist_compiled_react-server-dom-turbopack_164kp-6._.js:2544:66)
    at reviveModel (http://localhost:3000/_next/static/chunks/node_modules_next_dist_compiled_react-server-dom-turbopack_164kp-6._.js:2547:61)
    at parseModel (http://localhost:3000/_next/static/chunks/node_modules_next_dist_compiled_react-server-dom-turbopack_164kp-6._.js:2539:16)
    at initializeModelChunk (http://localhost:3000/_next/static/chunks/node_modules_next_dist_compiled_react-server-dom-turbopack_164kp-6._.js:1100:25)
    at resolveConsoleEntry (http://localhost:3000/_next/static/chunks/node_modules_next_dist_compiled_react-server-dom-turbopack_164kp-6._.js:2069:96)
    at processFullStringRow (http://localhost:3000/_next/static/chunks/node_modules_next_dist_compiled_react-server-dom-turbopack_164kp-6._.js:2475:17)
    at processFullBinaryRow (http://localhost:3000/_next/static/chunks/node_modules_next_dist_compiled_react-server-dom-turbopack_164kp-6._.js:2415:9)
    at processBinaryChunk (http://localhost:3000/_next/static/chunks/node_modules_next_dist_compiled_react-server-dom-turbopack_164kp-6._.js:2524:221)
    at progress (http://localhost:3000/_next/static/chunks/node_modules_next_dist_compiled_react-server-dom-turbopack_164kp-6._.js:2698:20) @ http://localhost:3000/_next/static/chunks/node_modules_next_dist_1e8vcs8._.js:1052
[  247451ms] [ERROR] %c%s%c background: #e6e6e6;background: light-dark(rgba(0,0,0,0.1), rgba(255,255,255,0.25));color: #000000;color: light-dark(#000000, #ffffff);border-radius: 2px  Server   Error: MISSING_MESSAGE: Could not resolve `academic.entranceExamGeneric` in messages for locale `en`.
    at renderMatchMessage (about://React/Server/D:%5C%D0%BF%D1%80%D0%BE%D0%B5%D0%BA%D1%82%D1%8B%5CUnikchoose%5C.next%5Cdev%5Cserver%5Cchunks%5Cssr%5C%5Broot-of-the-server%5D__1622ik9._.js?65:822:12)
    at ProgrammeCard (about://React/Server/D:%5C%D0%BF%D1%80%D0%BE%D0%B5%D0%BA%D1%82%D1%8B%5CUnikchoose%5C.next%5Cdev%5Cserver%5Cchunks%5Cssr%5C%5Broot-of-the-server%5D__1622ik9._.js?70:1102:203)
    at resolveErrorDev (http://localhost:3000/_next/static/chunks/node_modules_next_dist_compiled_react-server-dom-turbopack_164kp-6._.js:1937:105)
    at getOutlinedModel (http://localhost:3000/_next/static/chunks/node_modules_next_dist_compiled_react-server-dom-turbopack_164kp-6._.js:1487:28)
    at parseModelString (http://localhost:3000/_next/static/chunks/node_modules_next_dist_compiled_react-server-dom-turbopack_164kp-6._.js:1602:50)
    at reviveModel (http://localhost:3000/_next/static/chunks/node_modules_next_dist_compiled_react-server-dom-turbopack_164kp-6._.js:2544:66)
    at parseModel (http://localhost:3000/_next/static/chunks/node_modules_next_dist_compiled_react-server-dom-turbopack_164kp-6._.js:2539:16)
    at initializeModelChunk (http://localhost:3000/_next/static/chunks/node_modules_next_dist_compiled_react-server-dom-turbopack_164kp-6._.js:1100:25)
    at getOutlinedModel (http://localhost:3000/_next/static/chunks/node_modules_next_dist_compiled_react-server-dom-turbopack_164kp-6._.js:1423:17)
    at parseModelString (http://localhost:3000/_next/static/chunks/node_modules_next_dist_compiled_react-server-dom-turbopack_164kp-6._.js:1657:50)
    at reviveModel (http://localhost:3000/_next/static/chunks/node_modules_next_dist_compiled_react-server-dom-turbopack_164kp-6._.js:2544:66)
    at reviveModel (http://localhost:3000/_next/static/chunks/node_modules_next_dist_compiled_react-server-dom-turbopack_164kp-6._.js:2547:61)
    at parseModel (http://localhost:3000/_next/static/chunks/node_modules_next_dist_compiled_react-server-dom-turbopack_164kp-6._.js:2539:16)
    at initializeModelChunk (http://localhost:3000/_next/static/chunks/node_modules_next_dist_compiled_react-server-dom-turbopack_164kp-6._.js:1100:25)
    at resolveConsoleEntry (http://localhost:3000/_next/static/chunks/node_modules_next_dist_compiled_react-server-dom-turbopack_164kp-6._.js:2069:96)
    at processFullStringRow (http://localhost:3000/_next/static/chunks/node_modules_next_dist_compiled_react-server-dom-turbopack_164kp-6._.js:2475:17)
    at processFullBinaryRow (http://localhost:3000/_next/static/chunks/node_modules_next_dist_compiled_react-server-dom-turbopack_164kp-6._.js:2415:9)
    at processBinaryChunk (http://localhost:3000/_next/static/chunks/node_modules_next_dist_compiled_react-server-dom-turbopack_164kp-6._.js:2524:221)
    at progress (http://localhost:3000/_next/static/chunks/node_modules_next_dist_compiled_react-server-dom-turbopack_164kp-6._.js:2698:20) @ http://localhost:3000/_next/static/chunks/node_modules_next_dist_1e8vcs8._.js:1052
[  247451ms] [ERROR] %c%s%c background: #e6e6e6;background: light-dark(rgba(0,0,0,0.1), rgba(255,255,255,0.25));color: #000000;color: light-dark(#000000, #ffffff);border-radius: 2px  Server   Error: MISSING_MESSAGE: Could not resolve `budget.missingBudget` in messages for locale `en`.
    at renderMatchMessage (about://React/Server/D:%5C%D0%BF%D1%80%D0%BE%D0%B5%D0%BA%D1%82%D1%8B%5CUnikchoose%5C.next%5Cdev%5Cserver%5Cchunks%5Cssr%5C%5Broot-of-the-server%5D__1622ik9._.js?65:822:12)
    at <anonymous> (about://React/Server/D:%5C%D0%BF%D1%80%D0%BE%D0%B5%D0%BA%D1%82%D1%8B%5CUnikchoose%5C.next%5Cdev%5Cserver%5Cchunks%5Cssr%5C%5Broot-of-the-server%5D__1622ik9._.js?71:1378:227)
    at Array.map (<anonymous>:1:18)
    at ProgrammeCard (about://React/Server/D:%5C%D0%BF%D1%80%D0%BE%D0%B5%D0%BA%D1%82%D1%8B%5CUnikchoose%5C.next%5Cdev%5Cserver%5Cchunks%5Cssr%5C%5Broot-of-the-server%5D__1622ik9._.js?72:1365:64)
    at resolveErrorDev (http://localhost:3000/_next/static/chunks/node_modules_next_dist_compiled_react-server-dom-turbopack_164kp-6._.js:1937:105)
    at getOutlinedModel (http://localhost:3000/_next/static/chunks/node_modules_next_dist_compiled_react-server-dom-turbopack_164kp-6._.js:1487:28)
    at parseModelString (http://localhost:3000/_next/static/chunks/node_modules_next_dist_compiled_react-server-dom-turbopack_164kp-6._.js:1602:50)
    at reviveModel (http://localhost:3000/_next/static/chunks/node_modules_next_dist_compiled_react-server-dom-turbopack_164kp-6._.js:2544:66)
    at parseModel (http://localhost:3000/_next/static/chunks/node_modules_next_dist_compiled_react-server-dom-turbopack_164kp-6._.js:2539:16)
    at initializeModelChunk (http://localhost:3000/_next/static/chunks/node_modules_next_dist_compiled_react-server-dom-turbopack_164kp-6._.js:1100:25)
    at getOutlinedModel (http://localhost:3000/_next/static/chunks/node_modules_next_dist_compiled_react-server-dom-turbopack_164kp-6._.js:1423:17)
    at parseModelString (http://localhost:3000/_next/static/chunks/node_modules_next_dist_compiled_react-server-dom-turbopack_164kp-6._.js:1657:50)
    at reviveModel (http://localhost:3000/_next/static/chunks/node_modules_next_dist_compiled_react-server-dom-turbopack_164kp-6._.js:2544:66)
    at reviveModel (http://localhost:3000/_next/static/chunks/node_modules_next_dist_compiled_react-server-dom-turbopack_164kp-6._.js:2547:61)
    at parseModel (http://localhost:3000/_next/static/chunks/node_modules_next_dist_compiled_react-server-dom-turbopack_164kp-6._.js:2539:16)
    at initializeModelChunk (http://localhost:3000/_next/static/chunks/node_modules_next_dist_compiled_react-server-dom-turbopack_164kp-6._.js:1100:25)
    at resolveConsoleEntry (http://localhost:3000/_next/static/chunks/node_modules_next_dist_compiled_react-server-dom-turbopack_164kp-6._.js:2069:96)
    at processFullStringRow (http://localhost:3000/_next/static/chunks/node_modules_next_dist_compiled_react-server-dom-turbopack_164kp-6._.js:2475:17)
    at processFullBinaryRow (http://localhost:3000/_next/static/chunks/node_modules_next_dist_compiled_react-server-dom-turbopack_164kp-6._.js:2415:9)
    at processBinaryChunk (http://localhost:3000/_next/static/chunks/node_modules_next_dist_compiled_react-server-dom-turbopack_164kp-6._.js:2524:221)
    at progress (http://localhost:3000/_next/static/chunks/node_modules_next_dist_compiled_react-server-dom-turbopack_164kp-6._.js:2698:20) @ http://localhost:3000/_next/static/chunks/node_modules_next_dist_1e8vcs8._.js:1052
[  247451ms] [ERROR] %c%s%c background: #e6e6e6;background: light-dark(rgba(0,0,0,0.1), rgba(255,255,255,0.25));color: #000000;color: light-dark(#000000, #ffffff);border-radius: 2px  Server   Error: MISSING_MESSAGE: Could not resolve `language.addTestScore` in messages for locale `en`.
    at renderMatchMessage (about://React/Server/D:%5C%D0%BF%D1%80%D0%BE%D0%B5%D0%BA%D1%82%D1%8B%5CUnikchoose%5C.next%5Cdev%5Cserver%5Cchunks%5Cssr%5C%5Broot-of-the-server%5D__1622ik9._.js?65:822:12)
    at <anonymous> (about://React/Server/D:%5C%D0%BF%D1%80%D0%BE%D0%B5%D0%BA%D1%82%D1%8B%5CUnikchoose%5C.next%5Cdev%5Cserver%5Cchunks%5Cssr%5C%5Broot-of-the-server%5D__1622ik9._.js?71:1378:227)
    at Array.map (<anonymous>:1:18)
    at ProgrammeCard (about://React/Server/D:%5C%D0%BF%D1%80%D0%BE%D0%B5%D0%BA%D1%82%D1%8B%5CUnikchoose%5C.next%5Cdev%5Cserver%5Cchunks%5Cssr%5C%5Broot-of-the-server%5D__1622ik9._.js?72:1365:64)
    at resolveErrorDev (http://localhost:3000/_next/static/chunks/node_modules_next_dist_compiled_react-server-dom-turbopack_164kp-6._.js:1937:105)
    at getOutlinedModel (http://localhost:3000/_next/static/chunks/node_modules_next_dist_compiled_react-server-dom-turbopack_164kp-6._.js:1487:28)
    at parseModelString (http://localhost:3000/_next/static/chunks/node_modules_next_dist_compiled_react-server-dom-turbopack_164kp-6._.js:1602:50)
    at reviveModel (http://localhost:3000/_next/static/chunks/node_modules_next_dist_compiled_react-server-dom-turbopack_164kp-6._.js:2544:66)
    at parseModel (http://localhost:3000/_next/static/chunks/node_modules_next_dist_compiled_react-server-dom-turbopack_164kp-6._.js:2539:16)
    at initializeModelChunk (http://localhost:3000/_next/static/chunks/node_modules_next_dist_compiled_react-server-dom-turbopack_164kp-6._.js:1100:25)
    at getOutlinedModel (http://localhost:3000/_next/static/chunks/node_modules_next_dist_compiled_react-server-dom-turbopack_164kp-6._.js:1423:17)
    at parseModelString (http://localhost:3000/_next/static/chunks/node_modules_next_dist_compiled_react-server-dom-turbopack_164kp-6._.js:1657:50)
    at reviveModel (http://localhost:3000/_next/static/chunks/node_modules_next_dist_compiled_react-server-dom-turbopack_164kp-6._.js:2544:66)
    at reviveModel (http://localhost:3000/_next/static/chunks/node_modules_next_dist_compiled_react-server-dom-turbopack_164kp-6._.js:2547:61)
    at parseModel (http://localhost:3000/_next/static/chunks/node_modules_next_dist_compiled_react-server-dom-turbopack_164kp-6._.js:2539:16)
    at initializeModelChunk (http://localhost:3000/_next/static/chunks/node_modules_next_dist_compiled_react-server-dom-turbopack_164kp-6._.js:1100:25)
    at resolveConsoleEntry (http://localhost:3000/_next/static/chunks/node_modules_next_dist_compiled_react-server-dom-turbopack_164kp-6._.js:2069:96)
    at processFullStringRow (http://localhost:3000/_next/static/chunks/node_modules_next_dist_compiled_react-server-dom-turbopack_164kp-6._.js:2475:17)
    at processFullBinaryRow (http://localhost:3000/_next/static/chunks/node_modules_next_dist_compiled_react-server-dom-turbopack_164kp-6._.js:2415:9)
    at processBinaryChunk (http://localhost:3000/_next/static/chunks/node_modules_next_dist_compiled_react-server-dom-turbopack_164kp-6._.js:2524:221)
    at progress (http://localhost:3000/_next/static/chunks/node_modules_next_dist_compiled_react-server-dom-turbopack_164kp-6._.js:2698:20) @ http://localhost:3000/_next/static/chunks/node_modules_next_dist_1e8vcs8._.js:1052
[  247451ms] [ERROR] %c%s%c background: #e6e6e6;background: light-dark(rgba(0,0,0,0.1), rgba(255,255,255,0.25));color: #000000;color: light-dark(#000000, #ffffff);border-radius: 2px  Server   Error: MISSING_MESSAGE: Could not resolve `location.missingLocationPreference` in messages for locale `en`.
    at renderMatchMessage (about://React/Server/D:%5C%D0%BF%D1%80%D0%BE%D0%B5%D0%BA%D1%82%D1%8B%5CUnikchoose%5C.next%5Cdev%5Cserver%5Cchunks%5Cssr%5C%5Broot-of-the-server%5D__1622ik9._.js?65:822:12)
    at <anonymous> (about://React/Server/D:%5C%D0%BF%D1%80%D0%BE%D0%B5%D0%BA%D1%82%D1%8B%5CUnikchoose%5C.next%5Cdev%5Cserver%5Cchunks%5Cssr%5C%5Broot-of-the-server%5D__1622ik9._.js?71:1378:227)
    at Array.map (<anonymous>:1:18)
    at ProgrammeCard (about://React/Server/D:%5C%D0%BF%D1%80%D0%BE%D0%B5%D0%BA%D1%82%D1%8B%5CUnikchoose%5C.next%5Cdev%5Cserver%5Cchunks%5Cssr%5C%5Broot-of-the-server%5D__1622ik9._.js?72:1365:64)
    at resolveErrorDev (http://localhost:3000/_next/static/chunks/node_modules_next_dist_compiled_react-server-dom-turbopack_164kp-6._.js:1937:105)
    at getOutlinedModel (http://localhost:3000/_next/static/chunks/node_modules_next_dist_compiled_react-server-dom-turbopack_164kp-6._.js:1487:28)
    at parseModelString (http://localhost:3000/_next/static/chunks/node_modules_next_dist_compiled_react-server-dom-turbopack_164kp-6._.js:1602:50)
    at reviveModel (http://localhost:3000/_next/static/chunks/node_modules_next_dist_compiled_react-server-dom-turbopack_164kp-6._.js:2544:66)
    at parseModel (http://localhost:3000/_next/static/chunks/node_modules_next_dist_compiled_react-server-dom-turbopack_164kp-6._.js:2539:16)
    at initializeModelChunk (http://localhost:3000/_next/static/chunks/node_modules_next_dist_compiled_react-server-dom-turbopack_164kp-6._.js:1100:25)
    at getOutlinedModel (http://localhost:3000/_next/static/chunks/node_modules_next_dist_compiled_react-server-dom-turbopack_164kp-6._.js:1423:17)
    at parseModelString (http://localhost:3000/_next/static/chunks/node_modules_next_dist_compiled_react-server-dom-turbopack_164kp-6._.js:1657:50)
    at reviveModel (http://localhost:3000/_next/static/chunks/node_modules_next_dist_compiled_react-server-dom-turbopack_164kp-6._.js:2544:66)
    at reviveModel (http://localhost:3000/_next/static/chunks/node_modules_next_dist_compiled_react-server-dom-turbopack_164kp-6._.js:2547:61)
    at parseModel (http://localhost:3000/_next/static/chunks/node_modules_next_dist_compiled_react-server-dom-turbopack_164kp-6._.js:2539:16)
    at initializeModelChunk (http://localhost:3000/_next/static/chunks/node_modules_next_dist_compiled_react-server-dom-turbopack_164kp-6._.js:1100:25)
    at resolveConsoleEntry (http://localhost:3000/_next/static/chunks/node_modules_next_dist_compiled_react-server-dom-turbopack_164kp-6._.js:2069:96)
    at processFullStringRow (http://localhost:3000/_next/static/chunks/node_modules_next_dist_compiled_react-server-dom-turbopack_164kp-6._.js:2475:17)
    at processFullBinaryRow (http://localhost:3000/_next/static/chunks/node_modules_next_dist_compiled_react-server-dom-turbopack_164kp-6._.js:2415:9)
    at processBinaryChunk (http://localhost:3000/_next/static/chunks/node_modules_next_dist_compiled_react-server-dom-turbopack_164kp-6._.js:2524:221)
    at progress (http://localhost:3000/_next/static/chunks/node_modules_next_dist_compiled_react-server-dom-turbopack_164kp-6._.js:2698:20) @ http://localhost:3000/_next/static/chunks/node_modules_next_dist_1e8vcs8._.js:1052
[  247452ms] [ERROR] %c%s%c background: #e6e6e6;background: light-dark(rgba(0,0,0,0.1), rgba(255,255,255,0.25));color: #000000;color: light-dark(#000000, #ffffff);border-radius: 2px  Server   Error: MISSING_MESSAGE: Could not resolve `admission.entranceExamRequired` in messages for locale `en`.
    at renderMatchMessage (about://React/Server/D:%5C%D0%BF%D1%80%D0%BE%D0%B5%D0%BA%D1%82%D1%8B%5CUnikchoose%5C.next%5Cdev%5Cserver%5Cchunks%5Cssr%5C%5Broot-of-the-server%5D__1622ik9._.js?65:822:12)
    at <anonymous> (about://React/Server/D:%5C%D0%BF%D1%80%D0%BE%D0%B5%D0%BA%D1%82%D1%8B%5CUnikchoose%5C.next%5Cdev%5Cserver%5Cchunks%5Cssr%5C%5Broot-of-the-server%5D__1622ik9._.js?71:1378:227)
    at Array.map (<anonymous>:1:18)
    at ProgrammeCard (about://React/Server/D:%5C%D0%BF%D1%80%D0%BE%D0%B5%D0%BA%D1%82%D1%8B%5CUnikchoose%5C.next%5Cdev%5Cserver%5Cchunks%5Cssr%5C%5Broot-of-the-server%5D__1622ik9._.js?72:1365:64)
    at resolveErrorDev (http://localhost:3000/_next/static/chunks/node_modules_next_dist_compiled_react-server-dom-turbopack_164kp-6._.js:1937:105)
    at getOutlinedModel (http://localhost:3000/_next/static/chunks/node_modules_next_dist_compiled_react-server-dom-turbopack_164kp-6._.js:1487:28)
    at parseModelString (http://localhost:3000/_next/static/chunks/node_modules_next_dist_compiled_react-server-dom-turbopack_164kp-6._.js:1602:50)
    at reviveModel (http://localhost:3000/_next/static/chunks/node_modules_next_dist_compiled_react-server-dom-turbopack_164kp-6._.js:2544:66)
    at parseModel (http://localhost:3000/_next/static/chunks/node_modules_next_dist_compiled_react-server-dom-turbopack_164kp-6._.js:2539:16)
    at initializeModelChunk (http://localhost:3000/_next/static/chunks/node_modules_next_dist_compiled_react-server-dom-turbopack_164kp-6._.js:1100:25)
    at getOutlinedModel (http://localhost:3000/_next/static/chunks/node_modules_next_dist_compiled_react-server-dom-turbopack_164kp-6._.js:1423:17)
    at parseModelString (http://localhost:3000/_next/static/chunks/node_modules_next_dist_compiled_react-server-dom-turbopack_164kp-6._.js:1657:50)
    at reviveModel (http://localhost:3000/_next/static/chunks/node_modules_next_dist_compiled_react-server-dom-turbopack_164kp-6._.js:2544:66)
    at reviveModel (http://localhost:3000/_next/static/chunks/node_modules_next_dist_compiled_react-server-dom-turbopack_164kp-6._.js:2547:61)
    at parseModel (http://localhost:3000/_next/static/chunks/node_modules_next_dist_compiled_react-server-dom-turbopack_164kp-6._.js:2539:16)
    at initializeModelChunk (http://localhost:3000/_next/static/chunks/node_modules_next_dist_compiled_react-server-dom-turbopack_164kp-6._.js:1100:25)
    at resolveConsoleEntry (http://localhost:3000/_next/static/chunks/node_modules_next_dist_compiled_react-server-dom-turbopack_164kp-6._.js:2069:96)
    at processFullStringRow (http://localhost:3000/_next/static/chunks/node_modules_next_dist_compiled_react-server-dom-turbopack_164kp-6._.js:2475:17)
    at processFullBinaryRow (http://localhost:3000/_next/static/chunks/node_modules_next_dist_compiled_react-server-dom-turbopack_164kp-6._.js:2415:9)
    at processBinaryChunk (http://localhost:3000/_next/static/chunks/node_modules_next_dist_compiled_react-server-dom-turbopack_164kp-6._.js:2524:221)
    at progress (http://localhost:3000/_next/static/chunks/node_modules_next_dist_compiled_react-server-dom-turbopack_164kp-6._.js:2698:20) @ http://localhost:3000/_next/static/chunks/node_modules_next_dist_1e8vcs8._.js:1052
[  247452ms] [ERROR] %c%s%c background: #e6e6e6;background: light-dark(rgba(0,0,0,0.1), rgba(255,255,255,0.25));color: #000000;color: light-dark(#000000, #ffffff);border-radius: 2px  Server   Error: MISSING_MESSAGE: Could not resolve `career.missingData` in messages for locale `en`.
    at renderMatchMessage (about://React/Server/D:%5C%D0%BF%D1%80%D0%BE%D0%B5%D0%BA%D1%82%D1%8B%5CUnikchoose%5C.next%5Cdev%5Cserver%5Cchunks%5Cssr%5C%5Broot-of-the-server%5D__1622ik9._.js?65:822:12)
    at <anonymous> (about://React/Server/D:%5C%D0%BF%D1%80%D0%BE%D0%B5%D0%BA%D1%82%D1%8B%5CUnikchoose%5C.next%5Cdev%5Cserver%5Cchunks%5Cssr%5C%5Broot-of-the-server%5D__1622ik9._.js?71:1378:227)
    at Array.map (<anonymous>:1:18)
    at ProgrammeCard (about://React/Server/D:%5C%D0%BF%D1%80%D0%BE%D0%B5%D0%BA%D1%82%D1%8B%5CUnikchoose%5C.next%5Cdev%5Cserver%5Cchunks%5Cssr%5C%5Broot-of-the-server%5D__1622ik9._.js?72:1365:64)
    at resolveErrorDev (http://localhost:3000/_next/static/chunks/node_modules_next_dist_compiled_react-server-dom-turbopack_164kp-6._.js:1937:105)
    at getOutlinedModel (http://localhost:3000/_next/static/chunks/node_modules_next_dist_compiled_react-server-dom-turbopack_164kp-6._.js:1487:28)
    at parseModelString (http://localhost:3000/_next/static/chunks/node_modules_next_dist_compiled_react-server-dom-turbopack_164kp-6._.js:1602:50)
    at reviveModel (http://localhost:3000/_next/static/chunks/node_modules_next_dist_compiled_react-server-dom-turbopack_164kp-6._.js:2544:66)
    at parseModel (http://localhost:3000/_next/static/chunks/node_modules_next_dist_compiled_react-server-dom-turbopack_164kp-6._.js:2539:16)
    at initializeModelChunk (http://localhost:3000/_next/static/chunks/node_modules_next_dist_compiled_react-server-dom-turbopack_164kp-6._.js:1100:25)
    at getOutlinedModel (http://localhost:3000/_next/static/chunks/node_modules_next_dist_compiled_react-server-dom-turbopack_164kp-6._.js:1423:17)
    at parseModelString (http://localhost:3000/_next/static/chunks/node_modules_next_dist_compiled_react-server-dom-turbopack_164kp-6._.js:1657:50)
    at reviveModel (http://localhost:3000/_next/static/chunks/node_modules_next_dist_compiled_react-server-dom-turbopack_164kp-6._.js:2544:66)
    at reviveModel (http://localhost:3000/_next/static/chunks/node_modules_next_dist_compiled_react-server-dom-turbopack_164kp-6._.js:2547:61)
    at parseModel (http://localhost:3000/_next/static/chunks/node_modules_next_dist_compiled_react-server-dom-turbopack_164kp-6._.js:2539:16)
    at initializeModelChunk (http://localhost:3000/_next/static/chunks/node_modules_next_dist_compiled_react-server-dom-turbopack_164kp-6._.js:1100:25)
    at resolveConsoleEntry (http://localhost:3000/_next/static/chunks/node_modules_next_dist_compiled_react-server-dom-turbopack_164kp-6._.js:2069:96)
    at processFullStringRow (http://localhost:3000/_next/static/chunks/node_modules_next_dist_compiled_react-server-dom-turbopack_164kp-6._.js:2475:17)
    at processFullBinaryRow (http://localhost:3000/_next/static/chunks/node_modules_next_dist_compiled_react-server-dom-turbopack_164kp-6._.js:2415:9)
    at processBinaryChunk (http://localhost:3000/_next/static/chunks/node_modules_next_dist_compiled_react-server-dom-turbopack_164kp-6._.js:2524:221)
    at progress (http://localhost:3000/_next/static/chunks/node_modules_next_dist_compiled_react-server-dom-turbopack_164kp-6._.js:2698:20) @ http://localhost:3000/_next/static/chunks/node_modules_next_dist_1e8vcs8._.js:1052
[  247452ms] [ERROR] %c%s%c background: #e6e6e6;background: light-dark(rgba(0,0,0,0.1), rgba(255,255,255,0.25));color: #000000;color: light-dark(#000000, #ffffff);border-radius: 2px  Server   Error: MISSING_MESSAGE: Could not resolve `format.missingData` in messages for locale `en`.
    at renderMatchMessage (about://React/Server/D:%5C%D0%BF%D1%80%D0%BE%D0%B5%D0%BA%D1%82%D1%8B%5CUnikchoose%5C.next%5Cdev%5Cserver%5Cchunks%5Cssr%5C%5Broot-of-the-server%5D__1622ik9._.js?65:822:12)
    at <anonymous> (about://React/Server/D:%5C%D0%BF%D1%80%D0%BE%D0%B5%D0%BA%D1%82%D1%8B%5CUnikchoose%5C.next%5Cdev%5Cserver%5Cchunks%5Cssr%5C%5Broot-of-the-server%5D__1622ik9._.js?71:1378:227)
    at Array.map (<anonymous>:1:18)
    at ProgrammeCard (about://React/Server/D:%5C%D0%BF%D1%80%D0%BE%D0%B5%D0%BA%D1%82%D1%8B%5CUnikchoose%5C.next%5Cdev%5Cserver%5Cchunks%5Cssr%5C%5Broot-of-the-server%5D__1622ik9._.js?72:1365:64)
    at resolveErrorDev (http://localhost:3000/_next/static/chunks/node_modules_next_dist_compiled_react-server-dom-turbopack_164kp-6._.js:1937:105)
    at getOutlinedModel (http://localhost:3000/_next/static/chunks/node_modules_next_dist_compiled_react-server-dom-turbopack_164kp-6._.js:1487:28)
    at parseModelString (http://localhost:3000/_next/static/chunks/node_modules_next_dist_compiled_react-server-dom-turbopack_164kp-6._.js:1602:50)
    at reviveModel (http://localhost:3000/_next/static/chunks/node_modules_next_dist_compiled_react-server-dom-turbopack_164kp-6._.js:2544:66)
    at parseModel (http://localhost:3000/_next/static/chunks/node_modules_next_dist_compiled_react-server-dom-turbopack_164kp-6._.js:2539:16)
    at initializeModelChunk (http://localhost:3000/_next/static/chunks/node_modules_next_dist_compiled_react-server-dom-turbopack_164kp-6._.js:1100:25)
    at getOutlinedModel (http://localhost:3000/_next/static/chunks/node_modules_next_dist_compiled_react-server-dom-turbopack_164kp-6._.js:1423:17)
    at parseModelString (http://localhost:3000/_next/static/chunks/node_modules_next_dist_compiled_react-server-dom-turbopack_164kp-6._.js:1657:50)
    at reviveModel (http://localhost:3000/_next/static/chunks/node_modules_next_dist_compiled_react-server-dom-turbopack_164kp-6._.js:2544:66)
    at reviveModel (http://localhost:3000/_next/static/chunks/node_modules_next_dist_compiled_react-server-dom-turbopack_164kp-6._.js:2547:61)
    at parseModel (http://localhost:3000/_next/static/chunks/node_modules_next_dist_compiled_react-server-dom-turbopack_164kp-6._.js:2539:16)
    at initializeModelChunk (http://localhost:3000/_next/static/chunks/node_modules_next_dist_compiled_react-server-dom-turbopack_164kp-6._.js:1100:25)
    at resolveConsoleEntry (http://localhost:3000/_next/static/chunks/node_modules_next_dist_compiled_react-server-dom-turbopack_164kp-6._.js:2069:96)
    at processFullStringRow (http://localhost:3000/_next/static/chunks/node_modules_next_dist_compiled_react-server-dom-turbopack_164kp-6._.js:2475:17)
    at processFullBinaryRow (http://localhost:3000/_next/static/chunks/node_modules_next_dist_compiled_react-server-dom-turbopack_164kp-6._.js:2415:9)
    at processBinaryChunk (http://localhost:3000/_next/static/chunks/node_modules_next_dist_compiled_react-server-dom-turbopack_164kp-6._.js:2524:221)
    at progress (http://localhost:3000/_next/static/chunks/node_modules_next_dist_compiled_react-server-dom-turbopack_164kp-6._.js:2698:20) @ http://localhost:3000/_next/static/chunks/node_modules_next_dist_1e8vcs8._.js:1052
[  247452ms] [ERROR] %c%s%c background: #e6e6e6;background: light-dark(rgba(0,0,0,0.1), rgba(255,255,255,0.25));color: #000000;color: light-dark(#000000, #ffffff);border-radius: 2px  Server   Error: MISSING_MESSAGE: Could not resolve `lifestyle.missingData` in messages for locale `en`.
    at renderMatchMessage (about://React/Server/D:%5C%D0%BF%D1%80%D0%BE%D0%B5%D0%BA%D1%82%D1%8B%5CUnikchoose%5C.next%5Cdev%5Cserver%5Cchunks%5Cssr%5C%5Broot-of-the-server%5D__1622ik9._.js?65:822:12)
    at <anonymous> (about://React/Server/D:%5C%D0%BF%D1%80%D0%BE%D0%B5%D0%BA%D1%82%D1%8B%5CUnikchoose%5C.next%5Cdev%5Cserver%5Cchunks%5Cssr%5C%5Broot-of-the-server%5D__1622ik9._.js?71:1378:227)
    at Array.map (<anonymous>:1:18)
    at ProgrammeCard (about://React/Server/D:%5C%D0%BF%D1%80%D0%BE%D0%B5%D0%BA%D1%82%D1%8B%5CUnikchoose%5C.next%5Cdev%5Cserver%5Cchunks%5Cssr%5C%5Broot-of-the-server%5D__1622ik9._.js?72:1365:64)
    at resolveErrorDev (http://localhost:3000/_next/static/chunks/node_modules_next_dist_compiled_react-server-dom-turbopack_164kp-6._.js:1937:105)
    at getOutlinedModel (http://localhost:3000/_next/static/chunks/node_modules_next_dist_compiled_react-server-dom-turbopack_164kp-6._.js:1487:28)
    at parseModelString (http://localhost:3000/_next/static/chunks/node_modules_next_dist_compiled_react-server-dom-turbopack_164kp-6._.js:1602:50)
    at reviveModel (http://localhost:3000/_next/static/chunks/node_modules_next_dist_compiled_react-server-dom-turbopack_164kp-6._.js:2544:66)
    at parseModel (http://localhost:3000/_next/static/chunks/node_modules_next_dist_compiled_react-server-dom-turbopack_164kp-6._.js:2539:16)
    at initializeModelChunk (http://localhost:3000/_next/static/chunks/node_modules_next_dist_compiled_react-server-dom-turbopack_164kp-6._.js:1100:25)
    at getOutlinedModel (http://localhost:3000/_next/static/chunks/node_modules_next_dist_compiled_react-server-dom-turbopack_164kp-6._.js:1423:17)
    at parseModelString (http://localhost:3000/_next/static/chunks/node_modules_next_dist_compiled_react-server-dom-turbopack_164kp-6._.js:1657:50)
    at reviveModel (http://localhost:3000/_next/static/chunks/node_modules_next_dist_compiled_react-server-dom-turbopack_164kp-6._.js:2544:66)
    at reviveModel (http://localhost:3000/_next/static/chunks/node_modules_next_dist_compiled_react-server-dom-turbopack_164kp-6._.js:2547:61)
    at parseModel (http://localhost:3000/_next/static/chunks/node_modules_next_dist_compiled_react-server-dom-turbopack_164kp-6._.js:2539:16)
    at initializeModelChunk (http://localhost:3000/_next/static/chunks/node_modules_next_dist_compiled_react-server-dom-turbopack_164kp-6._.js:1100:25)
    at resolveConsoleEntry (http://localhost:3000/_next/static/chunks/node_modules_next_dist_compiled_react-server-dom-turbopack_164kp-6._.js:2069:96)
    at processFullStringRow (http://localhost:3000/_next/static/chunks/node_modules_next_dist_compiled_react-server-dom-turbopack_164kp-6._.js:2475:17)
    at processFullBinaryRow (http://localhost:3000/_next/static/chunks/node_modules_next_dist_compiled_react-server-dom-turbopack_164kp-6._.js:2415:9)
    at processBinaryChunk (http://localhost:3000/_next/static/chunks/node_modules_next_dist_compiled_react-server-dom-turbopack_164kp-6._.js:2524:221)
    at progress (http://localhost:3000/_next/static/chunks/node_modules_next_dist_compiled_react-server-dom-turbopack_164kp-6._.js:2698:20) @ http://localhost:3000/_next/static/chunks/node_modules_next_dist_1e8vcs8._.js:1052
[  247452ms] [ERROR] %c%s%c background: #e6e6e6;background: light-dark(rgba(0,0,0,0.1), rgba(255,255,255,0.25));color: #000000;color: light-dark(#000000, #ffffff);border-radius: 2px  Server   Error: MISSING_MESSAGE: Could not resolve `language.matchesPreferredLanguage` in messages for locale `en`.
    at renderMatchMessage (about://React/Server/D:%5C%D0%BF%D1%80%D0%BE%D0%B5%D0%BA%D1%82%D1%8B%5CUnikchoose%5C.next%5Cdev%5Cserver%5Cchunks%5Cssr%5C%5Broot-of-the-server%5D__1622ik9._.js?65:822:12)
    at <anonymous> (about://React/Server/D:%5C%D0%BF%D1%80%D0%BE%D0%B5%D0%BA%D1%82%D1%8B%5CUnikchoose%5C.next%5Cdev%5Cserver%5Cchunks%5Cssr%5C%5Broot-of-the-server%5D__1622ik9._.js?66:1056:211)
    at Array.map (<anonymous>:1:18)
    at ProgrammeCard (about://React/Server/D:%5C%D0%BF%D1%80%D0%BE%D0%B5%D0%BA%D1%82%D1%8B%5CUnikchoose%5C.next%5Cdev%5Cserver%5Cchunks%5Cssr%5C%5Broot-of-the-server%5D__1622ik9._.js?67:1043:50)
    at resolveErrorDev (http://localhost:3000/_next/static/chunks/node_modules_next_dist_compiled_react-server-dom-turbopack_164kp-6._.js:1937:105)
    at getOutlinedModel (http://localhost:3000/_next/static/chunks/node_modules_next_dist_compiled_react-server-dom-turbopack_164kp-6._.js:1487:28)
    at parseModelString (http://localhost:3000/_next/static/chunks/node_modules_next_dist_compiled_react-server-dom-turbopack_164kp-6._.js:1602:50)
    at reviveModel (http://localhost:3000/_next/static/chunks/node_modules_next_dist_compiled_react-server-dom-turbopack_164kp-6._.js:2544:66)
    at parseModel (http://localhost:3000/_next/static/chunks/node_modules_next_dist_compiled_react-server-dom-turbopack_164kp-6._.js:2539:16)
    at initializeModelChunk (http://localhost:3000/_next/static/chunks/node_modules_next_dist_compiled_react-server-dom-turbopack_164kp-6._.js:1100:25)
    at getOutlinedModel (http://localhost:3000/_next/static/chunks/node_modules_next_dist_compiled_react-server-dom-turbopack_164kp-6._.js:1423:17)
    at parseModelString (http://localhost:3000/_next/static/chunks/node_modules_next_dist_compiled_react-server-dom-turbopack_164kp-6._.js:1657:50)
    at reviveModel (http://localhost:3000/_next/static/chunks/node_modules_next_dist_compiled_react-server-dom-turbopack_164kp-6._.js:2544:66)
    at reviveModel (http://localhost:3000/_next/static/chunks/node_modules_next_dist_compiled_react-server-dom-turbopack_164kp-6._.js:2547:61)
    at parseModel (http://localhost:3000/_next/static/chunks/node_modules_next_dist_compiled_react-server-dom-turbopack_164kp-6._.js:2539:16)
    at initializeModelChunk (http://localhost:3000/_next/static/chunks/node_modules_next_dist_compiled_react-server-dom-turbopack_164kp-6._.js:1100:25)
    at resolveConsoleEntry (http://localhost:3000/_next/static/chunks/node_modules_next_dist_compiled_react-server-dom-turbopack_164kp-6._.js:2069:96)
    at processFullStringRow (http://localhost:3000/_next/static/chunks/node_modules_next_dist_compiled_react-server-dom-turbopack_164kp-6._.js:2475:17)
    at processFullBinaryRow (http://localhost:3000/_next/static/chunks/node_modules_next_dist_compiled_react-server-dom-turbopack_164kp-6._.js:2415:9)
    at processBinaryChunk (http://localhost:3000/_next/static/chunks/node_modules_next_dist_compiled_react-server-dom-turbopack_164kp-6._.js:2524:221)
    at progress (http://localhost:3000/_next/static/chunks/node_modules_next_dist_compiled_react-server-dom-turbopack_164kp-6._.js:2698:20) @ http://localhost:3000/_next/static/chunks/node_modules_next_dist_1e8vcs8._.js:1052
[  247452ms] [ERROR] %c%s%c background: #e6e6e6;background: light-dark(rgba(0,0,0,0.1), rgba(255,255,255,0.25));color: #000000;color: light-dark(#000000, #ffffff);border-radius: 2px  Server   Error: MISSING_MESSAGE: Could not resolve `support.internationalOffice` in messages for locale `en`.
    at renderMatchMessage (about://React/Server/D:%5C%D0%BF%D1%80%D0%BE%D0%B5%D0%BA%D1%82%D1%8B%5CUnikchoose%5C.next%5Cdev%5Cserver%5Cchunks%5Cssr%5C%5Broot-of-the-server%5D__1622ik9._.js?65:822:12)
    at <anonymous> (about://React/Server/D:%5C%D0%BF%D1%80%D0%BE%D0%B5%D0%BA%D1%82%D1%8B%5CUnikchoose%5C.next%5Cdev%5Cserver%5Cchunks%5Cssr%5C%5Broot-of-the-server%5D__1622ik9._.js?66:1056:211)
    at Array.map (<anonymous>:1:18)
    at ProgrammeCard (about://React/Server/D:%5C%D0%BF%D1%80%D0%BE%D0%B5%D0%BA%D1%82%D1%8B%5CUnikchoose%5C.next%5Cdev%5Cserver%5Cchunks%5Cssr%5C%5Broot-of-the-server%5D__1622ik9._.js?67:1043:50)
    at resolveErrorDev (http://localhost:3000/_next/static/chunks/node_modules_next_dist_compiled_react-server-dom-turbopack_164kp-6._.js:1937:105)
    at getOutlinedModel (http://localhost:3000/_next/static/chunks/node_modules_next_dist_compiled_react-server-dom-turbopack_164kp-6._.js:1487:28)
    at parseModelString (http://localhost:3000/_next/static/chunks/node_modules_next_dist_compiled_react-server-dom-turbopack_164kp-6._.js:1602:50)
    at reviveModel (http://localhost:3000/_next/static/chunks/node_modules_next_dist_compiled_react-server-dom-turbopack_164kp-6._.js:2544:66)
    at parseModel (http://localhost:3000/_next/static/chunks/node_modules_next_dist_compiled_react-server-dom-turbopack_164kp-6._.js:2539:16)
    at initializeModelChunk (http://localhost:3000/_next/static/chunks/node_modules_next_dist_compiled_react-server-dom-turbopack_164kp-6._.js:1100:25)
    at getOutlinedModel (http://localhost:3000/_next/static/chunks/node_modules_next_dist_compiled_react-server-dom-turbopack_164kp-6._.js:1423:17)
    at parseModelString (http://localhost:3000/_next/static/chunks/node_modules_next_dist_compiled_react-server-dom-turbopack_164kp-6._.js:1657:50)
    at reviveModel (http://localhost:3000/_next/static/chunks/node_modules_next_dist_compiled_react-server-dom-turbopack_164kp-6._.js:2544:66)
    at reviveModel (http://localhost:3000/_next/static/chunks/node_modules_next_dist_compiled_react-server-dom-turbopack_164kp-6._.js:2547:61)
    at parseModel (http://localhost:3000/_next/static/chunks/node_modules_next_dist_compiled_react-server-dom-turbopack_164kp-6._.js:2539:16)
    at initializeModelChunk (http://localhost:3000/_next/static/chunks/node_modules_next_dist_compiled_react-server-dom-turbopack_164kp-6._.js:1100:25)
    at resolveConsoleEntry (http://localhost:3000/_next/static/chunks/node_modules_next_dist_compiled_react-server-dom-turbopack_164kp-6._.js:2069:96)
    at processFullStringRow (http://localhost:3000/_next/static/chunks/node_modules_next_dist_compiled_react-server-dom-turbopack_164kp-6._.js:2475:17)
    at processFullBinaryRow (http://localhost:3000/_next/static/chunks/node_modules_next_dist_compiled_react-server-dom-turbopack_164kp-6._.js:2415:9)
    at processBinaryChunk (http://localhost:3000/_next/static/chunks/node_modules_next_dist_compiled_react-server-dom-turbopack_164kp-6._.js:2524:221)
    at progress (http://localhost:3000/_next/static/chunks/node_modules_next_dist_compiled_react-server-dom-turbopack_164kp-6._.js:2698:20) @ http://localhost:3000/_next/static/chunks/node_modules_next_dist_1e8vcs8._.js:1052
[  247452ms] [ERROR] %c%s%c background: #e6e6e6;background: light-dark(rgba(0,0,0,0.1), rgba(255,255,255,0.25));color: #000000;color: light-dark(#000000, #ffffff);border-radius: 2px  Server   Error: MISSING_MESSAGE: Could not resolve `support.erasmus` in messages for locale `en`.
    at renderMatchMessage (about://React/Server/D:%5C%D0%BF%D1%80%D0%BE%D0%B5%D0%BA%D1%82%D1%8B%5CUnikchoose%5C.next%5Cdev%5Cserver%5Cchunks%5Cssr%5C%5Broot-of-the-server%5D__1622ik9._.js?65:822:12)
    at <anonymous> (about://React/Server/D:%5C%D0%BF%D1%80%D0%BE%D0%B5%D0%BA%D1%82%D1%8B%5CUnikchoose%5C.next%5Cdev%5Cserver%5Cchunks%5Cssr%5C%5Broot-of-the-server%5D__1622ik9._.js?66:1056:211)
    at Array.map (<anonymous>:1:18)
    at ProgrammeCard (about://React/Server/D:%5C%D0%BF%D1%80%D0%BE%D0%B5%D0%BA%D1%82%D1%8B%5CUnikchoose%5C.next%5Cdev%5Cserver%5Cchunks%5Cssr%5C%5Broot-of-the-server%5D__1622ik9._.js?67:1043:50)
    at resolveErrorDev (http://localhost:3000/_next/static/chunks/node_modules_next_dist_compiled_react-server-dom-turbopack_164kp-6._.js:1937:105)
    at getOutlinedModel (http://localhost:3000/_next/static/chunks/node_modules_next_dist_compiled_react-server-dom-turbopack_164kp-6._.js:1487:28)
    at parseModelString (http://localhost:3000/_next/static/chunks/node_modules_next_dist_compiled_react-server-dom-turbopack_164kp-6._.js:1602:50)
    at reviveModel (http://localhost:3000/_next/static/chunks/node_modules_next_dist_compiled_react-server-dom-turbopack_164kp-6._.js:2544:66)
    at parseModel (http://localhost:3000/_next/static/chunks/node_modules_next_dist_compiled_react-server-dom-turbopack_164kp-6._.js:2539:16)
    at initializeModelChunk (http://localhost:3000/_next/static/chunks/node_modules_next_dist_compiled_react-server-dom-turbopack_164kp-6._.js:1100:25)
    at getOutlinedModel (http://localhost:3000/_next/static/chunks/node_modules_next_dist_compiled_react-server-dom-turbopack_164kp-6._.js:1423:17)
    at parseModelString (http://localhost:3000/_next/static/chunks/node_modules_next_dist_compiled_react-server-dom-turbopack_164kp-6._.js:1657:50)
    at reviveModel (http://localhost:3000/_next/static/chunks/node_modules_next_dist_compiled_react-server-dom-turbopack_164kp-6._.js:2544:66)
    at reviveModel (http://localhost:3000/_next/static/chunks/node_modules_next_dist_compiled_react-server-dom-turbopack_164kp-6._.js:2547:61)
    at parseModel (http://localhost:3000/_next/static/chunks/node_modules_next_dist_compiled_react-server-dom-turbopack_164kp-6._.js:2539:16)
    at initializeModelChunk (http://localhost:3000/_next/static/chunks/node_modules_next_dist_compiled_react-server-dom-turbopack_164kp-6._.js:1100:25)
    at resolveConsoleEntry (http://localhost:3000/_next/static/chunks/node_modules_next_dist_compiled_react-server-dom-turbopack_164kp-6._.js:2069:96)
    at processFullStringRow (http://localhost:3000/_next/static/chunks/node_modules_next_dist_compiled_react-server-dom-turbopack_164kp-6._.js:2475:17)
    at processFullBinaryRow (http://localhost:3000/_next/static/chunks/node_modules_next_dist_compiled_react-server-dom-turbopack_164kp-6._.js:2415:9)
    at processBinaryChunk (http://localhost:3000/_next/static/chunks/node_modules_next_dist_compiled_react-server-dom-turbopack_164kp-6._.js:2524:221)
    at progress (http://localhost:3000/_next/static/chunks/node_modules_next_dist_compiled_react-server-dom-turbopack_164kp-6._.js:2698:20) @ http://localhost:3000/_next/static/chunks/node_modules_next_dist_1e8vcs8._.js:1052
[  247452ms] [ERROR] %c%s%c background: #e6e6e6;background: light-dark(rgba(0,0,0,0.1), rgba(255,255,255,0.25));color: #000000;color: light-dark(#000000, #ffffff);border-radius: 2px  Server   Error: MISSING_MESSAGE: Could not resolve `academic.entranceExamGeneric` in messages for locale `en`.
    at renderMatchMessage (about://React/Server/D:%5C%D0%BF%D1%80%D0%BE%D0%B5%D0%BA%D1%82%D1%8B%5CUnikchoose%5C.next%5Cdev%5Cserver%5Cchunks%5Cssr%5C%5Broot-of-the-server%5D__1622ik9._.js?65:822:12)
    at ProgrammeCard (about://React/Server/D:%5C%D0%BF%D1%80%D0%BE%D0%B5%D0%BA%D1%82%D1%8B%5CUnikchoose%5C.next%5Cdev%5Cserver%5Cchunks%5Cssr%5C%5Broot-of-the-server%5D__1622ik9._.js?70:1102:203)
    at resolveErrorDev (http://localhost:3000/_next/static/chunks/node_modules_next_dist_compiled_react-server-dom-turbopack_164kp-6._.js:1937:105)
    at getOutlinedModel (http://localhost:3000/_next/static/chunks/node_modules_next_dist_compiled_react-server-dom-turbopack_164kp-6._.js:1487:28)
    at parseModelString (http://localhost:3000/_next/static/chunks/node_modules_next_dist_compiled_react-server-dom-turbopack_164kp-6._.js:1602:50)
    at reviveModel (http://localhost:3000/_next/static/chunks/node_modules_next_dist_compiled_react-server-dom-turbopack_164kp-6._.js:2544:66)
    at parseModel (http://localhost:3000/_next/static/chunks/node_modules_next_dist_compiled_react-server-dom-turbopack_164kp-6._.js:2539:16)
    at initializeModelChunk (http://localhost:3000/_next/static/chunks/node_modules_next_dist_compiled_react-server-dom-turbopack_164kp-6._.js:1100:25)
    at getOutlinedModel (http://localhost:3000/_next/static/chunks/node_modules_next_dist_compiled_react-server-dom-turbopack_164kp-6._.js:1423:17)
    at parseModelString (http://localhost:3000/_next/static/chunks/node_modules_next_dist_compiled_react-server-dom-turbopack_164kp-6._.js:1657:50)
    at reviveModel (http://localhost:3000/_next/static/chunks/node_modules_next_dist_compiled_react-server-dom-turbopack_164kp-6._.js:2544:66)
    at reviveModel (http://localhost:3000/_next/static/chunks/node_modules_next_dist_compiled_react-server-dom-turbopack_164kp-6._.js:2547:61)
    at parseModel (http://localhost:3000/_next/static/chunks/node_modules_next_dist_compiled_react-server-dom-turbopack_164kp-6._.js:2539:16)
    at initializeModelChunk (http://localhost:3000/_next/static/chunks/node_modules_next_dist_compiled_react-server-dom-turbopack_164kp-6._.js:1100:25)
    at resolveConsoleEntry (http://localhost:3000/_next/static/chunks/node_modules_next_dist_compiled_react-server-dom-turbopack_164kp-6._.js:2069:96)
    at processFullStringRow (http://localhost:3000/_next/static/chunks/node_modules_next_dist_compiled_react-server-dom-turbopack_164kp-6._.js:2475:17)
    at processFullBinaryRow (http://localhost:3000/_next/static/chunks/node_modules_next_dist_compiled_react-server-dom-turbopack_164kp-6._.js:2415:9)
    at processBinaryChunk (http://localhost:3000/_next/static/chunks/node_modules_next_dist_compiled_react-server-dom-turbopack_164kp-6._.js:2524:221)
    at progress (http://localhost:3000/_next/static/chunks/node_modules_next_dist_compiled_react-server-dom-turbopack_164kp-6._.js:2698:20) @ http://localhost:3000/_next/static/chunks/node_modules_next_dist_1e8vcs8._.js:1052
[  247452ms] [ERROR] %c%s%c background: #e6e6e6;background: light-dark(rgba(0,0,0,0.1), rgba(255,255,255,0.25));color: #000000;color: light-dark(#000000, #ffffff);border-radius: 2px  Server   Error: MISSING_MESSAGE: Could not resolve `budget.missingBudget` in messages for locale `en`.
    at renderMatchMessage (about://React/Server/D:%5C%D0%BF%D1%80%D0%BE%D0%B5%D0%BA%D1%82%D1%8B%5CUnikchoose%5C.next%5Cdev%5Cserver%5Cchunks%5Cssr%5C%5Broot-of-the-server%5D__1622ik9._.js?65:822:12)
    at <anonymous> (about://React/Server/D:%5C%D0%BF%D1%80%D0%BE%D0%B5%D0%BA%D1%82%D1%8B%5CUnikchoose%5C.next%5Cdev%5Cserver%5Cchunks%5Cssr%5C%5Broot-of-the-server%5D__1622ik9._.js?71:1378:227)
    at Array.map (<anonymous>:1:18)
    at ProgrammeCard (about://React/Server/D:%5C%D0%BF%D1%80%D0%BE%D0%B5%D0%BA%D1%82%D1%8B%5CUnikchoose%5C.next%5Cdev%5Cserver%5Cchunks%5Cssr%5C%5Broot-of-the-server%5D__1622ik9._.js?72:1365:64)
    at resolveErrorDev (http://localhost:3000/_next/static/chunks/node_modules_next_dist_compiled_react-server-dom-turbopack_164kp-6._.js:1937:105)
    at getOutlinedModel (http://localhost:3000/_next/static/chunks/node_modules_next_dist_compiled_react-server-dom-turbopack_164kp-6._.js:1487:28)
    at parseModelString (http://localhost:3000/_next/static/chunks/node_modules_next_dist_compiled_react-server-dom-turbopack_164kp-6._.js:1602:50)
    at reviveModel (http://localhost:3000/_next/static/chunks/node_modules_next_dist_compiled_react-server-dom-turbopack_164kp-6._.js:2544:66)
    at parseModel (http://localhost:3000/_next/static/chunks/node_modules_next_dist_compiled_react-server-dom-turbopack_164kp-6._.js:2539:16)
    at initializeModelChunk (http://localhost:3000/_next/static/chunks/node_modules_next_dist_compiled_react-server-dom-turbopack_164kp-6._.js:1100:25)
    at getOutlinedModel (http://localhost:3000/_next/static/chunks/node_modules_next_dist_compiled_react-server-dom-turbopack_164kp-6._.js:1423:17)
    at parseModelString (http://localhost:3000/_next/static/chunks/node_modules_next_dist_compiled_react-server-dom-turbopack_164kp-6._.js:1657:50)
    at reviveModel (http://localhost:3000/_next/static/chunks/node_modules_next_dist_compiled_react-server-dom-turbopack_164kp-6._.js:2544:66)
    at reviveModel (http://localhost:3000/_next/static/chunks/node_modules_next_dist_compiled_react-server-dom-turbopack_164kp-6._.js:2547:61)
    at parseModel (http://localhost:3000/_next/static/chunks/node_modules_next_dist_compiled_react-server-dom-turbopack_164kp-6._.js:2539:16)
    at initializeModelChunk (http://localhost:3000/_next/static/chunks/node_modules_next_dist_compiled_react-server-dom-turbopack_164kp-6._.js:1100:25)
    at resolveConsoleEntry (http://localhost:3000/_next/static/chunks/node_modules_next_dist_compiled_react-server-dom-turbopack_164kp-6._.js:2069:96)
    at processFullStringRow (http://localhost:3000/_next/static/chunks/node_modules_next_dist_compiled_react-server-dom-turbopack_164kp-6._.js:2475:17)
    at processFullBinaryRow (http://localhost:3000/_next/static/chunks/node_modules_next_dist_compiled_react-server-dom-turbopack_164kp-6._.js:2415:9)
    at processBinaryChunk (http://localhost:3000/_next/static/chunks/node_modules_next_dist_compiled_react-server-dom-turbopack_164kp-6._.js:2524:221)
    at progress (http://localhost:3000/_next/static/chunks/node_modules_next_dist_compiled_react-server-dom-turbopack_164kp-6._.js:2698:20) @ http://localhost:3000/_next/static/chunks/node_modules_next_dist_1e8vcs8._.js:1052
[  247453ms] [ERROR] %c%s%c background: #e6e6e6;background: light-dark(rgba(0,0,0,0.1), rgba(255,255,255,0.25));color: #000000;color: light-dark(#000000, #ffffff);border-radius: 2px  Server   Error: MISSING_MESSAGE: Could not resolve `language.addTestScore` in messages for locale `en`.
    at renderMatchMessage (about://React/Server/D:%5C%D0%BF%D1%80%D0%BE%D0%B5%D0%BA%D1%82%D1%8B%5CUnikchoose%5C.next%5Cdev%5Cserver%5Cchunks%5Cssr%5C%5Broot-of-the-server%5D__1622ik9._.js?65:822:12)
    at <anonymous> (about://React/Server/D:%5C%D0%BF%D1%80%D0%BE%D0%B5%D0%BA%D1%82%D1%8B%5CUnikchoose%5C.next%5Cdev%5Cserver%5Cchunks%5Cssr%5C%5Broot-of-the-server%5D__1622ik9._.js?71:1378:227)
    at Array.map (<anonymous>:1:18)
    at ProgrammeCard (about://React/Server/D:%5C%D0%BF%D1%80%D0%BE%D0%B5%D0%BA%D1%82%D1%8B%5CUnikchoose%5C.next%5Cdev%5Cserver%5Cchunks%5Cssr%5C%5Broot-of-the-server%5D__1622ik9._.js?72:1365:64)
    at resolveErrorDev (http://localhost:3000/_next/static/chunks/node_modules_next_dist_compiled_react-server-dom-turbopack_164kp-6._.js:1937:105)
    at getOutlinedModel (http://localhost:3000/_next/static/chunks/node_modules_next_dist_compiled_react-server-dom-turbopack_164kp-6._.js:1487:28)
    at parseModelString (http://localhost:3000/_next/static/chunks/node_modules_next_dist_compiled_react-server-dom-turbopack_164kp-6._.js:1602:50)
    at reviveModel (http://localhost:3000/_next/static/chunks/node_modules_next_dist_compiled_react-server-dom-turbopack_164kp-6._.js:2544:66)
    at parseModel (http://localhost:3000/_next/static/chunks/node_modules_next_dist_compiled_react-server-dom-turbopack_164kp-6._.js:2539:16)
    at initializeModelChunk (http://localhost:3000/_next/static/chunks/node_modules_next_dist_compiled_react-server-dom-turbopack_164kp-6._.js:1100:25)
    at getOutlinedModel (http://localhost:3000/_next/static/chunks/node_modules_next_dist_compiled_react-server-dom-turbopack_164kp-6._.js:1423:17)
    at parseModelString (http://localhost:3000/_next/static/chunks/node_modules_next_dist_compiled_react-server-dom-turbopack_164kp-6._.js:1657:50)
    at reviveModel (http://localhost:3000/_next/static/chunks/node_modules_next_dist_compiled_react-server-dom-turbopack_164kp-6._.js:2544:66)
    at reviveModel (http://localhost:3000/_next/static/chunks/node_modules_next_dist_compiled_react-server-dom-turbopack_164kp-6._.js:2547:61)
    at parseModel (http://localhost:3000/_next/static/chunks/node_modules_next_dist_compiled_react-server-dom-turbopack_164kp-6._.js:2539:16)
    at initializeModelChunk (http://localhost:3000/_next/static/chunks/node_modules_next_dist_compiled_react-server-dom-turbopack_164kp-6._.js:1100:25)
    at resolveConsoleEntry (http://localhost:3000/_next/static/chunks/node_modules_next_dist_compiled_react-server-dom-turbopack_164kp-6._.js:2069:96)
    at processFullStringRow (http://localhost:3000/_next/static/chunks/node_modules_next_dist_compiled_react-server-dom-turbopack_164kp-6._.js:2475:17)
    at processFullBinaryRow (http://localhost:3000/_next/static/chunks/node_modules_next_dist_compiled_react-server-dom-turbopack_164kp-6._.js:2415:9)
    at processBinaryChunk (http://localhost:3000/_next/static/chunks/node_modules_next_dist_compiled_react-server-dom-turbopack_164kp-6._.js:2524:221)
    at progress (http://localhost:3000/_next/static/chunks/node_modules_next_dist_compiled_react-server-dom-turbopack_164kp-6._.js:2698:20) @ http://localhost:3000/_next/static/chunks/node_modules_next_dist_1e8vcs8._.js:1052
[  247453ms] [ERROR] %c%s%c background: #e6e6e6;background: light-dark(rgba(0,0,0,0.1), rgba(255,255,255,0.25));color: #000000;color: light-dark(#000000, #ffffff);border-radius: 2px  Server   Error: MISSING_MESSAGE: Could not resolve `location.missingLocationPreference` in messages for locale `en`.
    at renderMatchMessage (about://React/Server/D:%5C%D0%BF%D1%80%D0%BE%D0%B5%D0%BA%D1%82%D1%8B%5CUnikchoose%5C.next%5Cdev%5Cserver%5Cchunks%5Cssr%5C%5Broot-of-the-server%5D__1622ik9._.js?65:822:12)
    at <anonymous> (about://React/Server/D:%5C%D0%BF%D1%80%D0%BE%D0%B5%D0%BA%D1%82%D1%8B%5CUnikchoose%5C.next%5Cdev%5Cserver%5Cchunks%5Cssr%5C%5Broot-of-the-server%5D__1622ik9._.js?71:1378:227)
    at Array.map (<anonymous>:1:18)
    at ProgrammeCard (about://React/Server/D:%5C%D0%BF%D1%80%D0%BE%D0%B5%D0%BA%D1%82%D1%8B%5CUnikchoose%5C.next%5Cdev%5Cserver%5Cchunks%5Cssr%5C%5Broot-of-the-server%5D__1622ik9._.js?72:1365:64)
    at resolveErrorDev (http://localhost:3000/_next/static/chunks/node_modules_next_dist_compiled_react-server-dom-turbopack_164kp-6._.js:1937:105)
    at getOutlinedModel (http://localhost:3000/_next/static/chunks/node_modules_next_dist_compiled_react-server-dom-turbopack_164kp-6._.js:1487:28)
    at parseModelString (http://localhost:3000/_next/static/chunks/node_modules_next_dist_compiled_react-server-dom-turbopack_164kp-6._.js:1602:50)
    at reviveModel (http://localhost:3000/_next/static/chunks/node_modules_next_dist_compiled_react-server-dom-turbopack_164kp-6._.js:2544:66)
    at parseModel (http://localhost:3000/_next/static/chunks/node_modules_next_dist_compiled_react-server-dom-turbopack_164kp-6._.js:2539:16)
    at initializeModelChunk (http://localhost:3000/_next/static/chunks/node_modules_next_dist_compiled_react-server-dom-turbopack_164kp-6._.js:1100:25)
    at getOutlinedModel (http://localhost:3000/_next/static/chunks/node_modules_next_dist_compiled_react-server-dom-turbopack_164kp-6._.js:1423:17)
    at parseModelString (http://localhost:3000/_next/static/chunks/node_modules_next_dist_compiled_react-server-dom-turbopack_164kp-6._.js:1657:50)
    at reviveModel (http://localhost:3000/_next/static/chunks/node_modules_next_dist_compiled_react-server-dom-turbopack_164kp-6._.js:2544:66)
    at reviveModel (http://localhost:3000/_next/static/chunks/node_modules_next_dist_compiled_react-server-dom-turbopack_164kp-6._.js:2547:61)
    at parseModel (http://localhost:3000/_next/static/chunks/node_modules_next_dist_compiled_react-server-dom-turbopack_164kp-6._.js:2539:16)
    at initializeModelChunk (http://localhost:3000/_next/static/chunks/node_modules_next_dist_compiled_react-server-dom-turbopack_164kp-6._.js:1100:25)
    at resolveConsoleEntry (http://localhost:3000/_next/static/chunks/node_modules_next_dist_compiled_react-server-dom-turbopack_164kp-6._.js:2069:96)
    at processFullStringRow (http://localhost:3000/_next/static/chunks/node_modules_next_dist_compiled_react-server-dom-turbopack_164kp-6._.js:2475:17)
    at processFullBinaryRow (http://localhost:3000/_next/static/chunks/node_modules_next_dist_compiled_react-server-dom-turbopack_164kp-6._.js:2415:9)
    at processBinaryChunk (http://localhost:3000/_next/static/chunks/node_modules_next_dist_compiled_react-server-dom-turbopack_164kp-6._.js:2524:221)
    at progress (http://localhost:3000/_next/static/chunks/node_modules_next_dist_compiled_react-server-dom-turbopack_164kp-6._.js:2698:20) @ http://localhost:3000/_next/static/chunks/node_modules_next_dist_1e8vcs8._.js:1052
[  247453ms] [ERROR] %c%s%c background: #e6e6e6;background: light-dark(rgba(0,0,0,0.1), rgba(255,255,255,0.25));color: #000000;color: light-dark(#000000, #ffffff);border-radius: 2px  Server   Error: MISSING_MESSAGE: Could not resolve `admission.entranceExamRequired` in messages for locale `en`.
    at renderMatchMessage (about://React/Server/D:%5C%D0%BF%D1%80%D0%BE%D0%B5%D0%BA%D1%82%D1%8B%5CUnikchoose%5C.next%5Cdev%5Cserver%5Cchunks%5Cssr%5C%5Broot-of-the-server%5D__1622ik9._.js?65:822:12)
    at <anonymous> (about://React/Server/D:%5C%D0%BF%D1%80%D0%BE%D0%B5%D0%BA%D1%82%D1%8B%5CUnikchoose%5C.next%5Cdev%5Cserver%5Cchunks%5Cssr%5C%5Broot-of-the-server%5D__1622ik9._.js?71:1378:227)
    at Array.map (<anonymous>:1:18)
    at ProgrammeCard (about://React/Server/D:%5C%D0%BF%D1%80%D0%BE%D0%B5%D0%BA%D1%82%D1%8B%5CUnikchoose%5C.next%5Cdev%5Cserver%5Cchunks%5Cssr%5C%5Broot-of-the-server%5D__1622ik9._.js?72:1365:64)
    at resolveErrorDev (http://localhost:3000/_next/static/chunks/node_modules_next_dist_compiled_react-server-dom-turbopack_164kp-6._.js:1937:105)
    at getOutlinedModel (http://localhost:3000/_next/static/chunks/node_modules_next_dist_compiled_react-server-dom-turbopack_164kp-6._.js:1487:28)
    at parseModelString (http://localhost:3000/_next/static/chunks/node_modules_next_dist_compiled_react-server-dom-turbopack_164kp-6._.js:1602:50)
    at reviveModel (http://localhost:3000/_next/static/chunks/node_modules_next_dist_compiled_react-server-dom-turbopack_164kp-6._.js:2544:66)
    at parseModel (http://localhost:3000/_next/static/chunks/node_modules_next_dist_compiled_react-server-dom-turbopack_164kp-6._.js:2539:16)
    at initializeModelChunk (http://localhost:3000/_next/static/chunks/node_modules_next_dist_compiled_react-server-dom-turbopack_164kp-6._.js:1100:25)
    at getOutlinedModel (http://localhost:3000/_next/static/chunks/node_modules_next_dist_compiled_react-server-dom-turbopack_164kp-6._.js:1423:17)
    at parseModelString (http://localhost:3000/_next/static/chunks/node_modules_next_dist_compiled_react-server-dom-turbopack_164kp-6._.js:1657:50)
    at reviveModel (http://localhost:3000/_next/static/chunks/node_modules_next_dist_compiled_react-server-dom-turbopack_164kp-6._.js:2544:66)
    at reviveModel (http://localhost:3000/_next/static/chunks/node_modules_next_dist_compiled_react-server-dom-turbopack_164kp-6._.js:2547:61)
    at parseModel (http://localhost:3000/_next/static/chunks/node_modules_next_dist_compiled_react-server-dom-turbopack_164kp-6._.js:2539:16)
    at initializeModelChunk (http://localhost:3000/_next/static/chunks/node_modules_next_dist_compiled_react-server-dom-turbopack_164kp-6._.js:1100:25)
    at resolveConsoleEntry (http://localhost:3000/_next/static/chunks/node_modules_next_dist_compiled_react-server-dom-turbopack_164kp-6._.js:2069:96)
    at processFullStringRow (http://localhost:3000/_next/static/chunks/node_modules_next_dist_compiled_react-server-dom-turbopack_164kp-6._.js:2475:17)
    at processFullBinaryRow (http://localhost:3000/_next/static/chunks/node_modules_next_dist_compiled_react-server-dom-turbopack_164kp-6._.js:2415:9)
    at processBinaryChunk (http://localhost:3000/_next/static/chunks/node_modules_next_dist_compiled_react-server-dom-turbopack_164kp-6._.js:2524:221)
    at progress (http://localhost:3000/_next/static/chunks/node_modules_next_dist_compiled_react-server-dom-turbopack_164kp-6._.js:2698:20) @ http://localhost:3000/_next/static/chunks/node_modules_next_dist_1e8vcs8._.js:1052
[  247453ms] [ERROR] %c%s%c background: #e6e6e6;background: light-dark(rgba(0,0,0,0.1), rgba(255,255,255,0.25));color: #000000;color: light-dark(#000000, #ffffff);border-radius: 2px  Server   Error: MISSING_MESSAGE: Could not resolve `career.missingData` in messages for locale `en`.
    at renderMatchMessage (about://React/Server/D:%5C%D0%BF%D1%80%D0%BE%D0%B5%D0%BA%D1%82%D1%8B%5CUnikchoose%5C.next%5Cdev%5Cserver%5Cchunks%5Cssr%5C%5Broot-of-the-server%5D__1622ik9._.js?65:822:12)
    at <anonymous> (about://React/Server/D:%5C%D0%BF%D1%80%D0%BE%D0%B5%D0%BA%D1%82%D1%8B%5CUnikchoose%5C.next%5Cdev%5Cserver%5Cchunks%5Cssr%5C%5Broot-of-the-server%5D__1622ik9._.js?71:1378:227)
    at Array.map (<anonymous>:1:18)
    at ProgrammeCard (about://React/Server/D:%5C%D0%BF%D1%80%D0%BE%D0%B5%D0%BA%D1%82%D1%8B%5CUnikchoose%5C.next%5Cdev%5Cserver%5Cchunks%5Cssr%5C%5Broot-of-the-server%5D__1622ik9._.js?72:1365:64)
    at resolveErrorDev (http://localhost:3000/_next/static/chunks/node_modules_next_dist_compiled_react-server-dom-turbopack_164kp-6._.js:1937:105)
    at getOutlinedModel (http://localhost:3000/_next/static/chunks/node_modules_next_dist_compiled_react-server-dom-turbopack_164kp-6._.js:1487:28)
    at parseModelString (http://localhost:3000/_next/static/chunks/node_modules_next_dist_compiled_react-server-dom-turbopack_164kp-6._.js:1602:50)
    at reviveModel (http://localhost:3000/_next/static/chunks/node_modules_next_dist_compiled_react-server-dom-turbopack_164kp-6._.js:2544:66)
    at parseModel (http://localhost:3000/_next/static/chunks/node_modules_next_dist_compiled_react-server-dom-turbopack_164kp-6._.js:2539:16)
    at initializeModelChunk (http://localhost:3000/_next/static/chunks/node_modules_next_dist_compiled_react-server-dom-turbopack_164kp-6._.js:1100:25)
    at getOutlinedModel (http://localhost:3000/_next/static/chunks/node_modules_next_dist_compiled_react-server-dom-turbopack_164kp-6._.js:1423:17)
    at parseModelString (http://localhost:3000/_next/static/chunks/node_modules_next_dist_compiled_react-server-dom-turbopack_164kp-6._.js:1657:50)
    at reviveModel (http://localhost:3000/_next/static/chunks/node_modules_next_dist_compiled_react-server-dom-turbopack_164kp-6._.js:2544:66)
    at reviveModel (http://localhost:3000/_next/static/chunks/node_modules_next_dist_compiled_react-server-dom-turbopack_164kp-6._.js:2547:61)
    at parseModel (http://localhost:3000/_next/static/chunks/node_modules_next_dist_compiled_react-server-dom-turbopack_164kp-6._.js:2539:16)
    at initializeModelChunk (http://localhost:3000/_next/static/chunks/node_modules_next_dist_compiled_react-server-dom-turbopack_164kp-6._.js:1100:25)
    at resolveConsoleEntry (http://localhost:3000/_next/static/chunks/node_modules_next_dist_compiled_react-server-dom-turbopack_164kp-6._.js:2069:96)
    at processFullStringRow (http://localhost:3000/_next/static/chunks/node_modules_next_dist_compiled_react-server-dom-turbopack_164kp-6._.js:2475:17)
    at processFullBinaryRow (http://localhost:3000/_next/static/chunks/node_modules_next_dist_compiled_react-server-dom-turbopack_164kp-6._.js:2415:9)
    at processBinaryChunk (http://localhost:3000/_next/static/chunks/node_modules_next_dist_compiled_react-server-dom-turbopack_164kp-6._.js:2524:221)
    at progress (http://localhost:3000/_next/static/chunks/node_modules_next_dist_compiled_react-server-dom-turbopack_164kp-6._.js:2698:20) @ http://localhost:3000/_next/static/chunks/node_modules_next_dist_1e8vcs8._.js:1052
[  247453ms] [ERROR] %c%s%c background: #e6e6e6;background: light-dark(rgba(0,0,0,0.1), rgba(255,255,255,0.25));color: #000000;color: light-dark(#000000, #ffffff);border-radius: 2px  Server   Error: MISSING_MESSAGE: Could not resolve `format.missingData` in messages for locale `en`.
    at renderMatchMessage (about://React/Server/D:%5C%D0%BF%D1%80%D0%BE%D0%B5%D0%BA%D1%82%D1%8B%5CUnikchoose%5C.next%5Cdev%5Cserver%5Cchunks%5Cssr%5C%5Broot-of-the-server%5D__1622ik9._.js?65:822:12)
    at <anonymous> (about://React/Server/D:%5C%D0%BF%D1%80%D0%BE%D0%B5%D0%BA%D1%82%D1%8B%5CUnikchoose%5C.next%5Cdev%5Cserver%5Cchunks%5Cssr%5C%5Broot-of-the-server%5D__1622ik9._.js?71:1378:227)
    at Array.map (<anonymous>:1:18)
    at ProgrammeCard (about://React/Server/D:%5C%D0%BF%D1%80%D0%BE%D0%B5%D0%BA%D1%82%D1%8B%5CUnikchoose%5C.next%5Cdev%5Cserver%5Cchunks%5Cssr%5C%5Broot-of-the-server%5D__1622ik9._.js?72:1365:64)
    at resolveErrorDev (http://localhost:3000/_next/static/chunks/node_modules_next_dist_compiled_react-server-dom-turbopack_164kp-6._.js:1937:105)
    at getOutlinedModel (http://localhost:3000/_next/static/chunks/node_modules_next_dist_compiled_react-server-dom-turbopack_164kp-6._.js:1487:28)
    at parseModelString (http://localhost:3000/_next/static/chunks/node_modules_next_dist_compiled_react-server-dom-turbopack_164kp-6._.js:1602:50)
    at reviveModel (http://localhost:3000/_next/static/chunks/node_modules_next_dist_compiled_react-server-dom-turbopack_164kp-6._.js:2544:66)
    at parseModel (http://localhost:3000/_next/static/chunks/node_modules_next_dist_compiled_react-server-dom-turbopack_164kp-6._.js:2539:16)
    at initializeModelChunk (http://localhost:3000/_next/static/chunks/node_modules_next_dist_compiled_react-server-dom-turbopack_164kp-6._.js:1100:25)
    at getOutlinedModel (http://localhost:3000/_next/static/chunks/node_modules_next_dist_compiled_react-server-dom-turbopack_164kp-6._.js:1423:17)
    at parseModelString (http://localhost:3000/_next/static/chunks/node_modules_next_dist_compiled_react-server-dom-turbopack_164kp-6._.js:1657:50)
    at reviveModel (http://localhost:3000/_next/static/chunks/node_modules_next_dist_compiled_react-server-dom-turbopack_164kp-6._.js:2544:66)
    at reviveModel (http://localhost:3000/_next/static/chunks/node_modules_next_dist_compiled_react-server-dom-turbopack_164kp-6._.js:2547:61)
    at parseModel (http://localhost:3000/_next/static/chunks/node_modules_next_dist_compiled_react-server-dom-turbopack_164kp-6._.js:2539:16)
    at initializeModelChunk (http://localhost:3000/_next/static/chunks/node_modules_next_dist_compiled_react-server-dom-turbopack_164kp-6._.js:1100:25)
    at resolveConsoleEntry (http://localhost:3000/_next/static/chunks/node_modules_next_dist_compiled_react-server-dom-turbopack_164kp-6._.js:2069:96)
    at processFullStringRow (http://localhost:3000/_next/static/chunks/node_modules_next_dist_compiled_react-server-dom-turbopack_164kp-6._.js:2475:17)
    at processFullBinaryRow (http://localhost:3000/_next/static/chunks/node_modules_next_dist_compiled_react-server-dom-turbopack_164kp-6._.js:2415:9)
    at processBinaryChunk (http://localhost:3000/_next/static/chunks/node_modules_next_dist_compiled_react-server-dom-turbopack_164kp-6._.js:2524:221)
    at progress (http://localhost:3000/_next/static/chunks/node_modules_next_dist_compiled_react-server-dom-turbopack_164kp-6._.js:2698:20) @ http://localhost:3000/_next/static/chunks/node_modules_next_dist_1e8vcs8._.js:1052
[  247453ms] [ERROR] %c%s%c background: #e6e6e6;background: light-dark(rgba(0,0,0,0.1), rgba(255,255,255,0.25));color: #000000;color: light-dark(#000000, #ffffff);border-radius: 2px  Server   Error: MISSING_MESSAGE: Could not resolve `lifestyle.missingData` in messages for locale `en`.
    at renderMatchMessage (about://React/Server/D:%5C%D0%BF%D1%80%D0%BE%D0%B5%D0%BA%D1%82%D1%8B%5CUnikchoose%5C.next%5Cdev%5Cserver%5Cchunks%5Cssr%5C%5Broot-of-the-server%5D__1622ik9._.js?65:822:12)
    at <anonymous> (about://React/Server/D:%5C%D0%BF%D1%80%D0%BE%D0%B5%D0%BA%D1%82%D1%8B%5CUnikchoose%5C.next%5Cdev%5Cserver%5Cchunks%5Cssr%5C%5Broot-of-the-server%5D__1622ik9._.js?71:1378:227)
    at Array.map (<anonymous>:1:18)
    at ProgrammeCard (about://React/Server/D:%5C%D0%BF%D1%80%D0%BE%D0%B5%D0%BA%D1%82%D1%8B%5CUnikchoose%5C.next%5Cdev%5Cserver%5Cchunks%5Cssr%5C%5Broot-of-the-server%5D__1622ik9._.js?72:1365:64)
    at resolveErrorDev (http://localhost:3000/_next/static/chunks/node_modules_next_dist_compiled_react-server-dom-turbopack_164kp-6._.js:1937:105)
    at getOutlinedModel (http://localhost:3000/_next/static/chunks/node_modules_next_dist_compiled_react-server-dom-turbopack_164kp-6._.js:1487:28)
    at parseModelString (http://localhost:3000/_next/static/chunks/node_modules_next_dist_compiled_react-server-dom-turbopack_164kp-6._.js:1602:50)
    at reviveModel (http://localhost:3000/_next/static/chunks/node_modules_next_dist_compiled_react-server-dom-turbopack_164kp-6._.js:2544:66)
    at parseModel (http://localhost:3000/_next/static/chunks/node_modules_next_dist_compiled_react-server-dom-turbopack_164kp-6._.js:2539:16)
    at initializeModelChunk (http://localhost:3000/_next/static/chunks/node_modules_next_dist_compiled_react-server-dom-turbopack_164kp-6._.js:1100:25)
    at getOutlinedModel (http://localhost:3000/_next/static/chunks/node_modules_next_dist_compiled_react-server-dom-turbopack_164kp-6._.js:1423:17)
    at parseModelString (http://localhost:3000/_next/static/chunks/node_modules_next_dist_compiled_react-server-dom-turbopack_164kp-6._.js:1657:50)
    at reviveModel (http://localhost:3000/_next/static/chunks/node_modules_next_dist_compiled_react-server-dom-turbopack_164kp-6._.js:2544:66)
    at reviveModel (http://localhost:3000/_next/static/chunks/node_modules_next_dist_compiled_react-server-dom-turbopack_164kp-6._.js:2547:61)
    at parseModel (http://localhost:3000/_next/static/chunks/node_modules_next_dist_compiled_react-server-dom-turbopack_164kp-6._.js:2539:16)
    at initializeModelChunk (http://localhost:3000/_next/static/chunks/node_modules_next_dist_compiled_react-server-dom-turbopack_164kp-6._.js:1100:25)
    at resolveConsoleEntry (http://localhost:3000/_next/static/chunks/node_modules_next_dist_compiled_react-server-dom-turbopack_164kp-6._.js:2069:96)
    at processFullStringRow (http://localhost:3000/_next/static/chunks/node_modules_next_dist_compiled_react-server-dom-turbopack_164kp-6._.js:2475:17)
    at processFullBinaryRow (http://localhost:3000/_next/static/chunks/node_modules_next_dist_compiled_react-server-dom-turbopack_164kp-6._.js:2415:9)
    at processBinaryChunk (http://localhost:3000/_next/static/chunks/node_modules_next_dist_compiled_react-server-dom-turbopack_164kp-6._.js:2524:221)
    at progress (http://localhost:3000/_next/static/chunks/node_modules_next_dist_compiled_react-server-dom-turbopack_164kp-6._.js:2698:20) @ http://localhost:3000/_next/static/chunks/node_modules_next_dist_1e8vcs8._.js:1052
[  247453ms] [ERROR] %c%s%c background: #e6e6e6;background: light-dark(rgba(0,0,0,0.1), rgba(255,255,255,0.25));color: #000000;color: light-dark(#000000, #ffffff);border-radius: 2px  Server   Error: MISSING_MESSAGE: Could not resolve `language.matchesPreferredLanguage` in messages for locale `en`.
    at renderMatchMessage (about://React/Server/D:%5C%D0%BF%D1%80%D0%BE%D0%B5%D0%BA%D1%82%D1%8B%5CUnikchoose%5C.next%5Cdev%5Cserver%5Cchunks%5Cssr%5C%5Broot-of-the-server%5D__1622ik9._.js?65:822:12)
    at <anonymous> (about://React/Server/D:%5C%D0%BF%D1%80%D0%BE%D0%B5%D0%BA%D1%82%D1%8B%5CUnikchoose%5C.next%5Cdev%5Cserver%5Cchunks%5Cssr%5C%5Broot-of-the-server%5D__1622ik9._.js?66:1056:211)
    at Array.map (<anonymous>:1:18)
    at ProgrammeCard (about://React/Server/D:%5C%D0%BF%D1%80%D0%BE%D0%B5%D0%BA%D1%82%D1%8B%5CUnikchoose%5C.next%5Cdev%5Cserver%5Cchunks%5Cssr%5C%5Broot-of-the-server%5D__1622ik9._.js?67:1043:50)
    at resolveErrorDev (http://localhost:3000/_next/static/chunks/node_modules_next_dist_compiled_react-server-dom-turbopack_164kp-6._.js:1937:105)
    at getOutlinedModel (http://localhost:3000/_next/static/chunks/node_modules_next_dist_compiled_react-server-dom-turbopack_164kp-6._.js:1487:28)
    at parseModelString (http://localhost:3000/_next/static/chunks/node_modules_next_dist_compiled_react-server-dom-turbopack_164kp-6._.js:1602:50)
    at reviveModel (http://localhost:3000/_next/static/chunks/node_modules_next_dist_compiled_react-server-dom-turbopack_164kp-6._.js:2544:66)
    at parseModel (http://localhost:3000/_next/static/chunks/node_modules_next_dist_compiled_react-server-dom-turbopack_164kp-6._.js:2539:16)
    at initializeModelChunk (http://localhost:3000/_next/static/chunks/node_modules_next_dist_compiled_react-server-dom-turbopack_164kp-6._.js:1100:25)
    at getOutlinedModel (http://localhost:3000/_next/static/chunks/node_modules_next_dist_compiled_react-server-dom-turbopack_164kp-6._.js:1423:17)
    at parseModelString (http://localhost:3000/_next/static/chunks/node_modules_next_dist_compiled_react-server-dom-turbopack_164kp-6._.js:1657:50)
    at reviveModel (http://localhost:3000/_next/static/chunks/node_modules_next_dist_compiled_react-server-dom-turbopack_164kp-6._.js:2544:66)
    at reviveModel (http://localhost:3000/_next/static/chunks/node_modules_next_dist_compiled_react-server-dom-turbopack_164kp-6._.js:2547:61)
    at parseModel (http://localhost:3000/_next/static/chunks/node_modules_next_dist_compiled_react-server-dom-turbopack_164kp-6._.js:2539:16)
    at initializeModelChunk (http://localhost:3000/_next/static/chunks/node_modules_next_dist_compiled_react-server-dom-turbopack_164kp-6._.js:1100:25)
    at resolveConsoleEntry (http://localhost:3000/_next/static/chunks/node_modules_next_dist_compiled_react-server-dom-turbopack_164kp-6._.js:2069:96)
    at processFullStringRow (http://localhost:3000/_next/static/chunks/node_modules_next_dist_compiled_react-server-dom-turbopack_164kp-6._.js:2475:17)
    at processFullBinaryRow (http://localhost:3000/_next/static/chunks/node_modules_next_dist_compiled_react-server-dom-turbopack_164kp-6._.js:2415:9)
    at processBinaryChunk (http://localhost:3000/_next/static/chunks/node_modules_next_dist_compiled_react-server-dom-turbopack_164kp-6._.js:2524:221)
    at progress (http://localhost:3000/_next/static/chunks/node_modules_next_dist_compiled_react-server-dom-turbopack_164kp-6._.js:2698:20) @ http://localhost:3000/_next/static/chunks/node_modules_next_dist_1e8vcs8._.js:1052
[  247453ms] [ERROR] %c%s%c background: #e6e6e6;background: light-dark(rgba(0,0,0,0.1), rgba(255,255,255,0.25));color: #000000;color: light-dark(#000000, #ffffff);border-radius: 2px  Server   Error: MISSING_MESSAGE: Could not resolve `support.internationalOffice` in messages for locale `en`.
    at renderMatchMessage (about://React/Server/D:%5C%D0%BF%D1%80%D0%BE%D0%B5%D0%BA%D1%82%D1%8B%5CUnikchoose%5C.next%5Cdev%5Cserver%5Cchunks%5Cssr%5C%5Broot-of-the-server%5D__1622ik9._.js?65:822:12)
    at <anonymous> (about://React/Server/D:%5C%D0%BF%D1%80%D0%BE%D0%B5%D0%BA%D1%82%D1%8B%5CUnikchoose%5C.next%5Cdev%5Cserver%5Cchunks%5Cssr%5C%5Broot-of-the-server%5D__1622ik9._.js?66:1056:211)
    at Array.map (<anonymous>:1:18)
    at ProgrammeCard (about://React/Server/D:%5C%D0%BF%D1%80%D0%BE%D0%B5%D0%BA%D1%82%D1%8B%5CUnikchoose%5C.next%5Cdev%5Cserver%5Cchunks%5Cssr%5C%5Broot-of-the-server%5D__1622ik9._.js?67:1043:50)
    at resolveErrorDev (http://localhost:3000/_next/static/chunks/node_modules_next_dist_compiled_react-server-dom-turbopack_164kp-6._.js:1937:105)
    at getOutlinedModel (http://localhost:3000/_next/static/chunks/node_modules_next_dist_compiled_react-server-dom-turbopack_164kp-6._.js:1487:28)
    at parseModelString (http://localhost:3000/_next/static/chunks/node_modules_next_dist_compiled_react-server-dom-turbopack_164kp-6._.js:1602:50)
    at reviveModel (http://localhost:3000/_next/static/chunks/node_modules_next_dist_compiled_react-server-dom-turbopack_164kp-6._.js:2544:66)
    at parseModel (http://localhost:3000/_next/static/chunks/node_modules_next_dist_compiled_react-server-dom-turbopack_164kp-6._.js:2539:16)
    at initializeModelChunk (http://localhost:3000/_next/static/chunks/node_modules_next_dist_compiled_react-server-dom-turbopack_164kp-6._.js:1100:25)
    at getOutlinedModel (http://localhost:3000/_next/static/chunks/node_modules_next_dist_compiled_react-server-dom-turbopack_164kp-6._.js:1423:17)
    at parseModelString (http://localhost:3000/_next/static/chunks/node_modules_next_dist_compiled_react-server-dom-turbopack_164kp-6._.js:1657:50)
    at reviveModel (http://localhost:3000/_next/static/chunks/node_modules_next_dist_compiled_react-server-dom-turbopack_164kp-6._.js:2544:66)
    at reviveModel (http://localhost:3000/_next/static/chunks/node_modules_next_dist_compiled_react-server-dom-turbopack_164kp-6._.js:2547:61)
    at parseModel (http://localhost:3000/_next/static/chunks/node_modules_next_dist_compiled_react-server-dom-turbopack_164kp-6._.js:2539:16)
    at initializeModelChunk (http://localhost:3000/_next/static/chunks/node_modules_next_dist_compiled_react-server-dom-turbopack_164kp-6._.js:1100:25)
    at resolveConsoleEntry (http://localhost:3000/_next/static/chunks/node_modules_next_dist_compiled_react-server-dom-turbopack_164kp-6._.js:2069:96)
    at processFullStringRow (http://localhost:3000/_next/static/chunks/node_modules_next_dist_compiled_react-server-dom-turbopack_164kp-6._.js:2475:17)
    at processFullBinaryRow (http://localhost:3000/_next/static/chunks/node_modules_next_dist_compiled_react-server-dom-turbopack_164kp-6._.js:2415:9)
    at processBinaryChunk (http://localhost:3000/_next/static/chunks/node_modules_next_dist_compiled_react-server-dom-turbopack_164kp-6._.js:2524:221)
    at progress (http://localhost:3000/_next/static/chunks/node_modules_next_dist_compiled_react-server-dom-turbopack_164kp-6._.js:2698:20) @ http://localhost:3000/_next/static/chunks/node_modules_next_dist_1e8vcs8._.js:1052
[  247454ms] [ERROR] %c%s%c background: #e6e6e6;background: light-dark(rgba(0,0,0,0.1), rgba(255,255,255,0.25));color: #000000;color: light-dark(#000000, #ffffff);border-radius: 2px  Server   Error: MISSING_MESSAGE: Could not resolve `support.dormitory` in messages for locale `en`.
    at renderMatchMessage (about://React/Server/D:%5C%D0%BF%D1%80%D0%BE%D0%B5%D0%BA%D1%82%D1%8B%5CUnikchoose%5C.next%5Cdev%5Cserver%5Cchunks%5Cssr%5C%5Broot-of-the-server%5D__1622ik9._.js?65:822:12)
    at <anonymous> (about://React/Server/D:%5C%D0%BF%D1%80%D0%BE%D0%B5%D0%BA%D1%82%D1%8B%5CUnikchoose%5C.next%5Cdev%5Cserver%5Cchunks%5Cssr%5C%5Broot-of-the-server%5D__1622ik9._.js?66:1056:211)
    at Array.map (<anonymous>:1:18)
    at ProgrammeCard (about://React/Server/D:%5C%D0%BF%D1%80%D0%BE%D0%B5%D0%BA%D1%82%D1%8B%5CUnikchoose%5C.next%5Cdev%5Cserver%5Cchunks%5Cssr%5C%5Broot-of-the-server%5D__1622ik9._.js?67:1043:50)
    at resolveErrorDev (http://localhost:3000/_next/static/chunks/node_modules_next_dist_compiled_react-server-dom-turbopack_164kp-6._.js:1937:105)
    at getOutlinedModel (http://localhost:3000/_next/static/chunks/node_modules_next_dist_compiled_react-server-dom-turbopack_164kp-6._.js:1487:28)
    at parseModelString (http://localhost:3000/_next/static/chunks/node_modules_next_dist_compiled_react-server-dom-turbopack_164kp-6._.js:1602:50)
    at reviveModel (http://localhost:3000/_next/static/chunks/node_modules_next_dist_compiled_react-server-dom-turbopack_164kp-6._.js:2544:66)
    at parseModel (http://localhost:3000/_next/static/chunks/node_modules_next_dist_compiled_react-server-dom-turbopack_164kp-6._.js:2539:16)
    at initializeModelChunk (http://localhost:3000/_next/static/chunks/node_modules_next_dist_compiled_react-server-dom-turbopack_164kp-6._.js:1100:25)
    at getOutlinedModel (http://localhost:3000/_next/static/chunks/node_modules_next_dist_compiled_react-server-dom-turbopack_164kp-6._.js:1423:17)
    at parseModelString (http://localhost:3000/_next/static/chunks/node_modules_next_dist_compiled_react-server-dom-turbopack_164kp-6._.js:1657:50)
    at reviveModel (http://localhost:3000/_next/static/chunks/node_modules_next_dist_compiled_react-server-dom-turbopack_164kp-6._.js:2544:66)
    at reviveModel (http://localhost:3000/_next/static/chunks/node_modules_next_dist_compiled_react-server-dom-turbopack_164kp-6._.js:2547:61)
    at parseModel (http://localhost:3000/_next/static/chunks/node_modules_next_dist_compiled_react-server-dom-turbopack_164kp-6._.js:2539:16)
    at initializeModelChunk (http://localhost:3000/_next/static/chunks/node_modules_next_dist_compiled_react-server-dom-turbopack_164kp-6._.js:1100:25)
    at resolveConsoleEntry (http://localhost:3000/_next/static/chunks/node_modules_next_dist_compiled_react-server-dom-turbopack_164kp-6._.js:2069:96)
    at processFullStringRow (http://localhost:3000/_next/static/chunks/node_modules_next_dist_compiled_react-server-dom-turbopack_164kp-6._.js:2475:17)
    at processFullBinaryRow (http://localhost:3000/_next/static/chunks/node_modules_next_dist_compiled_react-server-dom-turbopack_164kp-6._.js:2415:9)
    at processBinaryChunk (http://localhost:3000/_next/static/chunks/node_modules_next_dist_compiled_react-server-dom-turbopack_164kp-6._.js:2524:221)
    at progress (http://localhost:3000/_next/static/chunks/node_modules_next_dist_compiled_react-server-dom-turbopack_164kp-6._.js:2698:20) @ http://localhost:3000/_next/static/chunks/node_modules_next_dist_1e8vcs8._.js:1052
[  247454ms] [ERROR] %c%s%c background: #e6e6e6;background: light-dark(rgba(0,0,0,0.1), rgba(255,255,255,0.25));color: #000000;color: light-dark(#000000, #ffffff);border-radius: 2px  Server   Error: MISSING_MESSAGE: Could not resolve `academic.entranceExamGeneric` in messages for locale `en`.
    at renderMatchMessage (about://React/Server/D:%5C%D0%BF%D1%80%D0%BE%D0%B5%D0%BA%D1%82%D1%8B%5CUnikchoose%5C.next%5Cdev%5Cserver%5Cchunks%5Cssr%5C%5Broot-of-the-server%5D__1622ik9._.js?65:822:12)
    at ProgrammeCard (about://React/Server/D:%5C%D0%BF%D1%80%D0%BE%D0%B5%D0%BA%D1%82%D1%8B%5CUnikchoose%5C.next%5Cdev%5Cserver%5Cchunks%5Cssr%5C%5Broot-of-the-server%5D__1622ik9._.js?70:1102:203)
    at resolveErrorDev (http://localhost:3000/_next/static/chunks/node_modules_next_dist_compiled_react-server-dom-turbopack_164kp-6._.js:1937:105)
    at getOutlinedModel (http://localhost:3000/_next/static/chunks/node_modules_next_dist_compiled_react-server-dom-turbopack_164kp-6._.js:1487:28)
    at parseModelString (http://localhost:3000/_next/static/chunks/node_modules_next_dist_compiled_react-server-dom-turbopack_164kp-6._.js:1602:50)
    at reviveModel (http://localhost:3000/_next/static/chunks/node_modules_next_dist_compiled_react-server-dom-turbopack_164kp-6._.js:2544:66)
    at parseModel (http://localhost:3000/_next/static/chunks/node_modules_next_dist_compiled_react-server-dom-turbopack_164kp-6._.js:2539:16)
    at initializeModelChunk (http://localhost:3000/_next/static/chunks/node_modules_next_dist_compiled_react-server-dom-turbopack_164kp-6._.js:1100:25)
    at getOutlinedModel (http://localhost:3000/_next/static/chunks/node_modules_next_dist_compiled_react-server-dom-turbopack_164kp-6._.js:1423:17)
    at parseModelString (http://localhost:3000/_next/static/chunks/node_modules_next_dist_compiled_react-server-dom-turbopack_164kp-6._.js:1657:50)
    at reviveModel (http://localhost:3000/_next/static/chunks/node_modules_next_dist_compiled_react-server-dom-turbopack_164kp-6._.js:2544:66)
    at reviveModel (http://localhost:3000/_next/static/chunks/node_modules_next_dist_compiled_react-server-dom-turbopack_164kp-6._.js:2547:61)
    at parseModel (http://localhost:3000/_next/static/chunks/node_modules_next_dist_compiled_react-server-dom-turbopack_164kp-6._.js:2539:16)
    at initializeModelChunk (http://localhost:3000/_next/static/chunks/node_modules_next_dist_compiled_react-server-dom-turbopack_164kp-6._.js:1100:25)
    at resolveConsoleEntry (http://localhost:3000/_next/static/chunks/node_modules_next_dist_compiled_react-server-dom-turbopack_164kp-6._.js:2069:96)
    at processFullStringRow (http://localhost:3000/_next/static/chunks/node_modules_next_dist_compiled_react-server-dom-turbopack_164kp-6._.js:2475:17)
    at processFullBinaryRow (http://localhost:3000/_next/static/chunks/node_modules_next_dist_compiled_react-server-dom-turbopack_164kp-6._.js:2415:9)
    at processBinaryChunk (http://localhost:3000/_next/static/chunks/node_modules_next_dist_compiled_react-server-dom-turbopack_164kp-6._.js:2524:221)
    at progress (http://localhost:3000/_next/static/chunks/node_modules_next_dist_compiled_react-server-dom-turbopack_164kp-6._.js:2698:20) @ http://localhost:3000/_next/static/chunks/node_modules_next_dist_1e8vcs8._.js:1052
[  247454ms] [ERROR] %c%s%c background: #e6e6e6;background: light-dark(rgba(0,0,0,0.1), rgba(255,255,255,0.25));color: #000000;color: light-dark(#000000, #ffffff);border-radius: 2px  Server   Error: MISSING_MESSAGE: Could not resolve `budget.missingBudget` in messages for locale `en`.
    at renderMatchMessage (about://React/Server/D:%5C%D0%BF%D1%80%D0%BE%D0%B5%D0%BA%D1%82%D1%8B%5CUnikchoose%5C.next%5Cdev%5Cserver%5Cchunks%5Cssr%5C%5Broot-of-the-server%5D__1622ik9._.js?65:822:12)
    at <anonymous> (about://React/Server/D:%5C%D0%BF%D1%80%D0%BE%D0%B5%D0%BA%D1%82%D1%8B%5CUnikchoose%5C.next%5Cdev%5Cserver%5Cchunks%5Cssr%5C%5Broot-of-the-server%5D__1622ik9._.js?71:1378:227)
    at Array.map (<anonymous>:1:18)
    at ProgrammeCard (about://React/Server/D:%5C%D0%BF%D1%80%D0%BE%D0%B5%D0%BA%D1%82%D1%8B%5CUnikchoose%5C.next%5Cdev%5Cserver%5Cchunks%5Cssr%5C%5Broot-of-the-server%5D__1622ik9._.js?72:1365:64)
    at resolveErrorDev (http://localhost:3000/_next/static/chunks/node_modules_next_dist_compiled_react-server-dom-turbopack_164kp-6._.js:1937:105)
    at getOutlinedModel (http://localhost:3000/_next/static/chunks/node_modules_next_dist_compiled_react-server-dom-turbopack_164kp-6._.js:1487:28)
    at parseModelString (http://localhost:3000/_next/static/chunks/node_modules_next_dist_compiled_react-server-dom-turbopack_164kp-6._.js:1602:50)
    at reviveModel (http://localhost:3000/_next/static/chunks/node_modules_next_dist_compiled_react-server-dom-turbopack_164kp-6._.js:2544:66)
    at parseModel (http://localhost:3000/_next/static/chunks/node_modules_next_dist_compiled_react-server-dom-turbopack_164kp-6._.js:2539:16)
    at initializeModelChunk (http://localhost:3000/_next/static/chunks/node_modules_next_dist_compiled_react-server-dom-turbopack_164kp-6._.js:1100:25)
    at getOutlinedModel (http://localhost:3000/_next/static/chunks/node_modules_next_dist_compiled_react-server-dom-turbopack_164kp-6._.js:1423:17)
    at parseModelString (http://localhost:3000/_next/static/chunks/node_modules_next_dist_compiled_react-server-dom-turbopack_164kp-6._.js:1657:50)
    at reviveModel (http://localhost:3000/_next/static/chunks/node_modules_next_dist_compiled_react-server-dom-turbopack_164kp-6._.js:2544:66)
    at reviveModel (http://localhost:3000/_next/static/chunks/node_modules_next_dist_compiled_react-server-dom-turbopack_164kp-6._.js:2547:61)
    at parseModel (http://localhost:3000/_next/static/chunks/node_modules_next_dist_compiled_react-server-dom-turbopack_164kp-6._.js:2539:16)
    at initializeModelChunk (http://localhost:3000/_next/static/chunks/node_modules_next_dist_compiled_react-server-dom-turbopack_164kp-6._.js:1100:25)
    at resolveConsoleEntry (http://localhost:3000/_next/static/chunks/node_modules_next_dist_compiled_react-server-dom-turbopack_164kp-6._.js:2069:96)
    at processFullStringRow (http://localhost:3000/_next/static/chunks/node_modules_next_dist_compiled_react-server-dom-turbopack_164kp-6._.js:2475:17)
    at processFullBinaryRow (http://localhost:3000/_next/static/chunks/node_modules_next_dist_compiled_react-server-dom-turbopack_164kp-6._.js:2415:9)
    at processBinaryChunk (http://localhost:3000/_next/static/chunks/node_modules_next_dist_compiled_react-server-dom-turbopack_164kp-6._.js:2524:221)
    at progress (http://localhost:3000/_next/static/chunks/node_modules_next_dist_compiled_react-server-dom-turbopack_164kp-6._.js:2698:20) @ http://localhost:3000/_next/static/chunks/node_modules_next_dist_1e8vcs8._.js:1052
[  247454ms] [ERROR] %c%s%c background: #e6e6e6;background: light-dark(rgba(0,0,0,0.1), rgba(255,255,255,0.25));color: #000000;color: light-dark(#000000, #ffffff);border-radius: 2px  Server   Error: MISSING_MESSAGE: Could not resolve `location.missingLocationPreference` in messages for locale `en`.
    at renderMatchMessage (about://React/Server/D:%5C%D0%BF%D1%80%D0%BE%D0%B5%D0%BA%D1%82%D1%8B%5CUnikchoose%5C.next%5Cdev%5Cserver%5Cchunks%5Cssr%5C%5Broot-of-the-server%5D__1622ik9._.js?65:822:12)
    at <anonymous> (about://React/Server/D:%5C%D0%BF%D1%80%D0%BE%D0%B5%D0%BA%D1%82%D1%8B%5CUnikchoose%5C.next%5Cdev%5Cserver%5Cchunks%5Cssr%5C%5Broot-of-the-server%5D__1622ik9._.js?71:1378:227)
    at Array.map (<anonymous>:1:18)
    at ProgrammeCard (about://React/Server/D:%5C%D0%BF%D1%80%D0%BE%D0%B5%D0%BA%D1%82%D1%8B%5CUnikchoose%5C.next%5Cdev%5Cserver%5Cchunks%5Cssr%5C%5Broot-of-the-server%5D__1622ik9._.js?72:1365:64)
    at resolveErrorDev (http://localhost:3000/_next/static/chunks/node_modules_next_dist_compiled_react-server-dom-turbopack_164kp-6._.js:1937:105)
    at getOutlinedModel (http://localhost:3000/_next/static/chunks/node_modules_next_dist_compiled_react-server-dom-turbopack_164kp-6._.js:1487:28)
    at parseModelString (http://localhost:3000/_next/static/chunks/node_modules_next_dist_compiled_react-server-dom-turbopack_164kp-6._.js:1602:50)
    at reviveModel (http://localhost:3000/_next/static/chunks/node_modules_next_dist_compiled_react-server-dom-turbopack_164kp-6._.js:2544:66)
    at parseModel (http://localhost:3000/_next/static/chunks/node_modules_next_dist_compiled_react-server-dom-turbopack_164kp-6._.js:2539:16)
    at initializeModelChunk (http://localhost:3000/_next/static/chunks/node_modules_next_dist_compiled_react-server-dom-turbopack_164kp-6._.js:1100:25)
    at getOutlinedModel (http://localhost:3000/_next/static/chunks/node_modules_next_dist_compiled_react-server-dom-turbopack_164kp-6._.js:1423:17)
    at parseModelString (http://localhost:3000/_next/static/chunks/node_modules_next_dist_compiled_react-server-dom-turbopack_164kp-6._.js:1657:50)
    at reviveModel (http://localhost:3000/_next/static/chunks/node_modules_next_dist_compiled_react-server-dom-turbopack_164kp-6._.js:2544:66)
    at reviveModel (http://localhost:3000/_next/static/chunks/node_modules_next_dist_compiled_react-server-dom-turbopack_164kp-6._.js:2547:61)
    at parseModel (http://localhost:3000/_next/static/chunks/node_modules_next_dist_compiled_react-server-dom-turbopack_164kp-6._.js:2539:16)
    at initializeModelChunk (http://localhost:3000/_next/static/chunks/node_modules_next_dist_compiled_react-server-dom-turbopack_164kp-6._.js:1100:25)
    at resolveConsoleEntry (http://localhost:3000/_next/static/chunks/node_modules_next_dist_compiled_react-server-dom-turbopack_164kp-6._.js:2069:96)
    at processFullStringRow (http://localhost:3000/_next/static/chunks/node_modules_next_dist_compiled_react-server-dom-turbopack_164kp-6._.js:2475:17)
    at processFullBinaryRow (http://localhost:3000/_next/static/chunks/node_modules_next_dist_compiled_react-server-dom-turbopack_164kp-6._.js:2415:9)
    at processBinaryChunk (http://localhost:3000/_next/static/chunks/node_modules_next_dist_compiled_react-server-dom-turbopack_164kp-6._.js:2524:221)
    at progress (http://localhost:3000/_next/static/chunks/node_modules_next_dist_compiled_react-server-dom-turbopack_164kp-6._.js:2698:20) @ http://localhost:3000/_next/static/chunks/node_modules_next_dist_1e8vcs8._.js:1052
[  247454ms] [ERROR] %c%s%c background: #e6e6e6;background: light-dark(rgba(0,0,0,0.1), rgba(255,255,255,0.25));color: #000000;color: light-dark(#000000, #ffffff);border-radius: 2px  Server   Error: MISSING_MESSAGE: Could not resolve `admission.entranceExamRequired` in messages for locale `en`.
    at renderMatchMessage (about://React/Server/D:%5C%D0%BF%D1%80%D0%BE%D0%B5%D0%BA%D1%82%D1%8B%5CUnikchoose%5C.next%5Cdev%5Cserver%5Cchunks%5Cssr%5C%5Broot-of-the-server%5D__1622ik9._.js?65:822:12)
    at <anonymous> (about://React/Server/D:%5C%D0%BF%D1%80%D0%BE%D0%B5%D0%BA%D1%82%D1%8B%5CUnikchoose%5C.next%5Cdev%5Cserver%5Cchunks%5Cssr%5C%5Broot-of-the-server%5D__1622ik9._.js?71:1378:227)
    at Array.map (<anonymous>:1:18)
    at ProgrammeCard (about://React/Server/D:%5C%D0%BF%D1%80%D0%BE%D0%B5%D0%BA%D1%82%D1%8B%5CUnikchoose%5C.next%5Cdev%5Cserver%5Cchunks%5Cssr%5C%5Broot-of-the-server%5D__1622ik9._.js?72:1365:64)
    at resolveErrorDev (http://localhost:3000/_next/static/chunks/node_modules_next_dist_compiled_react-server-dom-turbopack_164kp-6._.js:1937:105)
    at getOutlinedModel (http://localhost:3000/_next/static/chunks/node_modules_next_dist_compiled_react-server-dom-turbopack_164kp-6._.js:1487:28)
    at parseModelString (http://localhost:3000/_next/static/chunks/node_modules_next_dist_compiled_react-server-dom-turbopack_164kp-6._.js:1602:50)
    at reviveModel (http://localhost:3000/_next/static/chunks/node_modules_next_dist_compiled_react-server-dom-turbopack_164kp-6._.js:2544:66)
    at parseModel (http://localhost:3000/_next/static/chunks/node_modules_next_dist_compiled_react-server-dom-turbopack_164kp-6._.js:2539:16)
    at initializeModelChunk (http://localhost:3000/_next/static/chunks/node_modules_next_dist_compiled_react-server-dom-turbopack_164kp-6._.js:1100:25)
    at getOutlinedModel (http://localhost:3000/_next/static/chunks/node_modules_next_dist_compiled_react-server-dom-turbopack_164kp-6._.js:1423:17)
    at parseModelString (http://localhost:3000/_next/static/chunks/node_modules_next_dist_compiled_react-server-dom-turbopack_164kp-6._.js:1657:50)
    at reviveModel (http://localhost:3000/_next/static/chunks/node_modules_next_dist_compiled_react-server-dom-turbopack_164kp-6._.js:2544:66)
    at reviveModel (http://localhost:3000/_next/static/chunks/node_modules_next_dist_compiled_react-server-dom-turbopack_164kp-6._.js:2547:61)
    at parseModel (http://localhost:3000/_next/static/chunks/node_modules_next_dist_compiled_react-server-dom-turbopack_164kp-6._.js:2539:16)
    at initializeModelChunk (http://localhost:3000/_next/static/chunks/node_modules_next_dist_compiled_react-server-dom-turbopack_164kp-6._.js:1100:25)
    at resolveConsoleEntry (http://localhost:3000/_next/static/chunks/node_modules_next_dist_compiled_react-server-dom-turbopack_164kp-6._.js:2069:96)
    at processFullStringRow (http://localhost:3000/_next/static/chunks/node_modules_next_dist_compiled_react-server-dom-turbopack_164kp-6._.js:2475:17)
    at processFullBinaryRow (http://localhost:3000/_next/static/chunks/node_modules_next_dist_compiled_react-server-dom-turbopack_164kp-6._.js:2415:9)
    at processBinaryChunk (http://localhost:3000/_next/static/chunks/node_modules_next_dist_compiled_react-server-dom-turbopack_164kp-6._.js:2524:221)
    at progress (http://localhost:3000/_next/static/chunks/node_modules_next_dist_compiled_react-server-dom-turbopack_164kp-6._.js:2698:20) @ http://localhost:3000/_next/static/chunks/node_modules_next_dist_1e8vcs8._.js:1052
[  247454ms] [ERROR] %c%s%c background: #e6e6e6;background: light-dark(rgba(0,0,0,0.1), rgba(255,255,255,0.25));color: #000000;color: light-dark(#000000, #ffffff);border-radius: 2px  Server   Error: MISSING_MESSAGE: Could not resolve `admission.deadlineSoon` in messages for locale `en`.
    at renderMatchMessage (about://React/Server/D:%5C%D0%BF%D1%80%D0%BE%D0%B5%D0%BA%D1%82%D1%8B%5CUnikchoose%5C.next%5Cdev%5Cserver%5Cchunks%5Cssr%5C%5Broot-of-the-server%5D__1622ik9._.js?65:822:12)
    at <anonymous> (about://React/Server/D:%5C%D0%BF%D1%80%D0%BE%D0%B5%D0%BA%D1%82%D1%8B%5CUnikchoose%5C.next%5Cdev%5Cserver%5Cchunks%5Cssr%5C%5Broot-of-the-server%5D__1622ik9._.js?71:1378:227)
    at Array.map (<anonymous>:1:18)
    at ProgrammeCard (about://React/Server/D:%5C%D0%BF%D1%80%D0%BE%D0%B5%D0%BA%D1%82%D1%8B%5CUnikchoose%5C.next%5Cdev%5Cserver%5Cchunks%5Cssr%5C%5Broot-of-the-server%5D__1622ik9._.js?72:1365:64)
    at resolveErrorDev (http://localhost:3000/_next/static/chunks/node_modules_next_dist_compiled_react-server-dom-turbopack_164kp-6._.js:1937:105)
    at getOutlinedModel (http://localhost:3000/_next/static/chunks/node_modules_next_dist_compiled_react-server-dom-turbopack_164kp-6._.js:1487:28)
    at parseModelString (http://localhost:3000/_next/static/chunks/node_modules_next_dist_compiled_react-server-dom-turbopack_164kp-6._.js:1602:50)
    at reviveModel (http://localhost:3000/_next/static/chunks/node_modules_next_dist_compiled_react-server-dom-turbopack_164kp-6._.js:2544:66)
    at parseModel (http://localhost:3000/_next/static/chunks/node_modules_next_dist_compiled_react-server-dom-turbopack_164kp-6._.js:2539:16)
    at initializeModelChunk (http://localhost:3000/_next/static/chunks/node_modules_next_dist_compiled_react-server-dom-turbopack_164kp-6._.js:1100:25)
    at getOutlinedModel (http://localhost:3000/_next/static/chunks/node_modules_next_dist_compiled_react-server-dom-turbopack_164kp-6._.js:1423:17)
    at parseModelString (http://localhost:3000/_next/static/chunks/node_modules_next_dist_compiled_react-server-dom-turbopack_164kp-6._.js:1657:50)
    at reviveModel (http://localhost:3000/_next/static/chunks/node_modules_next_dist_compiled_react-server-dom-turbopack_164kp-6._.js:2544:66)
    at reviveModel (http://localhost:3000/_next/static/chunks/node_modules_next_dist_compiled_react-server-dom-turbopack_164kp-6._.js:2547:61)
    at parseModel (http://localhost:3000/_next/static/chunks/node_modules_next_dist_compiled_react-server-dom-turbopack_164kp-6._.js:2539:16)
    at initializeModelChunk (http://localhost:3000/_next/static/chunks/node_modules_next_dist_compiled_react-server-dom-turbopack_164kp-6._.js:1100:25)
    at resolveConsoleEntry (http://localhost:3000/_next/static/chunks/node_modules_next_dist_compiled_react-server-dom-turbopack_164kp-6._.js:2069:96)
    at processFullStringRow (http://localhost:3000/_next/static/chunks/node_modules_next_dist_compiled_react-server-dom-turbopack_164kp-6._.js:2475:17)
    at processFullBinaryRow (http://localhost:3000/_next/static/chunks/node_modules_next_dist_compiled_react-server-dom-turbopack_164kp-6._.js:2415:9)
    at processBinaryChunk (http://localhost:3000/_next/static/chunks/node_modules_next_dist_compiled_react-server-dom-turbopack_164kp-6._.js:2524:221)
    at progress (http://localhost:3000/_next/static/chunks/node_modules_next_dist_compiled_react-server-dom-turbopack_164kp-6._.js:2698:20) @ http://localhost:3000/_next/static/chunks/node_modules_next_dist_1e8vcs8._.js:1052
[  247454ms] [ERROR] %c%s%c background: #e6e6e6;background: light-dark(rgba(0,0,0,0.1), rgba(255,255,255,0.25));color: #000000;color: light-dark(#000000, #ffffff);border-radius: 2px  Server   Error: MISSING_MESSAGE: Could not resolve `career.missingData` in messages for locale `en`.
    at renderMatchMessage (about://React/Server/D:%5C%D0%BF%D1%80%D0%BE%D0%B5%D0%BA%D1%82%D1%8B%5CUnikchoose%5C.next%5Cdev%5Cserver%5Cchunks%5Cssr%5C%5Broot-of-the-server%5D__1622ik9._.js?65:822:12)
    at <anonymous> (about://React/Server/D:%5C%D0%BF%D1%80%D0%BE%D0%B5%D0%BA%D1%82%D1%8B%5CUnikchoose%5C.next%5Cdev%5Cserver%5Cchunks%5Cssr%5C%5Broot-of-the-server%5D__1622ik9._.js?71:1378:227)
    at Array.map (<anonymous>:1:18)
    at ProgrammeCard (about://React/Server/D:%5C%D0%BF%D1%80%D0%BE%D0%B5%D0%BA%D1%82%D1%8B%5CUnikchoose%5C.next%5Cdev%5Cserver%5Cchunks%5Cssr%5C%5Broot-of-the-server%5D__1622ik9._.js?72:1365:64)
    at resolveErrorDev (http://localhost:3000/_next/static/chunks/node_modules_next_dist_compiled_react-server-dom-turbopack_164kp-6._.js:1937:105)
    at getOutlinedModel (http://localhost:3000/_next/static/chunks/node_modules_next_dist_compiled_react-server-dom-turbopack_164kp-6._.js:1487:28)
    at parseModelString (http://localhost:3000/_next/static/chunks/node_modules_next_dist_compiled_react-server-dom-turbopack_164kp-6._.js:1602:50)
    at reviveModel (http://localhost:3000/_next/static/chunks/node_modules_next_dist_compiled_react-server-dom-turbopack_164kp-6._.js:2544:66)
    at parseModel (http://localhost:3000/_next/static/chunks/node_modules_next_dist_compiled_react-server-dom-turbopack_164kp-6._.js:2539:16)
    at initializeModelChunk (http://localhost:3000/_next/static/chunks/node_modules_next_dist_compiled_react-server-dom-turbopack_164kp-6._.js:1100:25)
    at getOutlinedModel (http://localhost:3000/_next/static/chunks/node_modules_next_dist_compiled_react-server-dom-turbopack_164kp-6._.js:1423:17)
    at parseModelString (http://localhost:3000/_next/static/chunks/node_modules_next_dist_compiled_react-server-dom-turbopack_164kp-6._.js:1657:50)
    at reviveModel (http://localhost:3000/_next/static/chunks/node_modules_next_dist_compiled_react-server-dom-turbopack_164kp-6._.js:2544:66)
    at reviveModel (http://localhost:3000/_next/static/chunks/node_modules_next_dist_compiled_react-server-dom-turbopack_164kp-6._.js:2547:61)
    at parseModel (http://localhost:3000/_next/static/chunks/node_modules_next_dist_compiled_react-server-dom-turbopack_164kp-6._.js:2539:16)
    at initializeModelChunk (http://localhost:3000/_next/static/chunks/node_modules_next_dist_compiled_react-server-dom-turbopack_164kp-6._.js:1100:25)
    at resolveConsoleEntry (http://localhost:3000/_next/static/chunks/node_modules_next_dist_compiled_react-server-dom-turbopack_164kp-6._.js:2069:96)
    at processFullStringRow (http://localhost:3000/_next/static/chunks/node_modules_next_dist_compiled_react-server-dom-turbopack_164kp-6._.js:2475:17)
    at processFullBinaryRow (http://localhost:3000/_next/static/chunks/node_modules_next_dist_compiled_react-server-dom-turbopack_164kp-6._.js:2415:9)
    at processBinaryChunk (http://localhost:3000/_next/static/chunks/node_modules_next_dist_compiled_react-server-dom-turbopack_164kp-6._.js:2524:221)
    at progress (http://localhost:3000/_next/static/chunks/node_modules_next_dist_compiled_react-server-dom-turbopack_164kp-6._.js:2698:20) @ http://localhost:3000/_next/static/chunks/node_modules_next_dist_1e8vcs8._.js:1052
[  247454ms] [ERROR] %c%s%c background: #e6e6e6;background: light-dark(rgba(0,0,0,0.1), rgba(255,255,255,0.25));color: #000000;color: light-dark(#000000, #ffffff);border-radius: 2px  Server   Error: MISSING_MESSAGE: Could not resolve `format.missingPreference` in messages for locale `en`.
    at renderMatchMessage (about://React/Server/D:%5C%D0%BF%D1%80%D0%BE%D0%B5%D0%BA%D1%82%D1%8B%5CUnikchoose%5C.next%5Cdev%5Cserver%5Cchunks%5Cssr%5C%5Broot-of-the-server%5D__1622ik9._.js?65:822:12)
    at <anonymous> (about://React/Server/D:%5C%D0%BF%D1%80%D0%BE%D0%B5%D0%BA%D1%82%D1%8B%5CUnikchoose%5C.next%5Cdev%5Cserver%5Cchunks%5Cssr%5C%5Broot-of-the-server%5D__1622ik9._.js?71:1378:227)
    at Array.map (<anonymous>:1:18)
    at ProgrammeCard (about://React/Server/D:%5C%D0%BF%D1%80%D0%BE%D0%B5%D0%BA%D1%82%D1%8B%5CUnikchoose%5C.next%5Cdev%5Cserver%5Cchunks%5Cssr%5C%5Broot-of-the-server%5D__1622ik9._.js?72:1365:64)
    at resolveErrorDev (http://localhost:3000/_next/static/chunks/node_modules_next_dist_compiled_react-server-dom-turbopack_164kp-6._.js:1937:105)
    at getOutlinedModel (http://localhost:3000/_next/static/chunks/node_modules_next_dist_compiled_react-server-dom-turbopack_164kp-6._.js:1487:28)
    at parseModelString (http://localhost:3000/_next/static/chunks/node_modules_next_dist_compiled_react-server-dom-turbopack_164kp-6._.js:1602:50)
    at reviveModel (http://localhost:3000/_next/static/chunks/node_modules_next_dist_compiled_react-server-dom-turbopack_164kp-6._.js:2544:66)
    at parseModel (http://localhost:3000/_next/static/chunks/node_modules_next_dist_compiled_react-server-dom-turbopack_164kp-6._.js:2539:16)
    at initializeModelChunk (http://localhost:3000/_next/static/chunks/node_modules_next_dist_compiled_react-server-dom-turbopack_164kp-6._.js:1100:25)
    at getOutlinedModel (http://localhost:3000/_next/static/chunks/node_modules_next_dist_compiled_react-server-dom-turbopack_164kp-6._.js:1423:17)
    at parseModelString (http://localhost:3000/_next/static/chunks/node_modules_next_dist_compiled_react-server-dom-turbopack_164kp-6._.js:1657:50)
    at reviveModel (http://localhost:3000/_next/static/chunks/node_modules_next_dist_compiled_react-server-dom-turbopack_164kp-6._.js:2544:66)
    at reviveModel (http://localhost:3000/_next/static/chunks/node_modules_next_dist_compiled_react-server-dom-turbopack_164kp-6._.js:2547:61)
    at parseModel (http://localhost:3000/_next/static/chunks/node_modules_next_dist_compiled_react-server-dom-turbopack_164kp-6._.js:2539:16)
    at initializeModelChunk (http://localhost:3000/_next/static/chunks/node_modules_next_dist_compiled_react-server-dom-turbopack_164kp-6._.js:1100:25)
    at resolveConsoleEntry (http://localhost:3000/_next/static/chunks/node_modules_next_dist_compiled_react-server-dom-turbopack_164kp-6._.js:2069:96)
    at processFullStringRow (http://localhost:3000/_next/static/chunks/node_modules_next_dist_compiled_react-server-dom-turbopack_164kp-6._.js:2475:17)
    at processFullBinaryRow (http://localhost:3000/_next/static/chunks/node_modules_next_dist_compiled_react-server-dom-turbopack_164kp-6._.js:2415:9)
    at processBinaryChunk (http://localhost:3000/_next/static/chunks/node_modules_next_dist_compiled_react-server-dom-turbopack_164kp-6._.js:2524:221)
    at progress (http://localhost:3000/_next/static/chunks/node_modules_next_dist_compiled_react-server-dom-turbopack_164kp-6._.js:2698:20) @ http://localhost:3000/_next/static/chunks/node_modules_next_dist_1e8vcs8._.js:1052
[  247454ms] [ERROR] %c%s%c background: #e6e6e6;background: light-dark(rgba(0,0,0,0.1), rgba(255,255,255,0.25));color: #000000;color: light-dark(#000000, #ffffff);border-radius: 2px  Server   Error: MISSING_MESSAGE: Could not resolve `lifestyle.missingData` in messages for locale `en`.
    at renderMatchMessage (about://React/Server/D:%5C%D0%BF%D1%80%D0%BE%D0%B5%D0%BA%D1%82%D1%8B%5CUnikchoose%5C.next%5Cdev%5Cserver%5Cchunks%5Cssr%5C%5Broot-of-the-server%5D__1622ik9._.js?65:822:12)
    at <anonymous> (about://React/Server/D:%5C%D0%BF%D1%80%D0%BE%D0%B5%D0%BA%D1%82%D1%8B%5CUnikchoose%5C.next%5Cdev%5Cserver%5Cchunks%5Cssr%5C%5Broot-of-the-server%5D__1622ik9._.js?71:1378:227)
    at Array.map (<anonymous>:1:18)
    at ProgrammeCard (about://React/Server/D:%5C%D0%BF%D1%80%D0%BE%D0%B5%D0%BA%D1%82%D1%8B%5CUnikchoose%5C.next%5Cdev%5Cserver%5Cchunks%5Cssr%5C%5Broot-of-the-server%5D__1622ik9._.js?72:1365:64)
    at resolveErrorDev (http://localhost:3000/_next/static/chunks/node_modules_next_dist_compiled_react-server-dom-turbopack_164kp-6._.js:1937:105)
    at getOutlinedModel (http://localhost:3000/_next/static/chunks/node_modules_next_dist_compiled_react-server-dom-turbopack_164kp-6._.js:1487:28)
    at parseModelString (http://localhost:3000/_next/static/chunks/node_modules_next_dist_compiled_react-server-dom-turbopack_164kp-6._.js:1602:50)
    at reviveModel (http://localhost:3000/_next/static/chunks/node_modules_next_dist_compiled_react-server-dom-turbopack_164kp-6._.js:2544:66)
    at parseModel (http://localhost:3000/_next/static/chunks/node_modules_next_dist_compiled_react-server-dom-turbopack_164kp-6._.js:2539:16)
    at initializeModelChunk (http://localhost:3000/_next/static/chunks/node_modules_next_dist_compiled_react-server-dom-turbopack_164kp-6._.js:1100:25)
    at getOutlinedModel (http://localhost:3000/_next/static/chunks/node_modules_next_dist_compiled_react-server-dom-turbopack_164kp-6._.js:1423:17)
    at parseModelString (http://localhost:3000/_next/static/chunks/node_modules_next_dist_compiled_react-server-dom-turbopack_164kp-6._.js:1657:50)
    at reviveModel (http://localhost:3000/_next/static/chunks/node_modules_next_dist_compiled_react-server-dom-turbopack_164kp-6._.js:2544:66)
    at reviveModel (http://localhost:3000/_next/static/chunks/node_modules_next_dist_compiled_react-server-dom-turbopack_164kp-6._.js:2547:61)
    at parseModel (http://localhost:3000/_next/static/chunks/node_modules_next_dist_compiled_react-server-dom-turbopack_164kp-6._.js:2539:16)
    at initializeModelChunk (http://localhost:3000/_next/static/chunks/node_modules_next_dist_compiled_react-server-dom-turbopack_164kp-6._.js:1100:25)
    at resolveConsoleEntry (http://localhost:3000/_next/static/chunks/node_modules_next_dist_compiled_react-server-dom-turbopack_164kp-6._.js:2069:96)
    at processFullStringRow (http://localhost:3000/_next/static/chunks/node_modules_next_dist_compiled_react-server-dom-turbopack_164kp-6._.js:2475:17)
    at processFullBinaryRow (http://localhost:3000/_next/static/chunks/node_modules_next_dist_compiled_react-server-dom-turbopack_164kp-6._.js:2415:9)
    at processBinaryChunk (http://localhost:3000/_next/static/chunks/node_modules_next_dist_compiled_react-server-dom-turbopack_164kp-6._.js:2524:221)
    at progress (http://localhost:3000/_next/static/chunks/node_modules_next_dist_compiled_react-server-dom-turbopack_164kp-6._.js:2698:20) @ http://localhost:3000/_next/static/chunks/node_modules_next_dist_1e8vcs8._.js:1052
[  247455ms] [ERROR] %c%s%c background: #e6e6e6;background: light-dark(rgba(0,0,0,0.1), rgba(255,255,255,0.25));color: #000000;color: light-dark(#000000, #ffffff);border-radius: 2px  Server   Error: MISSING_MESSAGE: Could not resolve `language.matchesPreferredLanguage` in messages for locale `en`.
    at renderMatchMessage (about://React/Server/D:%5C%D0%BF%D1%80%D0%BE%D0%B5%D0%BA%D1%82%D1%8B%5CUnikchoose%5C.next%5Cdev%5Cserver%5Cchunks%5Cssr%5C%5Broot-of-the-server%5D__1622ik9._.js?65:822:12)
    at <anonymous> (about://React/Server/D:%5C%D0%BF%D1%80%D0%BE%D0%B5%D0%BA%D1%82%D1%8B%5CUnikchoose%5C.next%5Cdev%5Cserver%5Cchunks%5Cssr%5C%5Broot-of-the-server%5D__1622ik9._.js?66:1056:211)
    at Array.map (<anonymous>:1:18)
    at ProgrammeCard (about://React/Server/D:%5C%D0%BF%D1%80%D0%BE%D0%B5%D0%BA%D1%82%D1%8B%5CUnikchoose%5C.next%5Cdev%5Cserver%5Cchunks%5Cssr%5C%5Broot-of-the-server%5D__1622ik9._.js?67:1043:50)
    at resolveErrorDev (http://localhost:3000/_next/static/chunks/node_modules_next_dist_compiled_react-server-dom-turbopack_164kp-6._.js:1937:105)
    at getOutlinedModel (http://localhost:3000/_next/static/chunks/node_modules_next_dist_compiled_react-server-dom-turbopack_164kp-6._.js:1487:28)
    at parseModelString (http://localhost:3000/_next/static/chunks/node_modules_next_dist_compiled_react-server-dom-turbopack_164kp-6._.js:1602:50)
    at reviveModel (http://localhost:3000/_next/static/chunks/node_modules_next_dist_compiled_react-server-dom-turbopack_164kp-6._.js:2544:66)
    at parseModel (http://localhost:3000/_next/static/chunks/node_modules_next_dist_compiled_react-server-dom-turbopack_164kp-6._.js:2539:16)
    at initializeModelChunk (http://localhost:3000/_next/static/chunks/node_modules_next_dist_compiled_react-server-dom-turbopack_164kp-6._.js:1100:25)
    at getOutlinedModel (http://localhost:3000/_next/static/chunks/node_modules_next_dist_compiled_react-server-dom-turbopack_164kp-6._.js:1423:17)
    at parseModelString (http://localhost:3000/_next/static/chunks/node_modules_next_dist_compiled_react-server-dom-turbopack_164kp-6._.js:1657:50)
    at reviveModel (http://localhost:3000/_next/static/chunks/node_modules_next_dist_compiled_react-server-dom-turbopack_164kp-6._.js:2544:66)
    at reviveModel (http://localhost:3000/_next/static/chunks/node_modules_next_dist_compiled_react-server-dom-turbopack_164kp-6._.js:2547:61)
    at parseModel (http://localhost:3000/_next/static/chunks/node_modules_next_dist_compiled_react-server-dom-turbopack_164kp-6._.js:2539:16)
    at initializeModelChunk (http://localhost:3000/_next/static/chunks/node_modules_next_dist_compiled_react-server-dom-turbopack_164kp-6._.js:1100:25)
    at resolveConsoleEntry (http://localhost:3000/_next/static/chunks/node_modules_next_dist_compiled_react-server-dom-turbopack_164kp-6._.js:2069:96)
    at processFullStringRow (http://localhost:3000/_next/static/chunks/node_modules_next_dist_compiled_react-server-dom-turbopack_164kp-6._.js:2475:17)
    at processFullBinaryRow (http://localhost:3000/_next/static/chunks/node_modules_next_dist_compiled_react-server-dom-turbopack_164kp-6._.js:2415:9)
    at processBinaryChunk (http://localhost:3000/_next/static/chunks/node_modules_next_dist_compiled_react-server-dom-turbopack_164kp-6._.js:2524:221)
    at progress (http://localhost:3000/_next/static/chunks/node_modules_next_dist_compiled_react-server-dom-turbopack_164kp-6._.js:2698:20) @ http://localhost:3000/_next/static/chunks/node_modules_next_dist_1e8vcs8._.js:1052
[  247455ms] [ERROR] %c%s%c background: #e6e6e6;background: light-dark(rgba(0,0,0,0.1), rgba(255,255,255,0.25));color: #000000;color: light-dark(#000000, #ffffff);border-radius: 2px  Server   Error: MISSING_MESSAGE: Could not resolve `support.internationalOffice` in messages for locale `en`.
    at renderMatchMessage (about://React/Server/D:%5C%D0%BF%D1%80%D0%BE%D0%B5%D0%BA%D1%82%D1%8B%5CUnikchoose%5C.next%5Cdev%5Cserver%5Cchunks%5Cssr%5C%5Broot-of-the-server%5D__1622ik9._.js?65:822:12)
    at <anonymous> (about://React/Server/D:%5C%D0%BF%D1%80%D0%BE%D0%B5%D0%BA%D1%82%D1%8B%5CUnikchoose%5C.next%5Cdev%5Cserver%5Cchunks%5Cssr%5C%5Broot-of-the-server%5D__1622ik9._.js?66:1056:211)
    at Array.map (<anonymous>:1:18)
    at ProgrammeCard (about://React/Server/D:%5C%D0%BF%D1%80%D0%BE%D0%B5%D0%BA%D1%82%D1%8B%5CUnikchoose%5C.next%5Cdev%5Cserver%5Cchunks%5Cssr%5C%5Broot-of-the-server%5D__1622ik9._.js?67:1043:50)
    at resolveErrorDev (http://localhost:3000/_next/static/chunks/node_modules_next_dist_compiled_react-server-dom-turbopack_164kp-6._.js:1937:105)
    at getOutlinedModel (http://localhost:3000/_next/static/chunks/node_modules_next_dist_compiled_react-server-dom-turbopack_164kp-6._.js:1487:28)
    at parseModelString (http://localhost:3000/_next/static/chunks/node_modules_next_dist_compiled_react-server-dom-turbopack_164kp-6._.js:1602:50)
    at reviveModel (http://localhost:3000/_next/static/chunks/node_modules_next_dist_compiled_react-server-dom-turbopack_164kp-6._.js:2544:66)
    at parseModel (http://localhost:3000/_next/static/chunks/node_modules_next_dist_compiled_react-server-dom-turbopack_164kp-6._.js:2539:16)
    at initializeModelChunk (http://localhost:3000/_next/static/chunks/node_modules_next_dist_compiled_react-server-dom-turbopack_164kp-6._.js:1100:25)
    at getOutlinedModel (http://localhost:3000/_next/static/chunks/node_modules_next_dist_compiled_react-server-dom-turbopack_164kp-6._.js:1423:17)
    at parseModelString (http://localhost:3000/_next/static/chunks/node_modules_next_dist_compiled_react-server-dom-turbopack_164kp-6._.js:1657:50)
    at reviveModel (http://localhost:3000/_next/static/chunks/node_modules_next_dist_compiled_react-server-dom-turbopack_164kp-6._.js:2544:66)
    at reviveModel (http://localhost:3000/_next/static/chunks/node_modules_next_dist_compiled_react-server-dom-turbopack_164kp-6._.js:2547:61)
    at parseModel (http://localhost:3000/_next/static/chunks/node_modules_next_dist_compiled_react-server-dom-turbopack_164kp-6._.js:2539:16)
    at initializeModelChunk (http://localhost:3000/_next/static/chunks/node_modules_next_dist_compiled_react-server-dom-turbopack_164kp-6._.js:1100:25)
    at resolveConsoleEntry (http://localhost:3000/_next/static/chunks/node_modules_next_dist_compiled_react-server-dom-turbopack_164kp-6._.js:2069:96)
    at processFullStringRow (http://localhost:3000/_next/static/chunks/node_modules_next_dist_compiled_react-server-dom-turbopack_164kp-6._.js:2475:17)
    at processFullBinaryRow (http://localhost:3000/_next/static/chunks/node_modules_next_dist_compiled_react-server-dom-turbopack_164kp-6._.js:2415:9)
    at processBinaryChunk (http://localhost:3000/_next/static/chunks/node_modules_next_dist_compiled_react-server-dom-turbopack_164kp-6._.js:2524:221)
    at progress (http://localhost:3000/_next/static/chunks/node_modules_next_dist_compiled_react-server-dom-turbopack_164kp-6._.js:2698:20) @ http://localhost:3000/_next/static/chunks/node_modules_next_dist_1e8vcs8._.js:1052
[  247455ms] [ERROR] %c%s%c background: #e6e6e6;background: light-dark(rgba(0,0,0,0.1), rgba(255,255,255,0.25));color: #000000;color: light-dark(#000000, #ffffff);border-radius: 2px  Server   Error: MISSING_MESSAGE: Could not resolve `support.dormitory` in messages for locale `en`.
    at renderMatchMessage (about://React/Server/D:%5C%D0%BF%D1%80%D0%BE%D0%B5%D0%BA%D1%82%D1%8B%5CUnikchoose%5C.next%5Cdev%5Cserver%5Cchunks%5Cssr%5C%5Broot-of-the-server%5D__1622ik9._.js?65:822:12)
    at <anonymous> (about://React/Server/D:%5C%D0%BF%D1%80%D0%BE%D0%B5%D0%BA%D1%82%D1%8B%5CUnikchoose%5C.next%5Cdev%5Cserver%5Cchunks%5Cssr%5C%5Broot-of-the-server%5D__1622ik9._.js?66:1056:211)
    at Array.map (<anonymous>:1:18)
    at ProgrammeCard (about://React/Server/D:%5C%D0%BF%D1%80%D0%BE%D0%B5%D0%BA%D1%82%D1%8B%5CUnikchoose%5C.next%5Cdev%5Cserver%5Cchunks%5Cssr%5C%5Broot-of-the-server%5D__1622ik9._.js?67:1043:50)
    at resolveErrorDev (http://localhost:3000/_next/static/chunks/node_modules_next_dist_compiled_react-server-dom-turbopack_164kp-6._.js:1937:105)
    at getOutlinedModel (http://localhost:3000/_next/static/chunks/node_modules_next_dist_compiled_react-server-dom-turbopack_164kp-6._.js:1487:28)
    at parseModelString (http://localhost:3000/_next/static/chunks/node_modules_next_dist_compiled_react-server-dom-turbopack_164kp-6._.js:1602:50)
    at reviveModel (http://localhost:3000/_next/static/chunks/node_modules_next_dist_compiled_react-server-dom-turbopack_164kp-6._.js:2544:66)
    at parseModel (http://localhost:3000/_next/static/chunks/node_modules_next_dist_compiled_react-server-dom-turbopack_164kp-6._.js:2539:16)
    at initializeModelChunk (http://localhost:3000/_next/static/chunks/node_modules_next_dist_compiled_react-server-dom-turbopack_164kp-6._.js:1100:25)
    at getOutlinedModel (http://localhost:3000/_next/static/chunks/node_modules_next_dist_compiled_react-server-dom-turbopack_164kp-6._.js:1423:17)
    at parseModelString (http://localhost:3000/_next/static/chunks/node_modules_next_dist_compiled_react-server-dom-turbopack_164kp-6._.js:1657:50)
    at reviveModel (http://localhost:3000/_next/static/chunks/node_modules_next_dist_compiled_react-server-dom-turbopack_164kp-6._.js:2544:66)
    at reviveModel (http://localhost:3000/_next/static/chunks/node_modules_next_dist_compiled_react-server-dom-turbopack_164kp-6._.js:2547:61)
    at parseModel (http://localhost:3000/_next/static/chunks/node_modules_next_dist_compiled_react-server-dom-turbopack_164kp-6._.js:2539:16)
    at initializeModelChunk (http://localhost:3000/_next/static/chunks/node_modules_next_dist_compiled_react-server-dom-turbopack_164kp-6._.js:1100:25)
    at resolveConsoleEntry (http://localhost:3000/_next/static/chunks/node_modules_next_dist_compiled_react-server-dom-turbopack_164kp-6._.js:2069:96)
    at processFullStringRow (http://localhost:3000/_next/static/chunks/node_modules_next_dist_compiled_react-server-dom-turbopack_164kp-6._.js:2475:17)
    at processFullBinaryRow (http://localhost:3000/_next/static/chunks/node_modules_next_dist_compiled_react-server-dom-turbopack_164kp-6._.js:2415:9)
    at processBinaryChunk (http://localhost:3000/_next/static/chunks/node_modules_next_dist_compiled_react-server-dom-turbopack_164kp-6._.js:2524:221)
    at progress (http://localhost:3000/_next/static/chunks/node_modules_next_dist_compiled_react-server-dom-turbopack_164kp-6._.js:2698:20) @ http://localhost:3000/_next/static/chunks/node_modules_next_dist_1e8vcs8._.js:1052
[  247455ms] [ERROR] %c%s%c background: #e6e6e6;background: light-dark(rgba(0,0,0,0.1), rgba(255,255,255,0.25));color: #000000;color: light-dark(#000000, #ffffff);border-radius: 2px  Server   Error: MISSING_MESSAGE: Could not resolve `academic.entranceExamGeneric` in messages for locale `en`.
    at renderMatchMessage (about://React/Server/D:%5C%D0%BF%D1%80%D0%BE%D0%B5%D0%BA%D1%82%D1%8B%5CUnikchoose%5C.next%5Cdev%5Cserver%5Cchunks%5Cssr%5C%5Broot-of-the-server%5D__1622ik9._.js?65:822:12)
    at ProgrammeCard (about://React/Server/D:%5C%D0%BF%D1%80%D0%BE%D0%B5%D0%BA%D1%82%D1%8B%5CUnikchoose%5C.next%5Cdev%5Cserver%5Cchunks%5Cssr%5C%5Broot-of-the-server%5D__1622ik9._.js?70:1102:203)
    at resolveErrorDev (http://localhost:3000/_next/static/chunks/node_modules_next_dist_compiled_react-server-dom-turbopack_164kp-6._.js:1937:105)
    at getOutlinedModel (http://localhost:3000/_next/static/chunks/node_modules_next_dist_compiled_react-server-dom-turbopack_164kp-6._.js:1487:28)
    at parseModelString (http://localhost:3000/_next/static/chunks/node_modules_next_dist_compiled_react-server-dom-turbopack_164kp-6._.js:1602:50)
    at reviveModel (http://localhost:3000/_next/static/chunks/node_modules_next_dist_compiled_react-server-dom-turbopack_164kp-6._.js:2544:66)
    at parseModel (http://localhost:3000/_next/static/chunks/node_modules_next_dist_compiled_react-server-dom-turbopack_164kp-6._.js:2539:16)
    at initializeModelChunk (http://localhost:3000/_next/static/chunks/node_modules_next_dist_compiled_react-server-dom-turbopack_164kp-6._.js:1100:25)
    at getOutlinedModel (http://localhost:3000/_next/static/chunks/node_modules_next_dist_compiled_react-server-dom-turbopack_164kp-6._.js:1423:17)
    at parseModelString (http://localhost:3000/_next/static/chunks/node_modules_next_dist_compiled_react-server-dom-turbopack_164kp-6._.js:1657:50)
    at reviveModel (http://localhost:3000/_next/static/chunks/node_modules_next_dist_compiled_react-server-dom-turbopack_164kp-6._.js:2544:66)
    at reviveModel (http://localhost:3000/_next/static/chunks/node_modules_next_dist_compiled_react-server-dom-turbopack_164kp-6._.js:2547:61)
    at parseModel (http://localhost:3000/_next/static/chunks/node_modules_next_dist_compiled_react-server-dom-turbopack_164kp-6._.js:2539:16)
    at initializeModelChunk (http://localhost:3000/_next/static/chunks/node_modules_next_dist_compiled_react-server-dom-turbopack_164kp-6._.js:1100:25)
    at resolveConsoleEntry (http://localhost:3000/_next/static/chunks/node_modules_next_dist_compiled_react-server-dom-turbopack_164kp-6._.js:2069:96)
    at processFullStringRow (http://localhost:3000/_next/static/chunks/node_modules_next_dist_compiled_react-server-dom-turbopack_164kp-6._.js:2475:17)
    at processFullBinaryRow (http://localhost:3000/_next/static/chunks/node_modules_next_dist_compiled_react-server-dom-turbopack_164kp-6._.js:2415:9)
    at processBinaryChunk (http://localhost:3000/_next/static/chunks/node_modules_next_dist_compiled_react-server-dom-turbopack_164kp-6._.js:2524:221)
    at progress (http://localhost:3000/_next/static/chunks/node_modules_next_dist_compiled_react-server-dom-turbopack_164kp-6._.js:2698:20) @ http://localhost:3000/_next/static/chunks/node_modules_next_dist_1e8vcs8._.js:1052
[  247455ms] [ERROR] %c%s%c background: #e6e6e6;background: light-dark(rgba(0,0,0,0.1), rgba(255,255,255,0.25));color: #000000;color: light-dark(#000000, #ffffff);border-radius: 2px  Server   Error: MISSING_MESSAGE: Could not resolve `budget.missingBudget` in messages for locale `en`.
    at renderMatchMessage (about://React/Server/D:%5C%D0%BF%D1%80%D0%BE%D0%B5%D0%BA%D1%82%D1%8B%5CUnikchoose%5C.next%5Cdev%5Cserver%5Cchunks%5Cssr%5C%5Broot-of-the-server%5D__1622ik9._.js?65:822:12)
    at <anonymous> (about://React/Server/D:%5C%D0%BF%D1%80%D0%BE%D0%B5%D0%BA%D1%82%D1%8B%5CUnikchoose%5C.next%5Cdev%5Cserver%5Cchunks%5Cssr%5C%5Broot-of-the-server%5D__1622ik9._.js?71:1378:227)
    at Array.map (<anonymous>:1:18)
    at ProgrammeCard (about://React/Server/D:%5C%D0%BF%D1%80%D0%BE%D0%B5%D0%BA%D1%82%D1%8B%5CUnikchoose%5C.next%5Cdev%5Cserver%5Cchunks%5Cssr%5C%5Broot-of-the-server%5D__1622ik9._.js?72:1365:64)
    at resolveErrorDev (http://localhost:3000/_next/static/chunks/node_modules_next_dist_compiled_react-server-dom-turbopack_164kp-6._.js:1937:105)
    at getOutlinedModel (http://localhost:3000/_next/static/chunks/node_modules_next_dist_compiled_react-server-dom-turbopack_164kp-6._.js:1487:28)
    at parseModelString (http://localhost:3000/_next/static/chunks/node_modules_next_dist_compiled_react-server-dom-turbopack_164kp-6._.js:1602:50)
    at reviveModel (http://localhost:3000/_next/static/chunks/node_modules_next_dist_compiled_react-server-dom-turbopack_164kp-6._.js:2544:66)
    at parseModel (http://localhost:3000/_next/static/chunks/node_modules_next_dist_compiled_react-server-dom-turbopack_164kp-6._.js:2539:16)
    at initializeModelChunk (http://localhost:3000/_next/static/chunks/node_modules_next_dist_compiled_react-server-dom-turbopack_164kp-6._.js:1100:25)
    at getOutlinedModel (http://localhost:3000/_next/static/chunks/node_modules_next_dist_compiled_react-server-dom-turbopack_164kp-6._.js:1423:17)
    at parseModelString (http://localhost:3000/_next/static/chunks/node_modules_next_dist_compiled_react-server-dom-turbopack_164kp-6._.js:1657:50)
    at reviveModel (http://localhost:3000/_next/static/chunks/node_modules_next_dist_compiled_react-server-dom-turbopack_164kp-6._.js:2544:66)
    at reviveModel (http://localhost:3000/_next/static/chunks/node_modules_next_dist_compiled_react-server-dom-turbopack_164kp-6._.js:2547:61)
    at parseModel (http://localhost:3000/_next/static/chunks/node_modules_next_dist_compiled_react-server-dom-turbopack_164kp-6._.js:2539:16)
    at initializeModelChunk (http://localhost:3000/_next/static/chunks/node_modules_next_dist_compiled_react-server-dom-turbopack_164kp-6._.js:1100:25)
    at resolveConsoleEntry (http://localhost:3000/_next/static/chunks/node_modules_next_dist_compiled_react-server-dom-turbopack_164kp-6._.js:2069:96)
    at processFullStringRow (http://localhost:3000/_next/static/chunks/node_modules_next_dist_compiled_react-server-dom-turbopack_164kp-6._.js:2475:17)
    at processFullBinaryRow (http://localhost:3000/_next/static/chunks/node_modules_next_dist_compiled_react-server-dom-turbopack_164kp-6._.js:2415:9)
    at processBinaryChunk (http://localhost:3000/_next/static/chunks/node_modules_next_dist_compiled_react-server-dom-turbopack_164kp-6._.js:2524:221)
    at progress (http://localhost:3000/_next/static/chunks/node_modules_next_dist_compiled_react-server-dom-turbopack_164kp-6._.js:2698:20) @ http://localhost:3000/_next/static/chunks/node_modules_next_dist_1e8vcs8._.js:1052
[  247455ms] [ERROR] %c%s%c background: #e6e6e6;background: light-dark(rgba(0,0,0,0.1), rgba(255,255,255,0.25));color: #000000;color: light-dark(#000000, #ffffff);border-radius: 2px  Server   Error: MISSING_MESSAGE: Could not resolve `location.missingLocationPreference` in messages for locale `en`.
    at renderMatchMessage (about://React/Server/D:%5C%D0%BF%D1%80%D0%BE%D0%B5%D0%BA%D1%82%D1%8B%5CUnikchoose%5C.next%5Cdev%5Cserver%5Cchunks%5Cssr%5C%5Broot-of-the-server%5D__1622ik9._.js?65:822:12)
    at <anonymous> (about://React/Server/D:%5C%D0%BF%D1%80%D0%BE%D0%B5%D0%BA%D1%82%D1%8B%5CUnikchoose%5C.next%5Cdev%5Cserver%5Cchunks%5Cssr%5C%5Broot-of-the-server%5D__1622ik9._.js?71:1378:227)
    at Array.map (<anonymous>:1:18)
    at ProgrammeCard (about://React/Server/D:%5C%D0%BF%D1%80%D0%BE%D0%B5%D0%BA%D1%82%D1%8B%5CUnikchoose%5C.next%5Cdev%5Cserver%5Cchunks%5Cssr%5C%5Broot-of-the-server%5D__1622ik9._.js?72:1365:64)
    at resolveErrorDev (http://localhost:3000/_next/static/chunks/node_modules_next_dist_compiled_react-server-dom-turbopack_164kp-6._.js:1937:105)
    at getOutlinedModel (http://localhost:3000/_next/static/chunks/node_modules_next_dist_compiled_react-server-dom-turbopack_164kp-6._.js:1487:28)
    at parseModelString (http://localhost:3000/_next/static/chunks/node_modules_next_dist_compiled_react-server-dom-turbopack_164kp-6._.js:1602:50)
    at reviveModel (http://localhost:3000/_next/static/chunks/node_modules_next_dist_compiled_react-server-dom-turbopack_164kp-6._.js:2544:66)
    at parseModel (http://localhost:3000/_next/static/chunks/node_modules_next_dist_compiled_react-server-dom-turbopack_164kp-6._.js:2539:16)
    at initializeModelChunk (http://localhost:3000/_next/static/chunks/node_modules_next_dist_compiled_react-server-dom-turbopack_164kp-6._.js:1100:25)
    at getOutlinedModel (http://localhost:3000/_next/static/chunks/node_modules_next_dist_compiled_react-server-dom-turbopack_164kp-6._.js:1423:17)
    at parseModelString (http://localhost:3000/_next/static/chunks/node_modules_next_dist_compiled_react-server-dom-turbopack_164kp-6._.js:1657:50)
    at reviveModel (http://localhost:3000/_next/static/chunks/node_modules_next_dist_compiled_react-server-dom-turbopack_164kp-6._.js:2544:66)
    at reviveModel (http://localhost:3000/_next/static/chunks/node_modules_next_dist_compiled_react-server-dom-turbopack_164kp-6._.js:2547:61)
    at parseModel (http://localhost:3000/_next/static/chunks/node_modules_next_dist_compiled_react-server-dom-turbopack_164kp-6._.js:2539:16)
    at initializeModelChunk (http://localhost:3000/_next/static/chunks/node_modules_next_dist_compiled_react-server-dom-turbopack_164kp-6._.js:1100:25)
    at resolveConsoleEntry (http://localhost:3000/_next/static/chunks/node_modules_next_dist_compiled_react-server-dom-turbopack_164kp-6._.js:2069:96)
    at processFullStringRow (http://localhost:3000/_next/static/chunks/node_modules_next_dist_compiled_react-server-dom-turbopack_164kp-6._.js:2475:17)
    at processFullBinaryRow (http://localhost:3000/_next/static/chunks/node_modules_next_dist_compiled_react-server-dom-turbopack_164kp-6._.js:2415:9)
    at processBinaryChunk (http://localhost:3000/_next/static/chunks/node_modules_next_dist_compiled_react-server-dom-turbopack_164kp-6._.js:2524:221)
    at progress (http://localhost:3000/_next/static/chunks/node_modules_next_dist_compiled_react-server-dom-turbopack_164kp-6._.js:2698:20) @ http://localhost:3000/_next/static/chunks/node_modules_next_dist_1e8vcs8._.js:1052
[  247455ms] [ERROR] %c%s%c background: #e6e6e6;background: light-dark(rgba(0,0,0,0.1), rgba(255,255,255,0.25));color: #000000;color: light-dark(#000000, #ffffff);border-radius: 2px  Server   Error: MISSING_MESSAGE: Could not resolve `admission.entranceExamRequired` in messages for locale `en`.
    at renderMatchMessage (about://React/Server/D:%5C%D0%BF%D1%80%D0%BE%D0%B5%D0%BA%D1%82%D1%8B%5CUnikchoose%5C.next%5Cdev%5Cserver%5Cchunks%5Cssr%5C%5Broot-of-the-server%5D__1622ik9._.js?65:822:12)
    at <anonymous> (about://React/Server/D:%5C%D0%BF%D1%80%D0%BE%D0%B5%D0%BA%D1%82%D1%8B%5CUnikchoose%5C.next%5Cdev%5Cserver%5Cchunks%5Cssr%5C%5Broot-of-the-server%5D__1622ik9._.js?71:1378:227)
    at Array.map (<anonymous>:1:18)
    at ProgrammeCard (about://React/Server/D:%5C%D0%BF%D1%80%D0%BE%D0%B5%D0%BA%D1%82%D1%8B%5CUnikchoose%5C.next%5Cdev%5Cserver%5Cchunks%5Cssr%5C%5Broot-of-the-server%5D__1622ik9._.js?72:1365:64)
    at resolveErrorDev (http://localhost:3000/_next/static/chunks/node_modules_next_dist_compiled_react-server-dom-turbopack_164kp-6._.js:1937:105)
    at getOutlinedModel (http://localhost:3000/_next/static/chunks/node_modules_next_dist_compiled_react-server-dom-turbopack_164kp-6._.js:1487:28)
    at parseModelString (http://localhost:3000/_next/static/chunks/node_modules_next_dist_compiled_react-server-dom-turbopack_164kp-6._.js:1602:50)
    at reviveModel (http://localhost:3000/_next/static/chunks/node_modules_next_dist_compiled_react-server-dom-turbopack_164kp-6._.js:2544:66)
    at parseModel (http://localhost:3000/_next/static/chunks/node_modules_next_dist_compiled_react-server-dom-turbopack_164kp-6._.js:2539:16)
    at initializeModelChunk (http://localhost:3000/_next/static/chunks/node_modules_next_dist_compiled_react-server-dom-turbopack_164kp-6._.js:1100:25)
    at getOutlinedModel (http://localhost:3000/_next/static/chunks/node_modules_next_dist_compiled_react-server-dom-turbopack_164kp-6._.js:1423:17)
    at parseModelString (http://localhost:3000/_next/static/chunks/node_modules_next_dist_compiled_react-server-dom-turbopack_164kp-6._.js:1657:50)
    at reviveModel (http://localhost:3000/_next/static/chunks/node_modules_next_dist_compiled_react-server-dom-turbopack_164kp-6._.js:2544:66)
    at reviveModel (http://localhost:3000/_next/static/chunks/node_modules_next_dist_compiled_react-server-dom-turbopack_164kp-6._.js:2547:61)
    at parseModel (http://localhost:3000/_next/static/chunks/node_modules_next_dist_compiled_react-server-dom-turbopack_164kp-6._.js:2539:16)
    at initializeModelChunk (http://localhost:3000/_next/static/chunks/node_modules_next_dist_compiled_react-server-dom-turbopack_164kp-6._.js:1100:25)
    at resolveConsoleEntry (http://localhost:3000/_next/static/chunks/node_modules_next_dist_compiled_react-server-dom-turbopack_164kp-6._.js:2069:96)
    at processFullStringRow (http://localhost:3000/_next/static/chunks/node_modules_next_dist_compiled_react-server-dom-turbopack_164kp-6._.js:2475:17)
    at processFullBinaryRow (http://localhost:3000/_next/static/chunks/node_modules_next_dist_compiled_react-server-dom-turbopack_164kp-6._.js:2415:9)
    at processBinaryChunk (http://localhost:3000/_next/static/chunks/node_modules_next_dist_compiled_react-server-dom-turbopack_164kp-6._.js:2524:221)
    at progress (http://localhost:3000/_next/static/chunks/node_modules_next_dist_compiled_react-server-dom-turbopack_164kp-6._.js:2698:20) @ http://localhost:3000/_next/static/chunks/node_modules_next_dist_1e8vcs8._.js:1052
[  247455ms] [ERROR] %c%s%c background: #e6e6e6;background: light-dark(rgba(0,0,0,0.1), rgba(255,255,255,0.25));color: #000000;color: light-dark(#000000, #ffffff);border-radius: 2px  Server   Error: MISSING_MESSAGE: Could not resolve `admission.deadlineSoon` in messages for locale `en`.
    at renderMatchMessage (about://React/Server/D:%5C%D0%BF%D1%80%D0%BE%D0%B5%D0%BA%D1%82%D1%8B%5CUnikchoose%5C.next%5Cdev%5Cserver%5Cchunks%5Cssr%5C%5Broot-of-the-server%5D__1622ik9._.js?65:822:12)
    at <anonymous> (about://React/Server/D:%5C%D0%BF%D1%80%D0%BE%D0%B5%D0%BA%D1%82%D1%8B%5CUnikchoose%5C.next%5Cdev%5Cserver%5Cchunks%5Cssr%5C%5Broot-of-the-server%5D__1622ik9._.js?71:1378:227)
    at Array.map (<anonymous>:1:18)
    at ProgrammeCard (about://React/Server/D:%5C%D0%BF%D1%80%D0%BE%D0%B5%D0%BA%D1%82%D1%8B%5CUnikchoose%5C.next%5Cdev%5Cserver%5Cchunks%5Cssr%5C%5Broot-of-the-server%5D__1622ik9._.js?72:1365:64)
    at resolveErrorDev (http://localhost:3000/_next/static/chunks/node_modules_next_dist_compiled_react-server-dom-turbopack_164kp-6._.js:1937:105)
    at getOutlinedModel (http://localhost:3000/_next/static/chunks/node_modules_next_dist_compiled_react-server-dom-turbopack_164kp-6._.js:1487:28)
    at parseModelString (http://localhost:3000/_next/static/chunks/node_modules_next_dist_compiled_react-server-dom-turbopack_164kp-6._.js:1602:50)
    at reviveModel (http://localhost:3000/_next/static/chunks/node_modules_next_dist_compiled_react-server-dom-turbopack_164kp-6._.js:2544:66)
    at parseModel (http://localhost:3000/_next/static/chunks/node_modules_next_dist_compiled_react-server-dom-turbopack_164kp-6._.js:2539:16)
    at initializeModelChunk (http://localhost:3000/_next/static/chunks/node_modules_next_dist_compiled_react-server-dom-turbopack_164kp-6._.js:1100:25)
    at getOutlinedModel (http://localhost:3000/_next/static/chunks/node_modules_next_dist_compiled_react-server-dom-turbopack_164kp-6._.js:1423:17)
    at parseModelString (http://localhost:3000/_next/static/chunks/node_modules_next_dist_compiled_react-server-dom-turbopack_164kp-6._.js:1657:50)
    at reviveModel (http://localhost:3000/_next/static/chunks/node_modules_next_dist_compiled_react-server-dom-turbopack_164kp-6._.js:2544:66)
    at reviveModel (http://localhost:3000/_next/static/chunks/node_modules_next_dist_compiled_react-server-dom-turbopack_164kp-6._.js:2547:61)
    at parseModel (http://localhost:3000/_next/static/chunks/node_modules_next_dist_compiled_react-server-dom-turbopack_164kp-6._.js:2539:16)
    at initializeModelChunk (http://localhost:3000/_next/static/chunks/node_modules_next_dist_compiled_react-server-dom-turbopack_164kp-6._.js:1100:25)
    at resolveConsoleEntry (http://localhost:3000/_next/static/chunks/node_modules_next_dist_compiled_react-server-dom-turbopack_164kp-6._.js:2069:96)
    at processFullStringRow (http://localhost:3000/_next/static/chunks/node_modules_next_dist_compiled_react-server-dom-turbopack_164kp-6._.js:2475:17)
    at processFullBinaryRow (http://localhost:3000/_next/static/chunks/node_modules_next_dist_compiled_react-server-dom-turbopack_164kp-6._.js:2415:9)
    at processBinaryChunk (http://localhost:3000/_next/static/chunks/node_modules_next_dist_compiled_react-server-dom-turbopack_164kp-6._.js:2524:221)
    at progress (http://localhost:3000/_next/static/chunks/node_modules_next_dist_compiled_react-server-dom-turbopack_164kp-6._.js:2698:20) @ http://localhost:3000/_next/static/chunks/node_modules_next_dist_1e8vcs8._.js:1052
[  247455ms] [ERROR] %c%s%c background: #e6e6e6;background: light-dark(rgba(0,0,0,0.1), rgba(255,255,255,0.25));color: #000000;color: light-dark(#000000, #ffffff);border-radius: 2px  Server   Error: MISSING_MESSAGE: Could not resolve `career.missingData` in messages for locale `en`.
    at renderMatchMessage (about://React/Server/D:%5C%D0%BF%D1%80%D0%BE%D0%B5%D0%BA%D1%82%D1%8B%5CUnikchoose%5C.next%5Cdev%5Cserver%5Cchunks%5Cssr%5C%5Broot-of-the-server%5D__1622ik9._.js?65:822:12)
    at <anonymous> (about://React/Server/D:%5C%D0%BF%D1%80%D0%BE%D0%B5%D0%BA%D1%82%D1%8B%5CUnikchoose%5C.next%5Cdev%5Cserver%5Cchunks%5Cssr%5C%5Broot-of-the-server%5D__1622ik9._.js?71:1378:227)
    at Array.map (<anonymous>:1:18)
    at ProgrammeCard (about://React/Server/D:%5C%D0%BF%D1%80%D0%BE%D0%B5%D0%BA%D1%82%D1%8B%5CUnikchoose%5C.next%5Cdev%5Cserver%5Cchunks%5Cssr%5C%5Broot-of-the-server%5D__1622ik9._.js?72:1365:64)
    at resolveErrorDev (http://localhost:3000/_next/static/chunks/node_modules_next_dist_compiled_react-server-dom-turbopack_164kp-6._.js:1937:105)
    at getOutlinedModel (http://localhost:3000/_next/static/chunks/node_modules_next_dist_compiled_react-server-dom-turbopack_164kp-6._.js:1487:28)
    at parseModelString (http://localhost:3000/_next/static/chunks/node_modules_next_dist_compiled_react-server-dom-turbopack_164kp-6._.js:1602:50)
    at reviveModel (http://localhost:3000/_next/static/chunks/node_modules_next_dist_compiled_react-server-dom-turbopack_164kp-6._.js:2544:66)
    at parseModel (http://localhost:3000/_next/static/chunks/node_modules_next_dist_compiled_react-server-dom-turbopack_164kp-6._.js:2539:16)
    at initializeModelChunk (http://localhost:3000/_next/static/chunks/node_modules_next_dist_compiled_react-server-dom-turbopack_164kp-6._.js:1100:25)
    at getOutlinedModel (http://localhost:3000/_next/static/chunks/node_modules_next_dist_compiled_react-server-dom-turbopack_164kp-6._.js:1423:17)
    at parseModelString (http://localhost:3000/_next/static/chunks/node_modules_next_dist_compiled_react-server-dom-turbopack_164kp-6._.js:1657:50)
    at reviveModel (http://localhost:3000/_next/static/chunks/node_modules_next_dist_compiled_react-server-dom-turbopack_164kp-6._.js:2544:66)
    at reviveModel (http://localhost:3000/_next/static/chunks/node_modules_next_dist_compiled_react-server-dom-turbopack_164kp-6._.js:2547:61)
    at parseModel (http://localhost:3000/_next/static/chunks/node_modules_next_dist_compiled_react-server-dom-turbopack_164kp-6._.js:2539:16)
    at initializeModelChunk (http://localhost:3000/_next/static/chunks/node_modules_next_dist_compiled_react-server-dom-turbopack_164kp-6._.js:1100:25)
    at resolveConsoleEntry (http://localhost:3000/_next/static/chunks/node_modules_next_dist_compiled_react-server-dom-turbopack_164kp-6._.js:2069:96)
    at processFullStringRow (http://localhost:3000/_next/static/chunks/node_modules_next_dist_compiled_react-server-dom-turbopack_164kp-6._.js:2475:17)
    at processFullBinaryRow (http://localhost:3000/_next/static/chunks/node_modules_next_dist_compiled_react-server-dom-turbopack_164kp-6._.js:2415:9)
    at processBinaryChunk (http://localhost:3000/_next/static/chunks/node_modules_next_dist_compiled_react-server-dom-turbopack_164kp-6._.js:2524:221)
    at progress (http://localhost:3000/_next/static/chunks/node_modules_next_dist_compiled_react-server-dom-turbopack_164kp-6._.js:2698:20) @ http://localhost:3000/_next/static/chunks/node_modules_next_dist_1e8vcs8._.js:1052
[  247456ms] [ERROR] %c%s%c background: #e6e6e6;background: light-dark(rgba(0,0,0,0.1), rgba(255,255,255,0.25));color: #000000;color: light-dark(#000000, #ffffff);border-radius: 2px  Server   Error: MISSING_MESSAGE: Could not resolve `format.missingPreference` in messages for locale `en`.
    at renderMatchMessage (about://React/Server/D:%5C%D0%BF%D1%80%D0%BE%D0%B5%D0%BA%D1%82%D1%8B%5CUnikchoose%5C.next%5Cdev%5Cserver%5Cchunks%5Cssr%5C%5Broot-of-the-server%5D__1622ik9._.js?65:822:12)
    at <anonymous> (about://React/Server/D:%5C%D0%BF%D1%80%D0%BE%D0%B5%D0%BA%D1%82%D1%8B%5CUnikchoose%5C.next%5Cdev%5Cserver%5Cchunks%5Cssr%5C%5Broot-of-the-server%5D__1622ik9._.js?71:1378:227)
    at Array.map (<anonymous>:1:18)
    at ProgrammeCard (about://React/Server/D:%5C%D0%BF%D1%80%D0%BE%D0%B5%D0%BA%D1%82%D1%8B%5CUnikchoose%5C.next%5Cdev%5Cserver%5Cchunks%5Cssr%5C%5Broot-of-the-server%5D__1622ik9._.js?72:1365:64)
    at resolveErrorDev (http://localhost:3000/_next/static/chunks/node_modules_next_dist_compiled_react-server-dom-turbopack_164kp-6._.js:1937:105)
    at getOutlinedModel (http://localhost:3000/_next/static/chunks/node_modules_next_dist_compiled_react-server-dom-turbopack_164kp-6._.js:1487:28)
    at parseModelString (http://localhost:3000/_next/static/chunks/node_modules_next_dist_compiled_react-server-dom-turbopack_164kp-6._.js:1602:50)
    at reviveModel (http://localhost:3000/_next/static/chunks/node_modules_next_dist_compiled_react-server-dom-turbopack_164kp-6._.js:2544:66)
    at parseModel (http://localhost:3000/_next/static/chunks/node_modules_next_dist_compiled_react-server-dom-turbopack_164kp-6._.js:2539:16)
    at initializeModelChunk (http://localhost:3000/_next/static/chunks/node_modules_next_dist_compiled_react-server-dom-turbopack_164kp-6._.js:1100:25)
    at getOutlinedModel (http://localhost:3000/_next/static/chunks/node_modules_next_dist_compiled_react-server-dom-turbopack_164kp-6._.js:1423:17)
    at parseModelString (http://localhost:3000/_next/static/chunks/node_modules_next_dist_compiled_react-server-dom-turbopack_164kp-6._.js:1657:50)
    at reviveModel (http://localhost:3000/_next/static/chunks/node_modules_next_dist_compiled_react-server-dom-turbopack_164kp-6._.js:2544:66)
    at reviveModel (http://localhost:3000/_next/static/chunks/node_modules_next_dist_compiled_react-server-dom-turbopack_164kp-6._.js:2547:61)
    at parseModel (http://localhost:3000/_next/static/chunks/node_modules_next_dist_compiled_react-server-dom-turbopack_164kp-6._.js:2539:16)
    at initializeModelChunk (http://localhost:3000/_next/static/chunks/node_modules_next_dist_compiled_react-server-dom-turbopack_164kp-6._.js:1100:25)
    at resolveConsoleEntry (http://localhost:3000/_next/static/chunks/node_modules_next_dist_compiled_react-server-dom-turbopack_164kp-6._.js:2069:96)
    at processFullStringRow (http://localhost:3000/_next/static/chunks/node_modules_next_dist_compiled_react-server-dom-turbopack_164kp-6._.js:2475:17)
    at processFullBinaryRow (http://localhost:3000/_next/static/chunks/node_modules_next_dist_compiled_react-server-dom-turbopack_164kp-6._.js:2415:9)
    at processBinaryChunk (http://localhost:3000/_next/static/chunks/node_modules_next_dist_compiled_react-server-dom-turbopack_164kp-6._.js:2524:221)
    at progress (http://localhost:3000/_next/static/chunks/node_modules_next_dist_compiled_react-server-dom-turbopack_164kp-6._.js:2698:20) @ http://localhost:3000/_next/static/chunks/node_modules_next_dist_1e8vcs8._.js:1052
[  247456ms] [ERROR] %c%s%c background: #e6e6e6;background: light-dark(rgba(0,0,0,0.1), rgba(255,255,255,0.25));color: #000000;color: light-dark(#000000, #ffffff);border-radius: 2px  Server   Error: MISSING_MESSAGE: Could not resolve `lifestyle.missingData` in messages for locale `en`.
    at renderMatchMessage (about://React/Server/D:%5C%D0%BF%D1%80%D0%BE%D0%B5%D0%BA%D1%82%D1%8B%5CUnikchoose%5C.next%5Cdev%5Cserver%5Cchunks%5Cssr%5C%5Broot-of-the-server%5D__1622ik9._.js?65:822:12)
    at <anonymous> (about://React/Server/D:%5C%D0%BF%D1%80%D0%BE%D0%B5%D0%BA%D1%82%D1%8B%5CUnikchoose%5C.next%5Cdev%5Cserver%5Cchunks%5Cssr%5C%5Broot-of-the-server%5D__1622ik9._.js?71:1378:227)
    at Array.map (<anonymous>:1:18)
    at ProgrammeCard (about://React/Server/D:%5C%D0%BF%D1%80%D0%BE%D0%B5%D0%BA%D1%82%D1%8B%5CUnikchoose%5C.next%5Cdev%5Cserver%5Cchunks%5Cssr%5C%5Broot-of-the-server%5D__1622ik9._.js?72:1365:64)
    at resolveErrorDev (http://localhost:3000/_next/static/chunks/node_modules_next_dist_compiled_react-server-dom-turbopack_164kp-6._.js:1937:105)
    at getOutlinedModel (http://localhost:3000/_next/static/chunks/node_modules_next_dist_compiled_react-server-dom-turbopack_164kp-6._.js:1487:28)
    at parseModelString (http://localhost:3000/_next/static/chunks/node_modules_next_dist_compiled_react-server-dom-turbopack_164kp-6._.js:1602:50)
    at reviveModel (http://localhost:3000/_next/static/chunks/node_modules_next_dist_compiled_react-server-dom-turbopack_164kp-6._.js:2544:66)
    at parseModel (http://localhost:3000/_next/static/chunks/node_modules_next_dist_compiled_react-server-dom-turbopack_164kp-6._.js:2539:16)
    at initializeModelChunk (http://localhost:3000/_next/static/chunks/node_modules_next_dist_compiled_react-server-dom-turbopack_164kp-6._.js:1100:25)
    at getOutlinedModel (http://localhost:3000/_next/static/chunks/node_modules_next_dist_compiled_react-server-dom-turbopack_164kp-6._.js:1423:17)
    at parseModelString (http://localhost:3000/_next/static/chunks/node_modules_next_dist_compiled_react-server-dom-turbopack_164kp-6._.js:1657:50)
    at reviveModel (http://localhost:3000/_next/static/chunks/node_modules_next_dist_compiled_react-server-dom-turbopack_164kp-6._.js:2544:66)
    at reviveModel (http://localhost:3000/_next/static/chunks/node_modules_next_dist_compiled_react-server-dom-turbopack_164kp-6._.js:2547:61)
    at parseModel (http://localhost:3000/_next/static/chunks/node_modules_next_dist_compiled_react-server-dom-turbopack_164kp-6._.js:2539:16)
    at initializeModelChunk (http://localhost:3000/_next/static/chunks/node_modules_next_dist_compiled_react-server-dom-turbopack_164kp-6._.js:1100:25)
    at resolveConsoleEntry (http://localhost:3000/_next/static/chunks/node_modules_next_dist_compiled_react-server-dom-turbopack_164kp-6._.js:2069:96)
    at processFullStringRow (http://localhost:3000/_next/static/chunks/node_modules_next_dist_compiled_react-server-dom-turbopack_164kp-6._.js:2475:17)
    at processFullBinaryRow (http://localhost:3000/_next/static/chunks/node_modules_next_dist_compiled_react-server-dom-turbopack_164kp-6._.js:2415:9)
    at processBinaryChunk (http://localhost:3000/_next/static/chunks/node_modules_next_dist_compiled_react-server-dom-turbopack_164kp-6._.js:2524:221)
    at progress (http://localhost:3000/_next/static/chunks/node_modules_next_dist_compiled_react-server-dom-turbopack_164kp-6._.js:2698:20) @ http://localhost:3000/_next/static/chunks/node_modules_next_dist_1e8vcs8._.js:1052
[  247456ms] [ERROR] %c%s%c background: #e6e6e6;background: light-dark(rgba(0,0,0,0.1), rgba(255,255,255,0.25));color: #000000;color: light-dark(#000000, #ffffff);border-radius: 2px  Server   Error: MISSING_MESSAGE: Could not resolve `language.matchesPreferredLanguage` in messages for locale `en`.
    at renderMatchMessage (about://React/Server/D:%5C%D0%BF%D1%80%D0%BE%D0%B5%D0%BA%D1%82%D1%8B%5CUnikchoose%5C.next%5Cdev%5Cserver%5Cchunks%5Cssr%5C%5Broot-of-the-server%5D__1622ik9._.js?65:822:12)
    at <anonymous> (about://React/Server/D:%5C%D0%BF%D1%80%D0%BE%D0%B5%D0%BA%D1%82%D1%8B%5CUnikchoose%5C.next%5Cdev%5Cserver%5Cchunks%5Cssr%5C%5Broot-of-the-server%5D__1622ik9._.js?66:1056:211)
    at Array.map (<anonymous>:1:18)
    at ProgrammeCard (about://React/Server/D:%5C%D0%BF%D1%80%D0%BE%D0%B5%D0%BA%D1%82%D1%8B%5CUnikchoose%5C.next%5Cdev%5Cserver%5Cchunks%5Cssr%5C%5Broot-of-the-server%5D__1622ik9._.js?67:1043:50)
    at resolveErrorDev (http://localhost:3000/_next/static/chunks/node_modules_next_dist_compiled_react-server-dom-turbopack_164kp-6._.js:1937:105)
    at getOutlinedModel (http://localhost:3000/_next/static/chunks/node_modules_next_dist_compiled_react-server-dom-turbopack_164kp-6._.js:1487:28)
    at parseModelString (http://localhost:3000/_next/static/chunks/node_modules_next_dist_compiled_react-server-dom-turbopack_164kp-6._.js:1602:50)
    at reviveModel (http://localhost:3000/_next/static/chunks/node_modules_next_dist_compiled_react-server-dom-turbopack_164kp-6._.js:2544:66)
    at parseModel (http://localhost:3000/_next/static/chunks/node_modules_next_dist_compiled_react-server-dom-turbopack_164kp-6._.js:2539:16)
    at initializeModelChunk (http://localhost:3000/_next/static/chunks/node_modules_next_dist_compiled_react-server-dom-turbopack_164kp-6._.js:1100:25)
    at getOutlinedModel (http://localhost:3000/_next/static/chunks/node_modules_next_dist_compiled_react-server-dom-turbopack_164kp-6._.js:1423:17)
    at parseModelString (http://localhost:3000/_next/static/chunks/node_modules_next_dist_compiled_react-server-dom-turbopack_164kp-6._.js:1657:50)
    at reviveModel (http://localhost:3000/_next/static/chunks/node_modules_next_dist_compiled_react-server-dom-turbopack_164kp-6._.js:2544:66)
    at reviveModel (http://localhost:3000/_next/static/chunks/node_modules_next_dist_compiled_react-server-dom-turbopack_164kp-6._.js:2547:61)
    at parseModel (http://localhost:3000/_next/static/chunks/node_modules_next_dist_compiled_react-server-dom-turbopack_164kp-6._.js:2539:16)
    at initializeModelChunk (http://localhost:3000/_next/static/chunks/node_modules_next_dist_compiled_react-server-dom-turbopack_164kp-6._.js:1100:25)
    at resolveConsoleEntry (http://localhost:3000/_next/static/chunks/node_modules_next_dist_compiled_react-server-dom-turbopack_164kp-6._.js:2069:96)
    at processFullStringRow (http://localhost:3000/_next/static/chunks/node_modules_next_dist_compiled_react-server-dom-turbopack_164kp-6._.js:2475:17)
    at processFullBinaryRow (http://localhost:3000/_next/static/chunks/node_modules_next_dist_compiled_react-server-dom-turbopack_164kp-6._.js:2415:9)
    at processBinaryChunk (http://localhost:3000/_next/static/chunks/node_modules_next_dist_compiled_react-server-dom-turbopack_164kp-6._.js:2524:221)
    at progress (http://localhost:3000/_next/static/chunks/node_modules_next_dist_compiled_react-server-dom-turbopack_164kp-6._.js:2698:20) @ http://localhost:3000/_next/static/chunks/node_modules_next_dist_1e8vcs8._.js:1052
[  247456ms] [ERROR] %c%s%c background: #e6e6e6;background: light-dark(rgba(0,0,0,0.1), rgba(255,255,255,0.25));color: #000000;color: light-dark(#000000, #ffffff);border-radius: 2px  Server   Error: MISSING_MESSAGE: Could not resolve `admission.noEntranceExam` in messages for locale `en`.
    at renderMatchMessage (about://React/Server/D:%5C%D0%BF%D1%80%D0%BE%D0%B5%D0%BA%D1%82%D1%8B%5CUnikchoose%5C.next%5Cdev%5Cserver%5Cchunks%5Cssr%5C%5Broot-of-the-server%5D__1622ik9._.js?65:822:12)
    at <anonymous> (about://React/Server/D:%5C%D0%BF%D1%80%D0%BE%D0%B5%D0%BA%D1%82%D1%8B%5CUnikchoose%5C.next%5Cdev%5Cserver%5Cchunks%5Cssr%5C%5Broot-of-the-server%5D__1622ik9._.js?66:1056:211)
    at Array.map (<anonymous>:1:18)
    at ProgrammeCard (about://React/Server/D:%5C%D0%BF%D1%80%D0%BE%D0%B5%D0%BA%D1%82%D1%8B%5CUnikchoose%5C.next%5Cdev%5Cserver%5Cchunks%5Cssr%5C%5Broot-of-the-server%5D__1622ik9._.js?67:1043:50)
    at resolveErrorDev (http://localhost:3000/_next/static/chunks/node_modules_next_dist_compiled_react-server-dom-turbopack_164kp-6._.js:1937:105)
    at getOutlinedModel (http://localhost:3000/_next/static/chunks/node_modules_next_dist_compiled_react-server-dom-turbopack_164kp-6._.js:1487:28)
    at parseModelString (http://localhost:3000/_next/static/chunks/node_modules_next_dist_compiled_react-server-dom-turbopack_164kp-6._.js:1602:50)
    at reviveModel (http://localhost:3000/_next/static/chunks/node_modules_next_dist_compiled_react-server-dom-turbopack_164kp-6._.js:2544:66)
    at parseModel (http://localhost:3000/_next/static/chunks/node_modules_next_dist_compiled_react-server-dom-turbopack_164kp-6._.js:2539:16)
    at initializeModelChunk (http://localhost:3000/_next/static/chunks/node_modules_next_dist_compiled_react-server-dom-turbopack_164kp-6._.js:1100:25)
    at getOutlinedModel (http://localhost:3000/_next/static/chunks/node_modules_next_dist_compiled_react-server-dom-turbopack_164kp-6._.js:1423:17)
    at parseModelString (http://localhost:3000/_next/static/chunks/node_modules_next_dist_compiled_react-server-dom-turbopack_164kp-6._.js:1657:50)
    at reviveModel (http://localhost:3000/_next/static/chunks/node_modules_next_dist_compiled_react-server-dom-turbopack_164kp-6._.js:2544:66)
    at reviveModel (http://localhost:3000/_next/static/chunks/node_modules_next_dist_compiled_react-server-dom-turbopack_164kp-6._.js:2547:61)
    at parseModel (http://localhost:3000/_next/static/chunks/node_modules_next_dist_compiled_react-server-dom-turbopack_164kp-6._.js:2539:16)
    at initializeModelChunk (http://localhost:3000/_next/static/chunks/node_modules_next_dist_compiled_react-server-dom-turbopack_164kp-6._.js:1100:25)
    at resolveConsoleEntry (http://localhost:3000/_next/static/chunks/node_modules_next_dist_compiled_react-server-dom-turbopack_164kp-6._.js:2069:96)
    at processFullStringRow (http://localhost:3000/_next/static/chunks/node_modules_next_dist_compiled_react-server-dom-turbopack_164kp-6._.js:2475:17)
    at processFullBinaryRow (http://localhost:3000/_next/static/chunks/node_modules_next_dist_compiled_react-server-dom-turbopack_164kp-6._.js:2415:9)
    at processBinaryChunk (http://localhost:3000/_next/static/chunks/node_modules_next_dist_compiled_react-server-dom-turbopack_164kp-6._.js:2524:221)
    at progress (http://localhost:3000/_next/static/chunks/node_modules_next_dist_compiled_react-server-dom-turbopack_164kp-6._.js:2698:20) @ http://localhost:3000/_next/static/chunks/node_modules_next_dist_1e8vcs8._.js:1052
[  247456ms] [ERROR] %c%s%c background: #e6e6e6;background: light-dark(rgba(0,0,0,0.1), rgba(255,255,255,0.25));color: #000000;color: light-dark(#000000, #ffffff);border-radius: 2px  Server   Error: MISSING_MESSAGE: Could not resolve `support.internationalOffice` in messages for locale `en`.
    at renderMatchMessage (about://React/Server/D:%5C%D0%BF%D1%80%D0%BE%D0%B5%D0%BA%D1%82%D1%8B%5CUnikchoose%5C.next%5Cdev%5Cserver%5Cchunks%5Cssr%5C%5Broot-of-the-server%5D__1622ik9._.js?65:822:12)
    at <anonymous> (about://React/Server/D:%5C%D0%BF%D1%80%D0%BE%D0%B5%D0%BA%D1%82%D1%8B%5CUnikchoose%5C.next%5Cdev%5Cserver%5Cchunks%5Cssr%5C%5Broot-of-the-server%5D__1622ik9._.js?66:1056:211)
    at Array.map (<anonymous>:1:18)
    at ProgrammeCard (about://React/Server/D:%5C%D0%BF%D1%80%D0%BE%D0%B5%D0%BA%D1%82%D1%8B%5CUnikchoose%5C.next%5Cdev%5Cserver%5Cchunks%5Cssr%5C%5Broot-of-the-server%5D__1622ik9._.js?67:1043:50)
    at resolveErrorDev (http://localhost:3000/_next/static/chunks/node_modules_next_dist_compiled_react-server-dom-turbopack_164kp-6._.js:1937:105)
    at getOutlinedModel (http://localhost:3000/_next/static/chunks/node_modules_next_dist_compiled_react-server-dom-turbopack_164kp-6._.js:1487:28)
    at parseModelString (http://localhost:3000/_next/static/chunks/node_modules_next_dist_compiled_react-server-dom-turbopack_164kp-6._.js:1602:50)
    at reviveModel (http://localhost:3000/_next/static/chunks/node_modules_next_dist_compiled_react-server-dom-turbopack_164kp-6._.js:2544:66)
    at parseModel (http://localhost:3000/_next/static/chunks/node_modules_next_dist_compiled_react-server-dom-turbopack_164kp-6._.js:2539:16)
    at initializeModelChunk (http://localhost:3000/_next/static/chunks/node_modules_next_dist_compiled_react-server-dom-turbopack_164kp-6._.js:1100:25)
    at getOutlinedModel (http://localhost:3000/_next/static/chunks/node_modules_next_dist_compiled_react-server-dom-turbopack_164kp-6._.js:1423:17)
    at parseModelString (http://localhost:3000/_next/static/chunks/node_modules_next_dist_compiled_react-server-dom-turbopack_164kp-6._.js:1657:50)
    at reviveModel (http://localhost:3000/_next/static/chunks/node_modules_next_dist_compiled_react-server-dom-turbopack_164kp-6._.js:2544:66)
    at reviveModel (http://localhost:3000/_next/static/chunks/node_modules_next_dist_compiled_react-server-dom-turbopack_164kp-6._.js:2547:61)
    at parseModel (http://localhost:3000/_next/static/chunks/node_modules_next_dist_compiled_react-server-dom-turbopack_164kp-6._.js:2539:16)
    at initializeModelChunk (http://localhost:3000/_next/static/chunks/node_modules_next_dist_compiled_react-server-dom-turbopack_164kp-6._.js:1100:25)
    at resolveConsoleEntry (http://localhost:3000/_next/static/chunks/node_modules_next_dist_compiled_react-server-dom-turbopack_164kp-6._.js:2069:96)
    at processFullStringRow (http://localhost:3000/_next/static/chunks/node_modules_next_dist_compiled_react-server-dom-turbopack_164kp-6._.js:2475:17)
    at processFullBinaryRow (http://localhost:3000/_next/static/chunks/node_modules_next_dist_compiled_react-server-dom-turbopack_164kp-6._.js:2415:9)
    at processBinaryChunk (http://localhost:3000/_next/static/chunks/node_modules_next_dist_compiled_react-server-dom-turbopack_164kp-6._.js:2524:221)
    at progress (http://localhost:3000/_next/static/chunks/node_modules_next_dist_compiled_react-server-dom-turbopack_164kp-6._.js:2698:20) @ http://localhost:3000/_next/static/chunks/node_modules_next_dist_1e8vcs8._.js:1052
[  247456ms] [ERROR] %c%s%c background: #e6e6e6;background: light-dark(rgba(0,0,0,0.1), rgba(255,255,255,0.25));color: #000000;color: light-dark(#000000, #ffffff);border-radius: 2px  Server   Error: MISSING_MESSAGE: Could not resolve `budget.missingBudget` in messages for locale `en`.
    at renderMatchMessage (about://React/Server/D:%5C%D0%BF%D1%80%D0%BE%D0%B5%D0%BA%D1%82%D1%8B%5CUnikchoose%5C.next%5Cdev%5Cserver%5Cchunks%5Cssr%5C%5Broot-of-the-server%5D__1622ik9._.js?65:822:12)
    at ProgrammeCard (about://React/Server/D:%5C%D0%BF%D1%80%D0%BE%D0%B5%D0%BA%D1%82%D1%8B%5CUnikchoose%5C.next%5Cdev%5Cserver%5Cchunks%5Cssr%5C%5Broot-of-the-server%5D__1622ik9._.js?70:1102:203)
    at resolveErrorDev (http://localhost:3000/_next/static/chunks/node_modules_next_dist_compiled_react-server-dom-turbopack_164kp-6._.js:1937:105)
    at getOutlinedModel (http://localhost:3000/_next/static/chunks/node_modules_next_dist_compiled_react-server-dom-turbopack_164kp-6._.js:1487:28)
    at parseModelString (http://localhost:3000/_next/static/chunks/node_modules_next_dist_compiled_react-server-dom-turbopack_164kp-6._.js:1602:50)
    at reviveModel (http://localhost:3000/_next/static/chunks/node_modules_next_dist_compiled_react-server-dom-turbopack_164kp-6._.js:2544:66)
    at parseModel (http://localhost:3000/_next/static/chunks/node_modules_next_dist_compiled_react-server-dom-turbopack_164kp-6._.js:2539:16)
    at initializeModelChunk (http://localhost:3000/_next/static/chunks/node_modules_next_dist_compiled_react-server-dom-turbopack_164kp-6._.js:1100:25)
    at getOutlinedModel (http://localhost:3000/_next/static/chunks/node_modules_next_dist_compiled_react-server-dom-turbopack_164kp-6._.js:1423:17)
    at parseModelString (http://localhost:3000/_next/static/chunks/node_modules_next_dist_compiled_react-server-dom-turbopack_164kp-6._.js:1657:50)
    at reviveModel (http://localhost:3000/_next/static/chunks/node_modules_next_dist_compiled_react-server-dom-turbopack_164kp-6._.js:2544:66)
    at reviveModel (http://localhost:3000/_next/static/chunks/node_modules_next_dist_compiled_react-server-dom-turbopack_164kp-6._.js:2547:61)
    at parseModel (http://localhost:3000/_next/static/chunks/node_modules_next_dist_compiled_react-server-dom-turbopack_164kp-6._.js:2539:16)
    at initializeModelChunk (http://localhost:3000/_next/static/chunks/node_modules_next_dist_compiled_react-server-dom-turbopack_164kp-6._.js:1100:25)
    at resolveConsoleEntry (http://localhost:3000/_next/static/chunks/node_modules_next_dist_compiled_react-server-dom-turbopack_164kp-6._.js:2069:96)
    at processFullStringRow (http://localhost:3000/_next/static/chunks/node_modules_next_dist_compiled_react-server-dom-turbopack_164kp-6._.js:2475:17)
    at processFullBinaryRow (http://localhost:3000/_next/static/chunks/node_modules_next_dist_compiled_react-server-dom-turbopack_164kp-6._.js:2415:9)
    at processBinaryChunk (http://localhost:3000/_next/static/chunks/node_modules_next_dist_compiled_react-server-dom-turbopack_164kp-6._.js:2524:221)
    at progress (http://localhost:3000/_next/static/chunks/node_modules_next_dist_compiled_react-server-dom-turbopack_164kp-6._.js:2698:20) @ http://localhost:3000/_next/static/chunks/node_modules_next_dist_1e8vcs8._.js:1052
[  247456ms] [ERROR] %c%s%c background: #e6e6e6;background: light-dark(rgba(0,0,0,0.1), rgba(255,255,255,0.25));color: #000000;color: light-dark(#000000, #ffffff);border-radius: 2px  Server   Error: MISSING_MESSAGE: Could not resolve `support.dormitory` in messages for locale `en`.
    at renderMatchMessage (about://React/Server/D:%5C%D0%BF%D1%80%D0%BE%D0%B5%D0%BA%D1%82%D1%8B%5CUnikchoose%5C.next%5Cdev%5Cserver%5Cchunks%5Cssr%5C%5Broot-of-the-server%5D__1622ik9._.js?65:822:12)
    at <anonymous> (about://React/Server/D:%5C%D0%BF%D1%80%D0%BE%D0%B5%D0%BA%D1%82%D1%8B%5CUnikchoose%5C.next%5Cdev%5Cserver%5Cchunks%5Cssr%5C%5Broot-of-the-server%5D__1622ik9._.js?73:1329:227)
    at Array.map (<anonymous>:1:18)
    at ProgrammeCard (about://React/Server/D:%5C%D0%BF%D1%80%D0%BE%D0%B5%D0%BA%D1%82%D1%8B%5CUnikchoose%5C.next%5Cdev%5Cserver%5Cchunks%5Cssr%5C%5Broot-of-the-server%5D__1622ik9._.js?74:1316:63)
    at resolveErrorDev (http://localhost:3000/_next/static/chunks/node_modules_next_dist_compiled_react-server-dom-turbopack_164kp-6._.js:1937:105)
    at getOutlinedModel (http://localhost:3000/_next/static/chunks/node_modules_next_dist_compiled_react-server-dom-turbopack_164kp-6._.js:1487:28)
    at parseModelString (http://localhost:3000/_next/static/chunks/node_modules_next_dist_compiled_react-server-dom-turbopack_164kp-6._.js:1602:50)
    at reviveModel (http://localhost:3000/_next/static/chunks/node_modules_next_dist_compiled_react-server-dom-turbopack_164kp-6._.js:2544:66)
    at parseModel (http://localhost:3000/_next/static/chunks/node_modules_next_dist_compiled_react-server-dom-turbopack_164kp-6._.js:2539:16)
    at initializeModelChunk (http://localhost:3000/_next/static/chunks/node_modules_next_dist_compiled_react-server-dom-turbopack_164kp-6._.js:1100:25)
    at getOutlinedModel (http://localhost:3000/_next/static/chunks/node_modules_next_dist_compiled_react-server-dom-turbopack_164kp-6._.js:1423:17)
    at parseModelString (http://localhost:3000/_next/static/chunks/node_modules_next_dist_compiled_react-server-dom-turbopack_164kp-6._.js:1657:50)
    at reviveModel (http://localhost:3000/_next/static/chunks/node_modules_next_dist_compiled_react-server-dom-turbopack_164kp-6._.js:2544:66)
    at reviveModel (http://localhost:3000/_next/static/chunks/node_modules_next_dist_compiled_react-server-dom-turbopack_164kp-6._.js:2547:61)
    at parseModel (http://localhost:3000/_next/static/chunks/node_modules_next_dist_compiled_react-server-dom-turbopack_164kp-6._.js:2539:16)
    at initializeModelChunk (http://localhost:3000/_next/static/chunks/node_modules_next_dist_compiled_react-server-dom-turbopack_164kp-6._.js:1100:25)
    at resolveConsoleEntry (http://localhost:3000/_next/static/chunks/node_modules_next_dist_compiled_react-server-dom-turbopack_164kp-6._.js:2069:96)
    at processFullStringRow (http://localhost:3000/_next/static/chunks/node_modules_next_dist_compiled_react-server-dom-turbopack_164kp-6._.js:2475:17)
    at processFullBinaryRow (http://localhost:3000/_next/static/chunks/node_modules_next_dist_compiled_react-server-dom-turbopack_164kp-6._.js:2415:9)
    at processBinaryChunk (http://localhost:3000/_next/static/chunks/node_modules_next_dist_compiled_react-server-dom-turbopack_164kp-6._.js:2524:221)
    at progress (http://localhost:3000/_next/static/chunks/node_modules_next_dist_compiled_react-server-dom-turbopack_164kp-6._.js:2698:20) @ http://localhost:3000/_next/static/chunks/node_modules_next_dist_1e8vcs8._.js:1052
[  247456ms] [ERROR] %c%s%c background: #e6e6e6;background: light-dark(rgba(0,0,0,0.1), rgba(255,255,255,0.25));color: #000000;color: light-dark(#000000, #ffffff);border-radius: 2px  Server   Error: MISSING_MESSAGE: Could not resolve `location.missingLocationPreference` in messages for locale `en`.
    at renderMatchMessage (about://React/Server/D:%5C%D0%BF%D1%80%D0%BE%D0%B5%D0%BA%D1%82%D1%8B%5CUnikchoose%5C.next%5Cdev%5Cserver%5Cchunks%5Cssr%5C%5Broot-of-the-server%5D__1622ik9._.js?65:822:12)
    at <anonymous> (about://React/Server/D:%5C%D0%BF%D1%80%D0%BE%D0%B5%D0%BA%D1%82%D1%8B%5CUnikchoose%5C.next%5Cdev%5Cserver%5Cchunks%5Cssr%5C%5Broot-of-the-server%5D__1622ik9._.js?71:1378:227)
    at Array.map (<anonymous>:1:18)
    at ProgrammeCard (about://React/Server/D:%5C%D0%BF%D1%80%D0%BE%D0%B5%D0%BA%D1%82%D1%8B%5CUnikchoose%5C.next%5Cdev%5Cserver%5Cchunks%5Cssr%5C%5Broot-of-the-server%5D__1622ik9._.js?72:1365:64)
    at resolveErrorDev (http://localhost:3000/_next/static/chunks/node_modules_next_dist_compiled_react-server-dom-turbopack_164kp-6._.js:1937:105)
    at getOutlinedModel (http://localhost:3000/_next/static/chunks/node_modules_next_dist_compiled_react-server-dom-turbopack_164kp-6._.js:1487:28)
    at parseModelString (http://localhost:3000/_next/static/chunks/node_modules_next_dist_compiled_react-server-dom-turbopack_164kp-6._.js:1602:50)
    at reviveModel (http://localhost:3000/_next/static/chunks/node_modules_next_dist_compiled_react-server-dom-turbopack_164kp-6._.js:2544:66)
    at parseModel (http://localhost:3000/_next/static/chunks/node_modules_next_dist_compiled_react-server-dom-turbopack_164kp-6._.js:2539:16)
    at initializeModelChunk (http://localhost:3000/_next/static/chunks/node_modules_next_dist_compiled_react-server-dom-turbopack_164kp-6._.js:1100:25)
    at getOutlinedModel (http://localhost:3000/_next/static/chunks/node_modules_next_dist_compiled_react-server-dom-turbopack_164kp-6._.js:1423:17)
    at parseModelString (http://localhost:3000/_next/static/chunks/node_modules_next_dist_compiled_react-server-dom-turbopack_164kp-6._.js:1657:50)
    at reviveModel (http://localhost:3000/_next/static/chunks/node_modules_next_dist_compiled_react-server-dom-turbopack_164kp-6._.js:2544:66)
    at reviveModel (http://localhost:3000/_next/static/chunks/node_modules_next_dist_compiled_react-server-dom-turbopack_164kp-6._.js:2547:61)
    at parseModel (http://localhost:3000/_next/static/chunks/node_modules_next_dist_compiled_react-server-dom-turbopack_164kp-6._.js:2539:16)
    at initializeModelChunk (http://localhost:3000/_next/static/chunks/node_modules_next_dist_compiled_react-server-dom-turbopack_164kp-6._.js:1100:25)
    at resolveConsoleEntry (http://localhost:3000/_next/static/chunks/node_modules_next_dist_compiled_react-server-dom-turbopack_164kp-6._.js:2069:96)
    at processFullStringRow (http://localhost:3000/_next/static/chunks/node_modules_next_dist_compiled_react-server-dom-turbopack_164kp-6._.js:2475:17)
    at processFullBinaryRow (http://localhost:3000/_next/static/chunks/node_modules_next_dist_compiled_react-server-dom-turbopack_164kp-6._.js:2415:9)
    at processBinaryChunk (http://localhost:3000/_next/static/chunks/node_modules_next_dist_compiled_react-server-dom-turbopack_164kp-6._.js:2524:221)
    at progress (http://localhost:3000/_next/static/chunks/node_modules_next_dist_compiled_react-server-dom-turbopack_164kp-6._.js:2698:20) @ http://localhost:3000/_next/static/chunks/node_modules_next_dist_1e8vcs8._.js:1052
[  247456ms] [ERROR] %c%s%c background: #e6e6e6;background: light-dark(rgba(0,0,0,0.1), rgba(255,255,255,0.25));color: #000000;color: light-dark(#000000, #ffffff);border-radius: 2px  Server   Error: MISSING_MESSAGE: Could not resolve `admission.deadlinePassed` in messages for locale `en`.
    at renderMatchMessage (about://React/Server/D:%5C%D0%BF%D1%80%D0%BE%D0%B5%D0%BA%D1%82%D1%8B%5CUnikchoose%5C.next%5Cdev%5Cserver%5Cchunks%5Cssr%5C%5Broot-of-the-server%5D__1622ik9._.js?65:822:12)
    at <anonymous> (about://React/Server/D:%5C%D0%BF%D1%80%D0%BE%D0%B5%D0%BA%D1%82%D1%8B%5CUnikchoose%5C.next%5Cdev%5Cserver%5Cchunks%5Cssr%5C%5Broot-of-the-server%5D__1622ik9._.js?71:1378:227)
    at Array.map (<anonymous>:1:18)
    at ProgrammeCard (about://React/Server/D:%5C%D0%BF%D1%80%D0%BE%D0%B5%D0%BA%D1%82%D1%8B%5CUnikchoose%5C.next%5Cdev%5Cserver%5Cchunks%5Cssr%5C%5Broot-of-the-server%5D__1622ik9._.js?72:1365:64)
    at resolveErrorDev (http://localhost:3000/_next/static/chunks/node_modules_next_dist_compiled_react-server-dom-turbopack_164kp-6._.js:1937:105)
    at getOutlinedModel (http://localhost:3000/_next/static/chunks/node_modules_next_dist_compiled_react-server-dom-turbopack_164kp-6._.js:1487:28)
    at parseModelString (http://localhost:3000/_next/static/chunks/node_modules_next_dist_compiled_react-server-dom-turbopack_164kp-6._.js:1602:50)
    at reviveModel (http://localhost:3000/_next/static/chunks/node_modules_next_dist_compiled_react-server-dom-turbopack_164kp-6._.js:2544:66)
    at parseModel (http://localhost:3000/_next/static/chunks/node_modules_next_dist_compiled_react-server-dom-turbopack_164kp-6._.js:2539:16)
    at initializeModelChunk (http://localhost:3000/_next/static/chunks/node_modules_next_dist_compiled_react-server-dom-turbopack_164kp-6._.js:1100:25)
    at getOutlinedModel (http://localhost:3000/_next/static/chunks/node_modules_next_dist_compiled_react-server-dom-turbopack_164kp-6._.js:1423:17)
    at parseModelString (http://localhost:3000/_next/static/chunks/node_modules_next_dist_compiled_react-server-dom-turbopack_164kp-6._.js:1657:50)
    at reviveModel (http://localhost:3000/_next/static/chunks/node_modules_next_dist_compiled_react-server-dom-turbopack_164kp-6._.js:2544:66)
    at reviveModel (http://localhost:3000/_next/static/chunks/node_modules_next_dist_compiled_react-server-dom-turbopack_164kp-6._.js:2547:61)
    at parseModel (http://localhost:3000/_next/static/chunks/node_modules_next_dist_compiled_react-server-dom-turbopack_164kp-6._.js:2539:16)
    at initializeModelChunk (http://localhost:3000/_next/static/chunks/node_modules_next_dist_compiled_react-server-dom-turbopack_164kp-6._.js:1100:25)
    at resolveConsoleEntry (http://localhost:3000/_next/static/chunks/node_modules_next_dist_compiled_react-server-dom-turbopack_164kp-6._.js:2069:96)
    at processFullStringRow (http://localhost:3000/_next/static/chunks/node_modules_next_dist_compiled_react-server-dom-turbopack_164kp-6._.js:2475:17)
    at processFullBinaryRow (http://localhost:3000/_next/static/chunks/node_modules_next_dist_compiled_react-server-dom-turbopack_164kp-6._.js:2415:9)
    at processBinaryChunk (http://localhost:3000/_next/static/chunks/node_modules_next_dist_compiled_react-server-dom-turbopack_164kp-6._.js:2524:221)
    at progress (http://localhost:3000/_next/static/chunks/node_modules_next_dist_compiled_react-server-dom-turbopack_164kp-6._.js:2698:20) @ http://localhost:3000/_next/static/chunks/node_modules_next_dist_1e8vcs8._.js:1052
[  247457ms] [ERROR] %c%s%c background: #e6e6e6;background: light-dark(rgba(0,0,0,0.1), rgba(255,255,255,0.25));color: #000000;color: light-dark(#000000, #ffffff);border-radius: 2px  Server   Error: MISSING_MESSAGE: Could not resolve `career.missingData` in messages for locale `en`.
    at renderMatchMessage (about://React/Server/D:%5C%D0%BF%D1%80%D0%BE%D0%B5%D0%BA%D1%82%D1%8B%5CUnikchoose%5C.next%5Cdev%5Cserver%5Cchunks%5Cssr%5C%5Broot-of-the-server%5D__1622ik9._.js?65:822:12)
    at <anonymous> (about://React/Server/D:%5C%D0%BF%D1%80%D0%BE%D0%B5%D0%BA%D1%82%D1%8B%5CUnikchoose%5C.next%5Cdev%5Cserver%5Cchunks%5Cssr%5C%5Broot-of-the-server%5D__1622ik9._.js?71:1378:227)
    at Array.map (<anonymous>:1:18)
    at ProgrammeCard (about://React/Server/D:%5C%D0%BF%D1%80%D0%BE%D0%B5%D0%BA%D1%82%D1%8B%5CUnikchoose%5C.next%5Cdev%5Cserver%5Cchunks%5Cssr%5C%5Broot-of-the-server%5D__1622ik9._.js?72:1365:64)
    at resolveErrorDev (http://localhost:3000/_next/static/chunks/node_modules_next_dist_compiled_react-server-dom-turbopack_164kp-6._.js:1937:105)
    at getOutlinedModel (http://localhost:3000/_next/static/chunks/node_modules_next_dist_compiled_react-server-dom-turbopack_164kp-6._.js:1487:28)
    at parseModelString (http://localhost:3000/_next/static/chunks/node_modules_next_dist_compiled_react-server-dom-turbopack_164kp-6._.js:1602:50)
    at reviveModel (http://localhost:3000/_next/static/chunks/node_modules_next_dist_compiled_react-server-dom-turbopack_164kp-6._.js:2544:66)
    at parseModel (http://localhost:3000/_next/static/chunks/node_modules_next_dist_compiled_react-server-dom-turbopack_164kp-6._.js:2539:16)
    at initializeModelChunk (http://localhost:3000/_next/static/chunks/node_modules_next_dist_compiled_react-server-dom-turbopack_164kp-6._.js:1100:25)
    at getOutlinedModel (http://localhost:3000/_next/static/chunks/node_modules_next_dist_compiled_react-server-dom-turbopack_164kp-6._.js:1423:17)
    at parseModelString (http://localhost:3000/_next/static/chunks/node_modules_next_dist_compiled_react-server-dom-turbopack_164kp-6._.js:1657:50)
    at reviveModel (http://localhost:3000/_next/static/chunks/node_modules_next_dist_compiled_react-server-dom-turbopack_164kp-6._.js:2544:66)
    at reviveModel (http://localhost:3000/_next/static/chunks/node_modules_next_dist_compiled_react-server-dom-turbopack_164kp-6._.js:2547:61)
    at parseModel (http://localhost:3000/_next/static/chunks/node_modules_next_dist_compiled_react-server-dom-turbopack_164kp-6._.js:2539:16)
    at initializeModelChunk (http://localhost:3000/_next/static/chunks/node_modules_next_dist_compiled_react-server-dom-turbopack_164kp-6._.js:1100:25)
    at resolveConsoleEntry (http://localhost:3000/_next/static/chunks/node_modules_next_dist_compiled_react-server-dom-turbopack_164kp-6._.js:2069:96)
    at processFullStringRow (http://localhost:3000/_next/static/chunks/node_modules_next_dist_compiled_react-server-dom-turbopack_164kp-6._.js:2475:17)
    at processFullBinaryRow (http://localhost:3000/_next/static/chunks/node_modules_next_dist_compiled_react-server-dom-turbopack_164kp-6._.js:2415:9)
    at processBinaryChunk (http://localhost:3000/_next/static/chunks/node_modules_next_dist_compiled_react-server-dom-turbopack_164kp-6._.js:2524:221)
    at progress (http://localhost:3000/_next/static/chunks/node_modules_next_dist_compiled_react-server-dom-turbopack_164kp-6._.js:2698:20) @ http://localhost:3000/_next/static/chunks/node_modules_next_dist_1e8vcs8._.js:1052
[  247457ms] [ERROR] %c%s%c background: #e6e6e6;background: light-dark(rgba(0,0,0,0.1), rgba(255,255,255,0.25));color: #000000;color: light-dark(#000000, #ffffff);border-radius: 2px  Server   Error: MISSING_MESSAGE: Could not resolve `format.missingPreference` in messages for locale `en`.
    at renderMatchMessage (about://React/Server/D:%5C%D0%BF%D1%80%D0%BE%D0%B5%D0%BA%D1%82%D1%8B%5CUnikchoose%5C.next%5Cdev%5Cserver%5Cchunks%5Cssr%5C%5Broot-of-the-server%5D__1622ik9._.js?65:822:12)
    at <anonymous> (about://React/Server/D:%5C%D0%BF%D1%80%D0%BE%D0%B5%D0%BA%D1%82%D1%8B%5CUnikchoose%5C.next%5Cdev%5Cserver%5Cchunks%5Cssr%5C%5Broot-of-the-server%5D__1622ik9._.js?71:1378:227)
    at Array.map (<anonymous>:1:18)
    at ProgrammeCard (about://React/Server/D:%5C%D0%BF%D1%80%D0%BE%D0%B5%D0%BA%D1%82%D1%8B%5CUnikchoose%5C.next%5Cdev%5Cserver%5Cchunks%5Cssr%5C%5Broot-of-the-server%5D__1622ik9._.js?72:1365:64)
    at resolveErrorDev (http://localhost:3000/_next/static/chunks/node_modules_next_dist_compiled_react-server-dom-turbopack_164kp-6._.js:1937:105)
    at getOutlinedModel (http://localhost:3000/_next/static/chunks/node_modules_next_dist_compiled_react-server-dom-turbopack_164kp-6._.js:1487:28)
    at parseModelString (http://localhost:3000/_next/static/chunks/node_modules_next_dist_compiled_react-server-dom-turbopack_164kp-6._.js:1602:50)
    at reviveModel (http://localhost:3000/_next/static/chunks/node_modules_next_dist_compiled_react-server-dom-turbopack_164kp-6._.js:2544:66)
    at parseModel (http://localhost:3000/_next/static/chunks/node_modules_next_dist_compiled_react-server-dom-turbopack_164kp-6._.js:2539:16)
    at initializeModelChunk (http://localhost:3000/_next/static/chunks/node_modules_next_dist_compiled_react-server-dom-turbopack_164kp-6._.js:1100:25)
    at getOutlinedModel (http://localhost:3000/_next/static/chunks/node_modules_next_dist_compiled_react-server-dom-turbopack_164kp-6._.js:1423:17)
    at parseModelString (http://localhost:3000/_next/static/chunks/node_modules_next_dist_compiled_react-server-dom-turbopack_164kp-6._.js:1657:50)
    at reviveModel (http://localhost:3000/_next/static/chunks/node_modules_next_dist_compiled_react-server-dom-turbopack_164kp-6._.js:2544:66)
    at reviveModel (http://localhost:3000/_next/static/chunks/node_modules_next_dist_compiled_react-server-dom-turbopack_164kp-6._.js:2547:61)
    at parseModel (http://localhost:3000/_next/static/chunks/node_modules_next_dist_compiled_react-server-dom-turbopack_164kp-6._.js:2539:16)
    at initializeModelChunk (http://localhost:3000/_next/static/chunks/node_modules_next_dist_compiled_react-server-dom-turbopack_164kp-6._.js:1100:25)
    at resolveConsoleEntry (http://localhost:3000/_next/static/chunks/node_modules_next_dist_compiled_react-server-dom-turbopack_164kp-6._.js:2069:96)
    at processFullStringRow (http://localhost:3000/_next/static/chunks/node_modules_next_dist_compiled_react-server-dom-turbopack_164kp-6._.js:2475:17)
    at processFullBinaryRow (http://localhost:3000/_next/static/chunks/node_modules_next_dist_compiled_react-server-dom-turbopack_164kp-6._.js:2415:9)
    at processBinaryChunk (http://localhost:3000/_next/static/chunks/node_modules_next_dist_compiled_react-server-dom-turbopack_164kp-6._.js:2524:221)
    at progress (http://localhost:3000/_next/static/chunks/node_modules_next_dist_compiled_react-server-dom-turbopack_164kp-6._.js:2698:20) @ http://localhost:3000/_next/static/chunks/node_modules_next_dist_1e8vcs8._.js:1052
[  247457ms] [ERROR] %c%s%c background: #e6e6e6;background: light-dark(rgba(0,0,0,0.1), rgba(255,255,255,0.25));color: #000000;color: light-dark(#000000, #ffffff);border-radius: 2px  Server   Error: MISSING_MESSAGE: Could not resolve `lifestyle.missingData` in messages for locale `en`.
    at renderMatchMessage (about://React/Server/D:%5C%D0%BF%D1%80%D0%BE%D0%B5%D0%BA%D1%82%D1%8B%5CUnikchoose%5C.next%5Cdev%5Cserver%5Cchunks%5Cssr%5C%5Broot-of-the-server%5D__1622ik9._.js?65:822:12)
    at <anonymous> (about://React/Server/D:%5C%D0%BF%D1%80%D0%BE%D0%B5%D0%BA%D1%82%D1%8B%5CUnikchoose%5C.next%5Cdev%5Cserver%5Cchunks%5Cssr%5C%5Broot-of-the-server%5D__1622ik9._.js?71:1378:227)
    at Array.map (<anonymous>:1:18)
    at ProgrammeCard (about://React/Server/D:%5C%D0%BF%D1%80%D0%BE%D0%B5%D0%BA%D1%82%D1%8B%5CUnikchoose%5C.next%5Cdev%5Cserver%5Cchunks%5Cssr%5C%5Broot-of-the-server%5D__1622ik9._.js?72:1365:64)
    at resolveErrorDev (http://localhost:3000/_next/static/chunks/node_modules_next_dist_compiled_react-server-dom-turbopack_164kp-6._.js:1937:105)
    at getOutlinedModel (http://localhost:3000/_next/static/chunks/node_modules_next_dist_compiled_react-server-dom-turbopack_164kp-6._.js:1487:28)
    at parseModelString (http://localhost:3000/_next/static/chunks/node_modules_next_dist_compiled_react-server-dom-turbopack_164kp-6._.js:1602:50)
    at reviveModel (http://localhost:3000/_next/static/chunks/node_modules_next_dist_compiled_react-server-dom-turbopack_164kp-6._.js:2544:66)
    at parseModel (http://localhost:3000/_next/static/chunks/node_modules_next_dist_compiled_react-server-dom-turbopack_164kp-6._.js:2539:16)
    at initializeModelChunk (http://localhost:3000/_next/static/chunks/node_modules_next_dist_compiled_react-server-dom-turbopack_164kp-6._.js:1100:25)
    at getOutlinedModel (http://localhost:3000/_next/static/chunks/node_modules_next_dist_compiled_react-server-dom-turbopack_164kp-6._.js:1423:17)
    at parseModelString (http://localhost:3000/_next/static/chunks/node_modules_next_dist_compiled_react-server-dom-turbopack_164kp-6._.js:1657:50)
    at reviveModel (http://localhost:3000/_next/static/chunks/node_modules_next_dist_compiled_react-server-dom-turbopack_164kp-6._.js:2544:66)
    at reviveModel (http://localhost:3000/_next/static/chunks/node_modules_next_dist_compiled_react-server-dom-turbopack_164kp-6._.js:2547:61)
    at parseModel (http://localhost:3000/_next/static/chunks/node_modules_next_dist_compiled_react-server-dom-turbopack_164kp-6._.js:2539:16)
    at initializeModelChunk (http://localhost:3000/_next/static/chunks/node_modules_next_dist_compiled_react-server-dom-turbopack_164kp-6._.js:1100:25)
    at resolveConsoleEntry (http://localhost:3000/_next/static/chunks/node_modules_next_dist_compiled_react-server-dom-turbopack_164kp-6._.js:2069:96)
    at processFullStringRow (http://localhost:3000/_next/static/chunks/node_modules_next_dist_compiled_react-server-dom-turbopack_164kp-6._.js:2475:17)
    at processFullBinaryRow (http://localhost:3000/_next/static/chunks/node_modules_next_dist_compiled_react-server-dom-turbopack_164kp-6._.js:2415:9)
    at processBinaryChunk (http://localhost:3000/_next/static/chunks/node_modules_next_dist_compiled_react-server-dom-turbopack_164kp-6._.js:2524:221)
    at progress (http://localhost:3000/_next/static/chunks/node_modules_next_dist_compiled_react-server-dom-turbopack_164kp-6._.js:2698:20) @ http://localhost:3000/_next/static/chunks/node_modules_next_dist_1e8vcs8._.js:1052
[  247457ms] [ERROR] %c%s%c background: #e6e6e6;background: light-dark(rgba(0,0,0,0.1), rgba(255,255,255,0.25));color: #000000;color: light-dark(#000000, #ffffff);border-radius: 2px  Server   Error: MISSING_MESSAGE: Could not resolve `language.matchesPreferredLanguage` in messages for locale `en`.
    at renderMatchMessage (about://React/Server/D:%5C%D0%BF%D1%80%D0%BE%D0%B5%D0%BA%D1%82%D1%8B%5CUnikchoose%5C.next%5Cdev%5Cserver%5Cchunks%5Cssr%5C%5Broot-of-the-server%5D__1622ik9._.js?65:822:12)
    at <anonymous> (about://React/Server/D:%5C%D0%BF%D1%80%D0%BE%D0%B5%D0%BA%D1%82%D1%8B%5CUnikchoose%5C.next%5Cdev%5Cserver%5Cchunks%5Cssr%5C%5Broot-of-the-server%5D__1622ik9._.js?66:1056:211)
    at Array.map (<anonymous>:1:18)
    at ProgrammeCard (about://React/Server/D:%5C%D0%BF%D1%80%D0%BE%D0%B5%D0%BA%D1%82%D1%8B%5CUnikchoose%5C.next%5Cdev%5Cserver%5Cchunks%5Cssr%5C%5Broot-of-the-server%5D__1622ik9._.js?67:1043:50)
    at resolveErrorDev (http://localhost:3000/_next/static/chunks/node_modules_next_dist_compiled_react-server-dom-turbopack_164kp-6._.js:1937:105)
    at getOutlinedModel (http://localhost:3000/_next/static/chunks/node_modules_next_dist_compiled_react-server-dom-turbopack_164kp-6._.js:1487:28)
    at parseModelString (http://localhost:3000/_next/static/chunks/node_modules_next_dist_compiled_react-server-dom-turbopack_164kp-6._.js:1602:50)
    at reviveModel (http://localhost:3000/_next/static/chunks/node_modules_next_dist_compiled_react-server-dom-turbopack_164kp-6._.js:2544:66)
    at parseModel (http://localhost:3000/_next/static/chunks/node_modules_next_dist_compiled_react-server-dom-turbopack_164kp-6._.js:2539:16)
    at initializeModelChunk (http://localhost:3000/_next/static/chunks/node_modules_next_dist_compiled_react-server-dom-turbopack_164kp-6._.js:1100:25)
    at getOutlinedModel (http://localhost:3000/_next/static/chunks/node_modules_next_dist_compiled_react-server-dom-turbopack_164kp-6._.js:1423:17)
    at parseModelString (http://localhost:3000/_next/static/chunks/node_modules_next_dist_compiled_react-server-dom-turbopack_164kp-6._.js:1657:50)
    at reviveModel (http://localhost:3000/_next/static/chunks/node_modules_next_dist_compiled_react-server-dom-turbopack_164kp-6._.js:2544:66)
    at reviveModel (http://localhost:3000/_next/static/chunks/node_modules_next_dist_compiled_react-server-dom-turbopack_164kp-6._.js:2547:61)
    at parseModel (http://localhost:3000/_next/static/chunks/node_modules_next_dist_compiled_react-server-dom-turbopack_164kp-6._.js:2539:16)
    at initializeModelChunk (http://localhost:3000/_next/static/chunks/node_modules_next_dist_compiled_react-server-dom-turbopack_164kp-6._.js:1100:25)
    at resolveConsoleEntry (http://localhost:3000/_next/static/chunks/node_modules_next_dist_compiled_react-server-dom-turbopack_164kp-6._.js:2069:96)
    at processFullStringRow (http://localhost:3000/_next/static/chunks/node_modules_next_dist_compiled_react-server-dom-turbopack_164kp-6._.js:2475:17)
    at processFullBinaryRow (http://localhost:3000/_next/static/chunks/node_modules_next_dist_compiled_react-server-dom-turbopack_164kp-6._.js:2415:9)
    at processBinaryChunk (http://localhost:3000/_next/static/chunks/node_modules_next_dist_compiled_react-server-dom-turbopack_164kp-6._.js:2524:221)
    at progress (http://localhost:3000/_next/static/chunks/node_modules_next_dist_compiled_react-server-dom-turbopack_164kp-6._.js:2698:20) @ http://localhost:3000/_next/static/chunks/node_modules_next_dist_1e8vcs8._.js:1052
[  247457ms] [ERROR] %c%s%c background: #e6e6e6;background: light-dark(rgba(0,0,0,0.1), rgba(255,255,255,0.25));color: #000000;color: light-dark(#000000, #ffffff);border-radius: 2px  Server   Error: MISSING_MESSAGE: Could not resolve `admission.noEntranceExam` in messages for locale `en`.
    at renderMatchMessage (about://React/Server/D:%5C%D0%BF%D1%80%D0%BE%D0%B5%D0%BA%D1%82%D1%8B%5CUnikchoose%5C.next%5Cdev%5Cserver%5Cchunks%5Cssr%5C%5Broot-of-the-server%5D__1622ik9._.js?65:822:12)
    at <anonymous> (about://React/Server/D:%5C%D0%BF%D1%80%D0%BE%D0%B5%D0%BA%D1%82%D1%8B%5CUnikchoose%5C.next%5Cdev%5Cserver%5Cchunks%5Cssr%5C%5Broot-of-the-server%5D__1622ik9._.js?66:1056:211)
    at Array.map (<anonymous>:1:18)
    at ProgrammeCard (about://React/Server/D:%5C%D0%BF%D1%80%D0%BE%D0%B5%D0%BA%D1%82%D1%8B%5CUnikchoose%5C.next%5Cdev%5Cserver%5Cchunks%5Cssr%5C%5Broot-of-the-server%5D__1622ik9._.js?67:1043:50)
    at resolveErrorDev (http://localhost:3000/_next/static/chunks/node_modules_next_dist_compiled_react-server-dom-turbopack_164kp-6._.js:1937:105)
    at getOutlinedModel (http://localhost:3000/_next/static/chunks/node_modules_next_dist_compiled_react-server-dom-turbopack_164kp-6._.js:1487:28)
    at parseModelString (http://localhost:3000/_next/static/chunks/node_modules_next_dist_compiled_react-server-dom-turbopack_164kp-6._.js:1602:50)
    at reviveModel (http://localhost:3000/_next/static/chunks/node_modules_next_dist_compiled_react-server-dom-turbopack_164kp-6._.js:2544:66)
    at parseModel (http://localhost:3000/_next/static/chunks/node_modules_next_dist_compiled_react-server-dom-turbopack_164kp-6._.js:2539:16)
    at initializeModelChunk (http://localhost:3000/_next/static/chunks/node_modules_next_dist_compiled_react-server-dom-turbopack_164kp-6._.js:1100:25)
    at getOutlinedModel (http://localhost:3000/_next/static/chunks/node_modules_next_dist_compiled_react-server-dom-turbopack_164kp-6._.js:1423:17)
    at parseModelString (http://localhost:3000/_next/static/chunks/node_modules_next_dist_compiled_react-server-dom-turbopack_164kp-6._.js:1657:50)
    at reviveModel (http://localhost:3000/_next/static/chunks/node_modules_next_dist_compiled_react-server-dom-turbopack_164kp-6._.js:2544:66)
    at reviveModel (http://localhost:3000/_next/static/chunks/node_modules_next_dist_compiled_react-server-dom-turbopack_164kp-6._.js:2547:61)
    at parseModel (http://localhost:3000/_next/static/chunks/node_modules_next_dist_compiled_react-server-dom-turbopack_164kp-6._.js:2539:16)
    at initializeModelChunk (http://localhost:3000/_next/static/chunks/node_modules_next_dist_compiled_react-server-dom-turbopack_164kp-6._.js:1100:25)
    at resolveConsoleEntry (http://localhost:3000/_next/static/chunks/node_modules_next_dist_compiled_react-server-dom-turbopack_164kp-6._.js:2069:96)
    at processFullStringRow (http://localhost:3000/_next/static/chunks/node_modules_next_dist_compiled_react-server-dom-turbopack_164kp-6._.js:2475:17)
    at processFullBinaryRow (http://localhost:3000/_next/static/chunks/node_modules_next_dist_compiled_react-server-dom-turbopack_164kp-6._.js:2415:9)
    at processBinaryChunk (http://localhost:3000/_next/static/chunks/node_modules_next_dist_compiled_react-server-dom-turbopack_164kp-6._.js:2524:221)
    at progress (http://localhost:3000/_next/static/chunks/node_modules_next_dist_compiled_react-server-dom-turbopack_164kp-6._.js:2698:20) @ http://localhost:3000/_next/static/chunks/node_modules_next_dist_1e8vcs8._.js:1052
[  247478ms] [ERROR] %c%s%c background: #e6e6e6;background: light-dark(rgba(0,0,0,0.1), rgba(255,255,255,0.25));color: #000000;color: light-dark(#000000, #ffffff);border-radius: 2px  Server   Error: MISSING_MESSAGE: Could not resolve `support.internationalOffice` in messages for locale `en`.
    at renderMatchMessage (about://React/Server/D:%5C%D0%BF%D1%80%D0%BE%D0%B5%D0%BA%D1%82%D1%8B%5CUnikchoose%5C.next%5Cdev%5Cserver%5Cchunks%5Cssr%5C%5Broot-of-the-server%5D__1622ik9._.js?65:822:12)
    at <anonymous> (about://React/Server/D:%5C%D0%BF%D1%80%D0%BE%D0%B5%D0%BA%D1%82%D1%8B%5CUnikchoose%5C.next%5Cdev%5Cserver%5Cchunks%5Cssr%5C%5Broot-of-the-server%5D__1622ik9._.js?66:1056:211)
    at Array.map (<anonymous>:1:18)
    at ProgrammeCard (about://React/Server/D:%5C%D0%BF%D1%80%D0%BE%D0%B5%D0%BA%D1%82%D1%8B%5CUnikchoose%5C.next%5Cdev%5Cserver%5Cchunks%5Cssr%5C%5Broot-of-the-server%5D__1622ik9._.js?67:1043:50)
    at resolveErrorDev (http://localhost:3000/_next/static/chunks/node_modules_next_dist_compiled_react-server-dom-turbopack_164kp-6._.js:1937:105)
    at getOutlinedModel (http://localhost:3000/_next/static/chunks/node_modules_next_dist_compiled_react-server-dom-turbopack_164kp-6._.js:1487:28)
    at parseModelString (http://localhost:3000/_next/static/chunks/node_modules_next_dist_compiled_react-server-dom-turbopack_164kp-6._.js:1602:50)
    at reviveModel (http://localhost:3000/_next/static/chunks/node_modules_next_dist_compiled_react-server-dom-turbopack_164kp-6._.js:2544:66)
    at parseModel (http://localhost:3000/_next/static/chunks/node_modules_next_dist_compiled_react-server-dom-turbopack_164kp-6._.js:2539:16)
    at initializeModelChunk (http://localhost:3000/_next/static/chunks/node_modules_next_dist_compiled_react-server-dom-turbopack_164kp-6._.js:1100:25)
    at getOutlinedModel (http://localhost:3000/_next/static/chunks/node_modules_next_dist_compiled_react-server-dom-turbopack_164kp-6._.js:1423:17)
    at parseModelString (http://localhost:3000/_next/static/chunks/node_modules_next_dist_compiled_react-server-dom-turbopack_164kp-6._.js:1657:50)
    at reviveModel (http://localhost:3000/_next/static/chunks/node_modules_next_dist_compiled_react-server-dom-turbopack_164kp-6._.js:2544:66)
    at reviveModel (http://localhost:3000/_next/static/chunks/node_modules_next_dist_compiled_react-server-dom-turbopack_164kp-6._.js:2547:61)
    at parseModel (http://localhost:3000/_next/static/chunks/node_modules_next_dist_compiled_react-server-dom-turbopack_164kp-6._.js:2539:16)
    at initializeModelChunk (http://localhost:3000/_next/static/chunks/node_modules_next_dist_compiled_react-server-dom-turbopack_164kp-6._.js:1100:25)
    at resolveConsoleEntry (http://localhost:3000/_next/static/chunks/node_modules_next_dist_compiled_react-server-dom-turbopack_164kp-6._.js:2069:96)
    at processFullStringRow (http://localhost:3000/_next/static/chunks/node_modules_next_dist_compiled_react-server-dom-turbopack_164kp-6._.js:2475:17)
    at processFullBinaryRow (http://localhost:3000/_next/static/chunks/node_modules_next_dist_compiled_react-server-dom-turbopack_164kp-6._.js:2415:9)
    at processBinaryChunk (http://localhost:3000/_next/static/chunks/node_modules_next_dist_compiled_react-server-dom-turbopack_164kp-6._.js:2524:221)
    at progress (http://localhost:3000/_next/static/chunks/node_modules_next_dist_compiled_react-server-dom-turbopack_164kp-6._.js:2698:20) @ http://localhost:3000/_next/static/chunks/node_modules_next_dist_1e8vcs8._.js:1052
[  247479ms] [ERROR] %c%s%c background: #e6e6e6;background: light-dark(rgba(0,0,0,0.1), rgba(255,255,255,0.25));color: #000000;color: light-dark(#000000, #ffffff);border-radius: 2px  Server   Error: MISSING_MESSAGE: Could not resolve `budget.missingBudget` in messages for locale `en`.
    at renderMatchMessage (about://React/Server/D:%5C%D0%BF%D1%80%D0%BE%D0%B5%D0%BA%D1%82%D1%8B%5CUnikchoose%5C.next%5Cdev%5Cserver%5Cchunks%5Cssr%5C%5Broot-of-the-server%5D__1622ik9._.js?65:822:12)
    at ProgrammeCard (about://React/Server/D:%5C%D0%BF%D1%80%D0%BE%D0%B5%D0%BA%D1%82%D1%8B%5CUnikchoose%5C.next%5Cdev%5Cserver%5Cchunks%5Cssr%5C%5Broot-of-the-server%5D__1622ik9._.js?70:1102:203)
    at resolveErrorDev (http://localhost:3000/_next/static/chunks/node_modules_next_dist_compiled_react-server-dom-turbopack_164kp-6._.js:1937:105)
    at getOutlinedModel (http://localhost:3000/_next/static/chunks/node_modules_next_dist_compiled_react-server-dom-turbopack_164kp-6._.js:1487:28)
    at parseModelString (http://localhost:3000/_next/static/chunks/node_modules_next_dist_compiled_react-server-dom-turbopack_164kp-6._.js:1602:50)
    at reviveModel (http://localhost:3000/_next/static/chunks/node_modules_next_dist_compiled_react-server-dom-turbopack_164kp-6._.js:2544:66)
    at parseModel (http://localhost:3000/_next/static/chunks/node_modules_next_dist_compiled_react-server-dom-turbopack_164kp-6._.js:2539:16)
    at initializeModelChunk (http://localhost:3000/_next/static/chunks/node_modules_next_dist_compiled_react-server-dom-turbopack_164kp-6._.js:1100:25)
    at getOutlinedModel (http://localhost:3000/_next/static/chunks/node_modules_next_dist_compiled_react-server-dom-turbopack_164kp-6._.js:1423:17)
    at parseModelString (http://localhost:3000/_next/static/chunks/node_modules_next_dist_compiled_react-server-dom-turbopack_164kp-6._.js:1657:50)
    at reviveModel (http://localhost:3000/_next/static/chunks/node_modules_next_dist_compiled_react-server-dom-turbopack_164kp-6._.js:2544:66)
    at reviveModel (http://localhost:3000/_next/static/chunks/node_modules_next_dist_compiled_react-server-dom-turbopack_164kp-6._.js:2547:61)
    at parseModel (http://localhost:3000/_next/static/chunks/node_modules_next_dist_compiled_react-server-dom-turbopack_164kp-6._.js:2539:16)
    at initializeModelChunk (http://localhost:3000/_next/static/chunks/node_modules_next_dist_compiled_react-server-dom-turbopack_164kp-6._.js:1100:25)
    at resolveConsoleEntry (http://localhost:3000/_next/static/chunks/node_modules_next_dist_compiled_react-server-dom-turbopack_164kp-6._.js:2069:96)
    at processFullStringRow (http://localhost:3000/_next/static/chunks/node_modules_next_dist_compiled_react-server-dom-turbopack_164kp-6._.js:2475:17)
    at processFullBinaryRow (http://localhost:3000/_next/static/chunks/node_modules_next_dist_compiled_react-server-dom-turbopack_164kp-6._.js:2415:9)
    at processBinaryChunk (http://localhost:3000/_next/static/chunks/node_modules_next_dist_compiled_react-server-dom-turbopack_164kp-6._.js:2524:221)
    at progress (http://localhost:3000/_next/static/chunks/node_modules_next_dist_compiled_react-server-dom-turbopack_164kp-6._.js:2698:20) @ http://localhost:3000/_next/static/chunks/node_modules_next_dist_1e8vcs8._.js:1052
[  247479ms] [ERROR] %c%s%c background: #e6e6e6;background: light-dark(rgba(0,0,0,0.1), rgba(255,255,255,0.25));color: #000000;color: light-dark(#000000, #ffffff);border-radius: 2px  Server   Error: MISSING_MESSAGE: Could not resolve `support.dormitory` in messages for locale `en`.
    at renderMatchMessage (about://React/Server/D:%5C%D0%BF%D1%80%D0%BE%D0%B5%D0%BA%D1%82%D1%8B%5CUnikchoose%5C.next%5Cdev%5Cserver%5Cchunks%5Cssr%5C%5Broot-of-the-server%5D__1622ik9._.js?65:822:12)
    at <anonymous> (about://React/Server/D:%5C%D0%BF%D1%80%D0%BE%D0%B5%D0%BA%D1%82%D1%8B%5CUnikchoose%5C.next%5Cdev%5Cserver%5Cchunks%5Cssr%5C%5Broot-of-the-server%5D__1622ik9._.js?73:1329:227)
    at Array.map (<anonymous>:1:18)
    at ProgrammeCard (about://React/Server/D:%5C%D0%BF%D1%80%D0%BE%D0%B5%D0%BA%D1%82%D1%8B%5CUnikchoose%5C.next%5Cdev%5Cserver%5Cchunks%5Cssr%5C%5Broot-of-the-server%5D__1622ik9._.js?74:1316:63)
    at resolveErrorDev (http://localhost:3000/_next/static/chunks/node_modules_next_dist_compiled_react-server-dom-turbopack_164kp-6._.js:1937:105)
    at getOutlinedModel (http://localhost:3000/_next/static/chunks/node_modules_next_dist_compiled_react-server-dom-turbopack_164kp-6._.js:1487:28)
    at parseModelString (http://localhost:3000/_next/static/chunks/node_modules_next_dist_compiled_react-server-dom-turbopack_164kp-6._.js:1602:50)
    at reviveModel (http://localhost:3000/_next/static/chunks/node_modules_next_dist_compiled_react-server-dom-turbopack_164kp-6._.js:2544:66)
    at parseModel (http://localhost:3000/_next/static/chunks/node_modules_next_dist_compiled_react-server-dom-turbopack_164kp-6._.js:2539:16)
    at initializeModelChunk (http://localhost:3000/_next/static/chunks/node_modules_next_dist_compiled_react-server-dom-turbopack_164kp-6._.js:1100:25)
    at getOutlinedModel (http://localhost:3000/_next/static/chunks/node_modules_next_dist_compiled_react-server-dom-turbopack_164kp-6._.js:1423:17)
    at parseModelString (http://localhost:3000/_next/static/chunks/node_modules_next_dist_compiled_react-server-dom-turbopack_164kp-6._.js:1657:50)
    at reviveModel (http://localhost:3000/_next/static/chunks/node_modules_next_dist_compiled_react-server-dom-turbopack_164kp-6._.js:2544:66)
    at reviveModel (http://localhost:3000/_next/static/chunks/node_modules_next_dist_compiled_react-server-dom-turbopack_164kp-6._.js:2547:61)
    at parseModel (http://localhost:3000/_next/static/chunks/node_modules_next_dist_compiled_react-server-dom-turbopack_164kp-6._.js:2539:16)
    at initializeModelChunk (http://localhost:3000/_next/static/chunks/node_modules_next_dist_compiled_react-server-dom-turbopack_164kp-6._.js:1100:25)
    at resolveConsoleEntry (http://localhost:3000/_next/static/chunks/node_modules_next_dist_compiled_react-server-dom-turbopack_164kp-6._.js:2069:96)
    at processFullStringRow (http://localhost:3000/_next/static/chunks/node_modules_next_dist_compiled_react-server-dom-turbopack_164kp-6._.js:2475:17)
    at processFullBinaryRow (http://localhost:3000/_next/static/chunks/node_modules_next_dist_compiled_react-server-dom-turbopack_164kp-6._.js:2415:9)
    at processBinaryChunk (http://localhost:3000/_next/static/chunks/node_modules_next_dist_compiled_react-server-dom-turbopack_164kp-6._.js:2524:221)
    at progress (http://localhost:3000/_next/static/chunks/node_modules_next_dist_compiled_react-server-dom-turbopack_164kp-6._.js:2698:20) @ http://localhost:3000/_next/static/chunks/node_modules_next_dist_1e8vcs8._.js:1052
[  247479ms] [ERROR] %c%s%c background: #e6e6e6;background: light-dark(rgba(0,0,0,0.1), rgba(255,255,255,0.25));color: #000000;color: light-dark(#000000, #ffffff);border-radius: 2px  Server   Error: MISSING_MESSAGE: Could not resolve `location.missingLocationPreference` in messages for locale `en`.
    at renderMatchMessage (about://React/Server/D:%5C%D0%BF%D1%80%D0%BE%D0%B5%D0%BA%D1%82%D1%8B%5CUnikchoose%5C.next%5Cdev%5Cserver%5Cchunks%5Cssr%5C%5Broot-of-the-server%5D__1622ik9._.js?65:822:12)
    at <anonymous> (about://React/Server/D:%5C%D0%BF%D1%80%D0%BE%D0%B5%D0%BA%D1%82%D1%8B%5CUnikchoose%5C.next%5Cdev%5Cserver%5Cchunks%5Cssr%5C%5Broot-of-the-server%5D__1622ik9._.js?71:1378:227)
    at Array.map (<anonymous>:1:18)
    at ProgrammeCard (about://React/Server/D:%5C%D0%BF%D1%80%D0%BE%D0%B5%D0%BA%D1%82%D1%8B%5CUnikchoose%5C.next%5Cdev%5Cserver%5Cchunks%5Cssr%5C%5Broot-of-the-server%5D__1622ik9._.js?72:1365:64)
    at resolveErrorDev (http://localhost:3000/_next/static/chunks/node_modules_next_dist_compiled_react-server-dom-turbopack_164kp-6._.js:1937:105)
    at getOutlinedModel (http://localhost:3000/_next/static/chunks/node_modules_next_dist_compiled_react-server-dom-turbopack_164kp-6._.js:1487:28)
    at parseModelString (http://localhost:3000/_next/static/chunks/node_modules_next_dist_compiled_react-server-dom-turbopack_164kp-6._.js:1602:50)
    at reviveModel (http://localhost:3000/_next/static/chunks/node_modules_next_dist_compiled_react-server-dom-turbopack_164kp-6._.js:2544:66)
    at parseModel (http://localhost:3000/_next/static/chunks/node_modules_next_dist_compiled_react-server-dom-turbopack_164kp-6._.js:2539:16)
    at initializeModelChunk (http://localhost:3000/_next/static/chunks/node_modules_next_dist_compiled_react-server-dom-turbopack_164kp-6._.js:1100:25)
    at getOutlinedModel (http://localhost:3000/_next/static/chunks/node_modules_next_dist_compiled_react-server-dom-turbopack_164kp-6._.js:1423:17)
    at parseModelString (http://localhost:3000/_next/static/chunks/node_modules_next_dist_compiled_react-server-dom-turbopack_164kp-6._.js:1657:50)
    at reviveModel (http://localhost:3000/_next/static/chunks/node_modules_next_dist_compiled_react-server-dom-turbopack_164kp-6._.js:2544:66)
    at reviveModel (http://localhost:3000/_next/static/chunks/node_modules_next_dist_compiled_react-server-dom-turbopack_164kp-6._.js:2547:61)
    at parseModel (http://localhost:3000/_next/static/chunks/node_modules_next_dist_compiled_react-server-dom-turbopack_164kp-6._.js:2539:16)
    at initializeModelChunk (http://localhost:3000/_next/static/chunks/node_modules_next_dist_compiled_react-server-dom-turbopack_164kp-6._.js:1100:25)
    at resolveConsoleEntry (http://localhost:3000/_next/static/chunks/node_modules_next_dist_compiled_react-server-dom-turbopack_164kp-6._.js:2069:96)
    at processFullStringRow (http://localhost:3000/_next/static/chunks/node_modules_next_dist_compiled_react-server-dom-turbopack_164kp-6._.js:2475:17)
    at processFullBinaryRow (http://localhost:3000/_next/static/chunks/node_modules_next_dist_compiled_react-server-dom-turbopack_164kp-6._.js:2415:9)
    at processBinaryChunk (http://localhost:3000/_next/static/chunks/node_modules_next_dist_compiled_react-server-dom-turbopack_164kp-6._.js:2524:221)
    at progress (http://localhost:3000/_next/static/chunks/node_modules_next_dist_compiled_react-server-dom-turbopack_164kp-6._.js:2698:20) @ http://localhost:3000/_next/static/chunks/node_modules_next_dist_1e8vcs8._.js:1052
[  247479ms] [ERROR] %c%s%c background: #e6e6e6;background: light-dark(rgba(0,0,0,0.1), rgba(255,255,255,0.25));color: #000000;color: light-dark(#000000, #ffffff);border-radius: 2px  Server   Error: MISSING_MESSAGE: Could not resolve `admission.deadlinePassed` in messages for locale `en`.
    at renderMatchMessage (about://React/Server/D:%5C%D0%BF%D1%80%D0%BE%D0%B5%D0%BA%D1%82%D1%8B%5CUnikchoose%5C.next%5Cdev%5Cserver%5Cchunks%5Cssr%5C%5Broot-of-the-server%5D__1622ik9._.js?65:822:12)
    at <anonymous> (about://React/Server/D:%5C%D0%BF%D1%80%D0%BE%D0%B5%D0%BA%D1%82%D1%8B%5CUnikchoose%5C.next%5Cdev%5Cserver%5Cchunks%5Cssr%5C%5Broot-of-the-server%5D__1622ik9._.js?71:1378:227)
    at Array.map (<anonymous>:1:18)
    at ProgrammeCard (about://React/Server/D:%5C%D0%BF%D1%80%D0%BE%D0%B5%D0%BA%D1%82%D1%8B%5CUnikchoose%5C.next%5Cdev%5Cserver%5Cchunks%5Cssr%5C%5Broot-of-the-server%5D__1622ik9._.js?72:1365:64)
    at resolveErrorDev (http://localhost:3000/_next/static/chunks/node_modules_next_dist_compiled_react-server-dom-turbopack_164kp-6._.js:1937:105)
    at getOutlinedModel (http://localhost:3000/_next/static/chunks/node_modules_next_dist_compiled_react-server-dom-turbopack_164kp-6._.js:1487:28)
    at parseModelString (http://localhost:3000/_next/static/chunks/node_modules_next_dist_compiled_react-server-dom-turbopack_164kp-6._.js:1602:50)
    at reviveModel (http://localhost:3000/_next/static/chunks/node_modules_next_dist_compiled_react-server-dom-turbopack_164kp-6._.js:2544:66)
    at parseModel (http://localhost:3000/_next/static/chunks/node_modules_next_dist_compiled_react-server-dom-turbopack_164kp-6._.js:2539:16)
    at initializeModelChunk (http://localhost:3000/_next/static/chunks/node_modules_next_dist_compiled_react-server-dom-turbopack_164kp-6._.js:1100:25)
    at getOutlinedModel (http://localhost:3000/_next/static/chunks/node_modules_next_dist_compiled_react-server-dom-turbopack_164kp-6._.js:1423:17)
    at parseModelString (http://localhost:3000/_next/static/chunks/node_modules_next_dist_compiled_react-server-dom-turbopack_164kp-6._.js:1657:50)
    at reviveModel (http://localhost:3000/_next/static/chunks/node_modules_next_dist_compiled_react-server-dom-turbopack_164kp-6._.js:2544:66)
    at reviveModel (http://localhost:3000/_next/static/chunks/node_modules_next_dist_compiled_react-server-dom-turbopack_164kp-6._.js:2547:61)
    at parseModel (http://localhost:3000/_next/static/chunks/node_modules_next_dist_compiled_react-server-dom-turbopack_164kp-6._.js:2539:16)
    at initializeModelChunk (http://localhost:3000/_next/static/chunks/node_modules_next_dist_compiled_react-server-dom-turbopack_164kp-6._.js:1100:25)
    at resolveConsoleEntry (http://localhost:3000/_next/static/chunks/node_modules_next_dist_compiled_react-server-dom-turbopack_164kp-6._.js:2069:96)
    at processFullStringRow (http://localhost:3000/_next/static/chunks/node_modules_next_dist_compiled_react-server-dom-turbopack_164kp-6._.js:2475:17)
    at processFullBinaryRow (http://localhost:3000/_next/static/chunks/node_modules_next_dist_compiled_react-server-dom-turbopack_164kp-6._.js:2415:9)
    at processBinaryChunk (http://localhost:3000/_next/static/chunks/node_modules_next_dist_compiled_react-server-dom-turbopack_164kp-6._.js:2524:221)
    at progress (http://localhost:3000/_next/static/chunks/node_modules_next_dist_compiled_react-server-dom-turbopack_164kp-6._.js:2698:20) @ http://localhost:3000/_next/static/chunks/node_modules_next_dist_1e8vcs8._.js:1052
[  247479ms] [ERROR] %c%s%c background: #e6e6e6;background: light-dark(rgba(0,0,0,0.1), rgba(255,255,255,0.25));color: #000000;color: light-dark(#000000, #ffffff);border-radius: 2px  Server   Error: MISSING_MESSAGE: Could not resolve `career.missingData` in messages for locale `en`.
    at renderMatchMessage (about://React/Server/D:%5C%D0%BF%D1%80%D0%BE%D0%B5%D0%BA%D1%82%D1%8B%5CUnikchoose%5C.next%5Cdev%5Cserver%5Cchunks%5Cssr%5C%5Broot-of-the-server%5D__1622ik9._.js?65:822:12)
    at <anonymous> (about://React/Server/D:%5C%D0%BF%D1%80%D0%BE%D0%B5%D0%BA%D1%82%D1%8B%5CUnikchoose%5C.next%5Cdev%5Cserver%5Cchunks%5Cssr%5C%5Broot-of-the-server%5D__1622ik9._.js?71:1378:227)
    at Array.map (<anonymous>:1:18)
    at ProgrammeCard (about://React/Server/D:%5C%D0%BF%D1%80%D0%BE%D0%B5%D0%BA%D1%82%D1%8B%5CUnikchoose%5C.next%5Cdev%5Cserver%5Cchunks%5Cssr%5C%5Broot-of-the-server%5D__1622ik9._.js?72:1365:64)
    at resolveErrorDev (http://localhost:3000/_next/static/chunks/node_modules_next_dist_compiled_react-server-dom-turbopack_164kp-6._.js:1937:105)
    at getOutlinedModel (http://localhost:3000/_next/static/chunks/node_modules_next_dist_compiled_react-server-dom-turbopack_164kp-6._.js:1487:28)
    at parseModelString (http://localhost:3000/_next/static/chunks/node_modules_next_dist_compiled_react-server-dom-turbopack_164kp-6._.js:1602:50)
    at reviveModel (http://localhost:3000/_next/static/chunks/node_modules_next_dist_compiled_react-server-dom-turbopack_164kp-6._.js:2544:66)
    at parseModel (http://localhost:3000/_next/static/chunks/node_modules_next_dist_compiled_react-server-dom-turbopack_164kp-6._.js:2539:16)
    at initializeModelChunk (http://localhost:3000/_next/static/chunks/node_modules_next_dist_compiled_react-server-dom-turbopack_164kp-6._.js:1100:25)
    at getOutlinedModel (http://localhost:3000/_next/static/chunks/node_modules_next_dist_compiled_react-server-dom-turbopack_164kp-6._.js:1423:17)
    at parseModelString (http://localhost:3000/_next/static/chunks/node_modules_next_dist_compiled_react-server-dom-turbopack_164kp-6._.js:1657:50)
    at reviveModel (http://localhost:3000/_next/static/chunks/node_modules_next_dist_compiled_react-server-dom-turbopack_164kp-6._.js:2544:66)
    at reviveModel (http://localhost:3000/_next/static/chunks/node_modules_next_dist_compiled_react-server-dom-turbopack_164kp-6._.js:2547:61)
    at parseModel (http://localhost:3000/_next/static/chunks/node_modules_next_dist_compiled_react-server-dom-turbopack_164kp-6._.js:2539:16)
    at initializeModelChunk (http://localhost:3000/_next/static/chunks/node_modules_next_dist_compiled_react-server-dom-turbopack_164kp-6._.js:1100:25)
    at resolveConsoleEntry (http://localhost:3000/_next/static/chunks/node_modules_next_dist_compiled_react-server-dom-turbopack_164kp-6._.js:2069:96)
    at processFullStringRow (http://localhost:3000/_next/static/chunks/node_modules_next_dist_compiled_react-server-dom-turbopack_164kp-6._.js:2475:17)
    at processFullBinaryRow (http://localhost:3000/_next/static/chunks/node_modules_next_dist_compiled_react-server-dom-turbopack_164kp-6._.js:2415:9)
    at processBinaryChunk (http://localhost:3000/_next/static/chunks/node_modules_next_dist_compiled_react-server-dom-turbopack_164kp-6._.js:2524:221)
    at progress (http://localhost:3000/_next/static/chunks/node_modules_next_dist_compiled_react-server-dom-turbopack_164kp-6._.js:2698:20) @ http://localhost:3000/_next/static/chunks/node_modules_next_dist_1e8vcs8._.js:1052
[  247480ms] [ERROR] %c%s%c background: #e6e6e6;background: light-dark(rgba(0,0,0,0.1), rgba(255,255,255,0.25));color: #000000;color: light-dark(#000000, #ffffff);border-radius: 2px  Server   Error: MISSING_MESSAGE: Could not resolve `format.missingPreference` in messages for locale `en`.
    at renderMatchMessage (about://React/Server/D:%5C%D0%BF%D1%80%D0%BE%D0%B5%D0%BA%D1%82%D1%8B%5CUnikchoose%5C.next%5Cdev%5Cserver%5Cchunks%5Cssr%5C%5Broot-of-the-server%5D__1622ik9._.js?65:822:12)
    at <anonymous> (about://React/Server/D:%5C%D0%BF%D1%80%D0%BE%D0%B5%D0%BA%D1%82%D1%8B%5CUnikchoose%5C.next%5Cdev%5Cserver%5Cchunks%5Cssr%5C%5Broot-of-the-server%5D__1622ik9._.js?71:1378:227)
    at Array.map (<anonymous>:1:18)
    at ProgrammeCard (about://React/Server/D:%5C%D0%BF%D1%80%D0%BE%D0%B5%D0%BA%D1%82%D1%8B%5CUnikchoose%5C.next%5Cdev%5Cserver%5Cchunks%5Cssr%5C%5Broot-of-the-server%5D__1622ik9._.js?72:1365:64)
    at resolveErrorDev (http://localhost:3000/_next/static/chunks/node_modules_next_dist_compiled_react-server-dom-turbopack_164kp-6._.js:1937:105)
    at getOutlinedModel (http://localhost:3000/_next/static/chunks/node_modules_next_dist_compiled_react-server-dom-turbopack_164kp-6._.js:1487:28)
    at parseModelString (http://localhost:3000/_next/static/chunks/node_modules_next_dist_compiled_react-server-dom-turbopack_164kp-6._.js:1602:50)
    at reviveModel (http://localhost:3000/_next/static/chunks/node_modules_next_dist_compiled_react-server-dom-turbopack_164kp-6._.js:2544:66)
    at parseModel (http://localhost:3000/_next/static/chunks/node_modules_next_dist_compiled_react-server-dom-turbopack_164kp-6._.js:2539:16)
    at initializeModelChunk (http://localhost:3000/_next/static/chunks/node_modules_next_dist_compiled_react-server-dom-turbopack_164kp-6._.js:1100:25)
    at getOutlinedModel (http://localhost:3000/_next/static/chunks/node_modules_next_dist_compiled_react-server-dom-turbopack_164kp-6._.js:1423:17)
    at parseModelString (http://localhost:3000/_next/static/chunks/node_modules_next_dist_compiled_react-server-dom-turbopack_164kp-6._.js:1657:50)
    at reviveModel (http://localhost:3000/_next/static/chunks/node_modules_next_dist_compiled_react-server-dom-turbopack_164kp-6._.js:2544:66)
    at reviveModel (http://localhost:3000/_next/static/chunks/node_modules_next_dist_compiled_react-server-dom-turbopack_164kp-6._.js:2547:61)
    at parseModel (http://localhost:3000/_next/static/chunks/node_modules_next_dist_compiled_react-server-dom-turbopack_164kp-6._.js:2539:16)
    at initializeModelChunk (http://localhost:3000/_next/static/chunks/node_modules_next_dist_compiled_react-server-dom-turbopack_164kp-6._.js:1100:25)
    at resolveConsoleEntry (http://localhost:3000/_next/static/chunks/node_modules_next_dist_compiled_react-server-dom-turbopack_164kp-6._.js:2069:96)
    at processFullStringRow (http://localhost:3000/_next/static/chunks/node_modules_next_dist_compiled_react-server-dom-turbopack_164kp-6._.js:2475:17)
    at processFullBinaryRow (http://localhost:3000/_next/static/chunks/node_modules_next_dist_compiled_react-server-dom-turbopack_164kp-6._.js:2415:9)
    at processBinaryChunk (http://localhost:3000/_next/static/chunks/node_modules_next_dist_compiled_react-server-dom-turbopack_164kp-6._.js:2524:221)
    at progress (http://localhost:3000/_next/static/chunks/node_modules_next_dist_compiled_react-server-dom-turbopack_164kp-6._.js:2698:20) @ http://localhost:3000/_next/static/chunks/node_modules_next_dist_1e8vcs8._.js:1052
[  247480ms] [ERROR] %c%s%c background: #e6e6e6;background: light-dark(rgba(0,0,0,0.1), rgba(255,255,255,0.25));color: #000000;color: light-dark(#000000, #ffffff);border-radius: 2px  Server   Error: MISSING_MESSAGE: Could not resolve `lifestyle.missingData` in messages for locale `en`.
    at renderMatchMessage (about://React/Server/D:%5C%D0%BF%D1%80%D0%BE%D0%B5%D0%BA%D1%82%D1%8B%5CUnikchoose%5C.next%5Cdev%5Cserver%5Cchunks%5Cssr%5C%5Broot-of-the-server%5D__1622ik9._.js?65:822:12)
    at <anonymous> (about://React/Server/D:%5C%D0%BF%D1%80%D0%BE%D0%B5%D0%BA%D1%82%D1%8B%5CUnikchoose%5C.next%5Cdev%5Cserver%5Cchunks%5Cssr%5C%5Broot-of-the-server%5D__1622ik9._.js?71:1378:227)
    at Array.map (<anonymous>:1:18)
    at ProgrammeCard (about://React/Server/D:%5C%D0%BF%D1%80%D0%BE%D0%B5%D0%BA%D1%82%D1%8B%5CUnikchoose%5C.next%5Cdev%5Cserver%5Cchunks%5Cssr%5C%5Broot-of-the-server%5D__1622ik9._.js?72:1365:64)
    at resolveErrorDev (http://localhost:3000/_next/static/chunks/node_modules_next_dist_compiled_react-server-dom-turbopack_164kp-6._.js:1937:105)
    at getOutlinedModel (http://localhost:3000/_next/static/chunks/node_modules_next_dist_compiled_react-server-dom-turbopack_164kp-6._.js:1487:28)
    at parseModelString (http://localhost:3000/_next/static/chunks/node_modules_next_dist_compiled_react-server-dom-turbopack_164kp-6._.js:1602:50)
    at reviveModel (http://localhost:3000/_next/static/chunks/node_modules_next_dist_compiled_react-server-dom-turbopack_164kp-6._.js:2544:66)
    at parseModel (http://localhost:3000/_next/static/chunks/node_modules_next_dist_compiled_react-server-dom-turbopack_164kp-6._.js:2539:16)
    at initializeModelChunk (http://localhost:3000/_next/static/chunks/node_modules_next_dist_compiled_react-server-dom-turbopack_164kp-6._.js:1100:25)
    at getOutlinedModel (http://localhost:3000/_next/static/chunks/node_modules_next_dist_compiled_react-server-dom-turbopack_164kp-6._.js:1423:17)
    at parseModelString (http://localhost:3000/_next/static/chunks/node_modules_next_dist_compiled_react-server-dom-turbopack_164kp-6._.js:1657:50)
    at reviveModel (http://localhost:3000/_next/static/chunks/node_modules_next_dist_compiled_react-server-dom-turbopack_164kp-6._.js:2544:66)
    at reviveModel (http://localhost:3000/_next/static/chunks/node_modules_next_dist_compiled_react-server-dom-turbopack_164kp-6._.js:2547:61)
    at parseModel (http://localhost:3000/_next/static/chunks/node_modules_next_dist_compiled_react-server-dom-turbopack_164kp-6._.js:2539:16)
    at initializeModelChunk (http://localhost:3000/_next/static/chunks/node_modules_next_dist_compiled_react-server-dom-turbopack_164kp-6._.js:1100:25)
    at resolveConsoleEntry (http://localhost:3000/_next/static/chunks/node_modules_next_dist_compiled_react-server-dom-turbopack_164kp-6._.js:2069:96)
    at processFullStringRow (http://localhost:3000/_next/static/chunks/node_modules_next_dist_compiled_react-server-dom-turbopack_164kp-6._.js:2475:17)
    at processFullBinaryRow (http://localhost:3000/_next/static/chunks/node_modules_next_dist_compiled_react-server-dom-turbopack_164kp-6._.js:2415:9)
    at processBinaryChunk (http://localhost:3000/_next/static/chunks/node_modules_next_dist_compiled_react-server-dom-turbopack_164kp-6._.js:2524:221)
    at progress (http://localhost:3000/_next/static/chunks/node_modules_next_dist_compiled_react-server-dom-turbopack_164kp-6._.js:2698:20) @ http://localhost:3000/_next/static/chunks/node_modules_next_dist_1e8vcs8._.js:1052
